Sheet Row Number,Name,Arrondissement,Favorite,Cuisine,Vibe,Features,Address,Postal Code,Website,Google Place ID,Latitude,Longitude
2,19 SAINT ROCH.,1,,,,,"19 Rue Saint-Roch, 75001 Paris, France",75001,https://www.19saint-roch.com/,ChIJ6QNjzqBv5kcRdxkLUD7wcuA,48.8654006,2.3321869
4,Alfi's,1,,italian,casual,"lunch, late_night, cocktails","26 Rue du Mont Thabor, 75001 Paris, France",75001,https://www.alfis-paris.com/,ChIJKXIQTodv5kcRpBJj_8p8yb4,48.8663741,2.3272262
5,Alfred,1,,french,classic,good_for_groups,"8 Rue du Mont Thabor, 75001 Paris, France",75001,https://www.alfred-paris.com/,ChIJxe_7Nihv5kcRbFerQNdaEp4,48.8656226,2.3291059
110,Au Pied de Cochon,1,,,casual,,"6 Rue Coquillière, 75001 Paris, France",75001,https://www.pieddecochon.com/,ChIJQQtKZyJu5kcRhXhHvOUt3To,48.8635176,2.3437221
113,Benihana Paris,1,,wine_bar,casual,,"163 Rue Saint-Honoré, 75001 Paris, France",75001,https://www.benihana.fr/,ChIJTSd1Ig9v5kcRXjZxuSYVoeg,48.863471,2.3348465
69,Bistro les Artizans,1,,"bakery, bistro","casual, classic",,"30 Rue Montorgueil, 75001 Paris, France",75001,http://lesartizans.fr/,ChIJ_5qDXxhu5kcRiJhbIQOAZr4,48.8637686,2.3465503
79,Bistro Mee,1,,bistro,"casual, classic",,"5 Rue d'Argenteuil, 75001 Paris, France",75001,https://lefooding.com/restaurants/restaurant-bistrot-mee-paris,ChIJHXZBfCVu5kcRJ9vT1b9opEc,48.8645247,2.3338876
107,Boutique yam'Tcha,1,,,casual,,"4 Rue Sauval, 75001 Paris, France",75001,https://www.yamtcha.com/reservations.html,ChIJsWggLCJu5kcRdLsT5Rd6Wsw,48.8617019,2.3424475
170,Brasserie Flottes,1,,,,,"2 Rue Cambon, 75001 Paris, France",75001,https://brasserieflottes.fr/fr,ChIJDeI4Jx9v5kcRItEpEe0E6jo,48.8662906,2.3253452
13,Café Joséphine,1,,cafe,casual,,"3 Pl. des Deux Ecus, 75001 Paris, France",75001,https://www.cafe-josephine.fr/,ChIJdd2yjVhv5kcR40Ab9Db4mBI,48.8628067,2.3413233
14,Café Kitsuné Louvre,1,,"bakery, cafe",casual,,"2 Pl. André Malraux, 75001 Paris, France",75001,https://maisonkitsune.com/mk/find-a-store/cafe-kitsune-vertbois-2,ChIJzXNG3Ehv5kcRrlMHyynIcWY,48.8640368,2.3357595
793,Café Lapérouse Concorde,1,,cafe,casual,,"2 Pl. de la Concorde, 75001 Paris, France",75001,https://cafelaperouse.com/,ChIJy0uxFbFv5kcRY5pz2Ruz8aM,48.8667698,2.3229809
556,Campelli,1,,,,,"36 Rue Croix des Petits Champs, 75001 Paris, France",75001,https://campelli.paris/en/main-home-english,ChIJKbov-Vxv5kcRK4hmgE5Kdbc,48.8642735,2.3402922
17,Central Park,1,,,,,"5 Rue du Jour, 75001 Paris, France",75001,http://cpcafe.paris/,ChIJyx4fd7dv5kcRI_AtgAIpwOs,48.8635653,2.3441362
19,CHARBON KUNITORAYA,1,,,,,"5 Rue Villédo, 75001 Paris, France",75001,https://kunitoraya.com/#restaurant,ChIJHUT1gkBv5kcRZ95ZsUdWzoc,48.866209,2.336266
21,Chez Vong,1,,,,,"10 Rue de la Grande Truanderie, 75001 Paris, France",75001,http://www.chez-vong.com/,ChIJ6c5NExlu5kcRQNbXZzZ41JM,48.862824,2.349202
22,Cloche Paris,1,,,,,"1 Rue Coq Héron, 75001 Paris, France",75001,https://www.cloche-paris.com/,ChIJa5rJE25v5kcRyOBfnhknMQU,48.8642326,2.3418651
23,Clover Grill,1,,,,,"6 Rue Bailleul, 75001 Paris, France",75001,https://xn--jeanfranoispiege-jpb.com/clover-grill,ChIJP_BofyFu5kcRWFi09oBCEDE,48.8610135,2.3419764
24,Comptoir de la Gastronomie,1,,,,,"34 Rue Montmartre, 75001 Paris, France",75001,https://comptoirdelagastronomie.com/le-restaurante,ChIJHQXzdhhu5kcR44cVFMAi95c,48.8645528,2.345431
1320,Dai Dai,1,,,,,"31 Rue des Petits Champs, 75001 Paris, France",75001,https://dai-dai.fr/fr,ChIJbxvhubhv5kcRDJbc-9i8dI0,48.8667088,2.3367826
116,Daimant Saint-Honoré,1,,,,,"24 Pl. du Marché Saint-Honoré, 75001 Paris, France",75001,https://www.daimant.co/daimant-saint-honore.html,ChIJE9BOjHlv5kcR67IO4w_fOfk,48.8664314,2.3321146
87,Domaine National du Palais-Royal,1,,,,,"75001 Paris, France",75001,https://palaisroyalrestaurant.com/?lang=en,ChIJR3122B9u5kcR9RZ_OWxSy80,48.8637569,2.3371261
28,Eats Thyme,1,,,casual,,"44 Rue Coquillière, 75001 Paris, France",75001,https://www.eatsthyme.com/,ChIJm28ylHBv5kcRPXdmMOyZEOs,48.8646973,2.3406711
31,ELSE,1,,,,,"49 Rue Berger, 75001 Paris, France",75001,https://elseparis.fr/,ChIJU21eyyNu5kcRO6xfeBIiwMc,48.8621721,2.3421815
32,Ernest Samaritaine - La boulangerie par Eric Kayser,1,,"bakery, wine_bar",casual,,"25 R. de la Monnaie, 75001 Paris, France",75001,https://www.ernest-samaritaine.com/,ChIJUwpHIIBv5kcRhOJAwG9b96E,48.8600055,2.343288
33,Florida,1,,,,,"1 Rue Montorgueil, 75001 Paris, France",75001,https://florida-leshalles.com/,ChIJPeeOgHlv5kcRJOcc2neX1ts,48.8633138,2.3462112
34,Foujita,1,,,,,"41 Rue Saint-Roch, 75001 Paris, France",75001,https://www.facebook.com/Foujita-290506878030561/,ChIJZYQe4S9u5kcRKcPdvxzz9KM,48.8663902,2.3328129
35,Granite,1,,,,,"6 Rue Bailleul, 75001 Paris, France",75001,https://granite.paris/,ChIJ63m1Hxpv5kcRtffG6PtiUyY,48.8610438,2.3419215
36,Ha Noi 1988,1,,,,,"72 Quai des Orfèvres, 75001 Paris, France",75001,https://www.viet-eat.com/,ChIJDdzV7t5v5kcRv37QYTlQqNU,48.8567772,2.3416032
37,Hakata Choten,1,,,,,"53 Rue des Petits Champs, 75001 Paris, France",75001,http://www.hakata-choten.com/en,ChIJF9kbsDpu5kcR6PMId-ORFLc,48.8671431,2.3348348
40,HANDO Parisian Handroll Vendôme,1,,,,,"25 Rue Danielle Casanova, 75001 Paris, France",75001,https://www.hando-paris.com/,ChIJkxhyz5Jv5kcRmrN6l-yn_FE,48.8679542,2.3314788
42,Higuma,1,,,,,"32bis Rue Sainte-Anne, 75001 Paris, France",75001,http://higuma.fr/,ChIJdWYFyzpu5kcRjJcegWGZP_4,48.8665886,2.3357844
43,Il Fico,1,,,,,"31 Rue Coquillière, 75001 Paris, France",75001,http://ilficoparis.com/,ChIJZyq4CyNu5kcRdm8-pUIFS2E,48.8642547,2.341323
45,Ippudo,1,,,casual,,"74-76 Rue Jean-Jacques Rousseau, 75001 Paris, France",75001,https://www.ippudo.fr/info,ChIJmTXzmiJu5kcRGUdMHHuPaNs,48.8645486,2.3447129
50,Kitchen by Madame Rêve,1,,,casual,,"48 Rue du Louvre, 75001 Paris, France",75001,https://madamereve.com/en/restaurants/kitchen,ChIJz8VyBp1v5kcR--8D7SDjnOs,48.8646036,2.3429749
51,Kodawari Ramen (Tsukiji),1,,ramen,casual,,"12 Rue de Richelieu, 75001 Paris, France",75001,https://www.kodawari-ramen.com/kodawari-tsukiji-la-carte,ChIJme1o5vVv5kcRzuT1Uxyk-Rc,48.8643421,2.3362452
54,L'Express Bar,1,,"cafe, wine_bar",casual,,"23 Rue du Roule, 75001 Paris, France",75001,https://www.timeout.fr/paris/restaurants/lexpress-bar,ChIJ30tw9iFu5kcRdVy8yT18FZY,48.8611232,2.3438129
738,La Plume Rive Droite,1,,wine_bar,casual,,"43 Rue Étienne Marcel, 75001 Paris, France",75001,https://restaurantplume.com/,ChIJV16fXohv5kcRADqJT73ahsM,48.8648618,2.3442388
57,La Poule au Pot,1,,,,,"9 Rue Vauvilliers, 75001 Paris, France",75001,https://xn--jeanfranoispiege-jpb.com/la-poule-au-pot,ChIJ0WI5IyJu5kcRzsRZXnwIp5Y,48.8618061,2.3432436
58,La Régalade Saint-Honoré,1,,,,,"106 Rue Saint-Honoré, 75001 Paris, France",75001,https://laregalade.paris/,ChIJ6Vwo1CNu5kcR_jILVmRUmZk,48.8616807,2.3420098
61,La Tour Montlhéry - Chez Denise,1,,,,,"5 Rue des Prouvaires, 75001 Paris, France",75001,https://www.paris-bistro.com/choisir/paris1/la-tour-de-montlhery-chez-denise,ChIJ926DHCJu5kcR5LTgZLnzNnM,48.861534,2.344001
62,Le Baudelaire,1,,,,,"6-8 Rue Duphot, 75001 Paris, France",75001,https://www.lebaudelaire.com/restaurant,ChIJVRVD9TJu5kcRQCd0qAUtx-I,48.8681212,2.3258002
63,Le Bistrot des Halles,1,,bistro,"casual, classic",,"15 Rue des Halles, 75001 Paris, France",75001,https://www.instagram.com/accounts/login/?next=https%3A%2F%2Fwww.instagram.com%2Flebistrotdeshalles%2F%3Fhl%3Den&is_from_rle,ChIJGyNTPh9u5kcRRw4VmhA-pSs,48.8601029,2.3462422
117,Le Cochon à l’Oreille,1,,,,,"15 Rue Montmartre, 75001 Paris, France",75001,https://www.lecochonaloreille.com/,ChIJvfLBdxhu5kcRhRVE1gUCuIQ,48.864467,2.345169
118,Le Louchebem,1,,,,,"31 Rue Berger angle, 10 Rue des Prouvaires, 75001 Paris, France",75001,https://www.le-louchebem.fr/,ChIJpdgWBSJu5kcR8nN4AlM6PPo,48.8616164,2.3443637
64,Le Nemours,1,,"cafe, wine_bar",casual,,"2 à 7 Galerie de Nemours, 2 Place Colette, 75001 Paris, France",75001,https://www.lenemours.paris/,ChIJvYAMtCVu5kcRmAVmbFzjizg,48.8630568,2.3365269
65,Le Petit Bouillon Pharamond,1,,,,,"24 Rue de la Grande Truanderie, 75001 Paris, France",75001,https://www.petitbouillonpharamond.com/,ChIJRcSln6lv5kcRlLWcSVj4QGE,48.8630418,2.3485455
66,Le Roch Hotel & Spa,1,,wine_bar,casual,,"28 Rue Saint-Roch, 75001 Paris, France",75001,https://www.leroch-hotel.com/fr/restaurant-bar,ChIJsagz4S9u5kcRxvJ5eKKVkyU,48.8661957,2.3328756
218,Le Rubis,1,,,,,"10 Rue du Marché Saint-Honoré, 75001 Paris, France",75001,https://www.facebook.com/Le-Rubis-964093417031887/,ChIJq7xv1C9u5kcRvWJSB4VSl_0,48.866177,2.331403
119,Le Sand,1,,,,,"7 Rue Rouget de Lisle, 75001 Paris, France",75001,https://www.lesand-paris.com/,ChIJYS4FQA1v5kcRcJ28t4yklDo,48.866274,2.3263287
68,Le Tout-Paris,1,,,,,"8 Quai du Louvre, 75001 Paris, France",75001,https://www.letoutparis.fr/,ChIJxYJUC2lv5kcRlhdpWba_aGU,48.8587493,2.3422529
1019,Les Petits Bateaux,1,,,,,"Grand bassin octogonal, Jardin des Tuileries, 75001 Paris, France",75001,http://www.les-petits-bateaux.fr/,ChIJm6uW92Bv5kcRd3Kaj0Cx2OA,48.8643313,2.3248303
2218,Liquide,1,,,casual,,"39 Rue de l'Arbre Sec, 75001 Paris, France",75001,https://www.liquide.paris/,ChIJIUPzvsJv5kcROYwo97Lmxhw,48.8609782,2.342335
72,Loulou,1,,wine_bar,casual,,"107 Rue de Rivoli, 75001 Paris, France",75001,https://www.louloufriendlydiner.com/,ChIJ_QwlZC9u5kcRM4LKKEFIOTE,48.8628651,2.333541
382,Maison Philippe Conticini Paris 1er,1,,bakery,casual,,"27 Pl. Dauphine, 75001 Paris, France",75001,https://philippeconticini.fr/,ChIJ80nQ51Bv5kcRT4Sx54Bqz1I,48.8568011,2.3417228
855,Maison Ruggieri Palais Royal,1,,,,,"111 Gal de Valois, 75001 Paris, France",75001,https://maisonruggieri.fr/,ChIJtSN-XgBv5kcRBDLZcMnHOX0,48.865738,2.3389479
76,MAR'CO,1,,,,,"4 Rue de la Sourdière, 75001 Paris, France",75001,,ChIJcc3Xfglv5kcRCOd0Zoh5w84,48.8652743,2.3318036
728,Marcelle - Rue Montmartre,1,,bakery,casual,,"22 Rue Montmartre, 75001 Paris, France",75001,https://restaurantmarcelle.fr/fr/etablissements/8605761011376455681,ChIJy7d0fBhu5kcRvVhoGx-c5X4,48.8641318,2.3456537
1256,MARTHA - MAISON DE COIFFEURS,1,,,,,"8 Quai de la Mégisserie, 75001 Paris, France",75001,https://www.marthaparis10.fr/,ChIJ620K_aJv5kcR2ZU3m5DvWlA,48.8579813,2.3449691
235,Menkicchi Ramen,1,,ramen,casual,,"41 Rue Sainte-Anne, 75001 Paris, France",75001,https://menkicchi.kintarogroup.com/,ChIJq99pfklv5kcRm0NDwGCXyjo,48.8665213,2.335564
112,Micho,1,,,,,"46 Rue de Richelieu, 75001 Paris, France",75001,https://micho.fr/en,ChIJx5WIniJv5kcRCrrYPA2GkKk,48.8660933,2.3371774
631,Mimi,1,,,,,"31 Rue de Richelieu, 75001 Paris, France",75001,https://www.mimicaveamanger.fr/,ChIJCSw5YKdv5kcRfZM8ruJZuWg,48.8651876,2.3364082
81,NHOME,1,,,,,"41 Rue de Montpensier, 75001 Paris, France",75001,https://www.nhomeparis.com/,ChIJxcBu_PVv5kcRHZkD-hm_UEE,48.8660068,2.3373514
82,Nodaïwa,1,,,,,"272 Rue Saint-Honoré, 75001 Paris, France",75001,https://www.nodaiwa.com/,ChIJy3iVhC9u5kcR1cCYgwGPi3A,48.8643923,2.3332525
83,NOLINSKI LE RESTAURANT,1,,,,,"16 Av. de l'Opéra, 75001 Paris, France",75001,https://nolinskiparis.com/restaurants/nolinski-le-restaurant-gastronomique,ChIJba0ODQBv5kcRjn9S8UfE4_g,48.8654943,2.3347689
86,On the Bab Paris,1,,,,,"18 Rue Thérèse, 75001 Paris, France",75001,http://onthebab.com/?page_id=13,ChIJe9sLLKdv5kcRZdbKgdRlo84,48.8663928,2.335137
88,PEPPE PIZZERIA Etienne Marcel,1,,,casual,,"11 Rue Étienne Marcel, 75001 Paris, France",75001,https://peppe.pizza/peppe-etienne-marcel,ChIJSUc5XgBv5kcRyqpIzLiiYHc,48.8634569,2.3500174
90,Phở Bánh Cuốn 14 (PHO 14 Opéra),1,,,,,"17 Rue Molière, 75001 Paris, France",75001,https://pho14paris.fr/fr/opera,ChIJqUStPSVu5kcRW8mENl0MI9U,48.8652945,2.336067
93,PITANGA,1,,,,,"11 Rue Jean-Jacques Rousseau, 75001 Paris, France",75001,https://www.pitanga-paris.com/,ChIJv7TFYnZv5kcR3srCnDW04Xw,48.862403,2.3402056
48,Restaurant Kei,1,,,,,"5 Rue Coq Héron, 75001 Paris, France",75001,http://www.restaurant-kei.fr/,ChIJqTnaAiNu5kcRQsRFgf8qeoA,48.864358,2.3420827
39,Restaurant La Halle aux Grains,1,,cafe,casual,,"2 Rue de Viarmes, 75001 Paris, France",75001,https://www.halleauxgrains.bras.fr/,ChIJWU_367Fv5kcRvjy7VAbM9G4,48.8629365,2.3423588
85,Restaurant Omar Dhiab,1,,,,,"23 Rue Hérold, 75001 Paris, France",75001,https://omardhiab.com/,ChIJR7fpoO5v5kcRlFje00R0PpI,48.8651795,2.3418771
248,Restaurant Pantagruel Paris,1,,,,,"10 Rue de Richelieu, 75001 Paris, France",75001,https://www.restaurant-pantagruel.com/,ChIJdwLJVERv5kcRzAkzVCFMhBc,48.8641807,2.3362644
97,Restaurant Saudade,1,,,,,"34 Rue des Bourdonnais, 75001 Paris, France",75001,http://www.restaurantsaudade.fr/,ChIJ3WGg_Ahv5kcR2VErcAgAlCg,48.860176,2.34535
100,Restaurant Tracé,1,,,casual,,"15 Rue de Richelieu, 75001 Paris, France",75001,https://www.xn--restaurant-trac-pnb.com/,ChIJlWVr9v9v5kcR2ecnPPpaWF8,48.8642796,2.336053
115,Saint Laurent Sushi Park Paris,1,,sushi,casual,,"8 Rue du 29 Juillet, 75001 Paris, France",75001,https://sushiparkparis.ysl.com/fr,ChIJB55WIlpv5kcRgHRk3O6EnTU,48.8651755,2.3307538
95,Sanjo,1,,,,,"29 Rue d'Argenteuil, 75001 Paris, France",75001,,ChIJq6yp4y9u5kcRzBU3b4_YuH4,48.8663375,2.3331631
96,Sanukiya,1,,,,,"9 Rue d'Argenteuil, 75001 Paris, France",75001,https://www.facebook.com/sanukiyaparis,ChIJGbFqiC9u5kcR0nLp3lnjiAc,48.864718,2.333787
98,Sfacciata,1,,,,,"7 Rue du 29 Juillet, 75001 Paris, France",75001,https://sfacciata.com/,ChIJ4XZMTO9v5kcRpmDjv_v9r2c,48.865187,2.3304679
99,Siena Paris,1,,,,,"35 Pl. du Marché Saint-Honoré, 75001 Paris, France",75001,https://restaurantsiena.com/,ChIJIdvGkX5v5kcRQ1FTWUnyJxo,48.8675776,2.3319743
103,Uno,1,,,,,"37 Rue Berger, 75001 Paris, France",75001,https://unoparis.com/,ChIJPfCHRcBv5kcRiRWUVfoX4n0,48.8618491,2.3435847
105,Voyage Samaritaine,1,,,,,"9 R. de la Monnaie, 75001 Paris, France",75001,https://www.voyagesamaritaine.com/fr,ChIJscBCsGhv5kcRMZOnHi6tc28,48.8586985,2.3420924
15,Yam'Tcha Bistrot,1,,,"casual, classic",,"7 Rue du Jour, 75001 Paris, France",75001,https://www.yamtcha.com/reservations.html,ChIJwzUxYiJu5kcRL_AV_Y_YiD0,48.8635584,2.3442057
900,Zapi,1,,,,,"7 Rue du 29 Juillet, 75001 Paris, France",75001,https://www.zapi-paris.com/,ChIJhUvTzMJv5kcRo0CKqqyoNKI,48.865187,2.3304679
120,A. Noste,2,,wine_bar,casual,,"6 bis Rue du 4 septembre, 75002 Paris, France",75002,https://www.a-noste.com/,ChIJ506OnDtu5kcRZFKeLdL6CT8,48.8692122,2.339169
121,ACCENTS table bourse,2,,,,,"24 Rue Feydeau, 75002 Paris, France",75002,https://accents-restaurant.com/,ChIJCfSJczxu5kcR5iWOIrx0RLg,48.8699637,2.3403472
123,Alma - Corse & Tapas,2,,wine_bar,casual,,"10 Rue Mandar, 75002 Paris, France",75002,https://www.restaurant-alma.fr/,ChIJ-Xn19HFv5kcRUNjiHWBd2yY,48.8657439,2.3458021
124,ASADO,2,,,,,"6 Pass. des Panoramas, 75002 Paris, France",75002,https://www.asadoparis.com/,ChIJi1_un19v5kcRZZfpUApeeeo,48.8713088,2.341885
125,Astair,2,,,,,"19 Pass. des Panoramas, 75002 Paris, France",75002,https://www.astair.paris/,ChIJBfcNFeFv5kcRFebi5QaURWY,48.8708515,2.3417521
296,Au Rocher de Cancale,2,,,,,"78 Rue Montorgueil, 75002 Paris, France",75002,https://aurocherdecancale.shop/,ChIJUTbSJBhu5kcRPvnLYEkhHgM,48.8655795,2.3471713
126,Aux Crus de Bourgogne,2,,,,,"3 Rue Bachaumont, 75002 Paris, France",75002,http://www.auxcrusdebourgogne.com/,ChIJtdLOGBhu5kcRwPqBdu55yjM,48.8658261,2.3465718
127,Aux Lyonnais,2,,,,,"32 Rue Saint-Marc, 75002 Paris, France",75002,https://www.auxlyonnais.com/,ChIJQRZQ6Dtu5kcR-0r2malRDQw,48.870741,2.338718
302,Babi,2,,,,,"11 Rue Mandar, 75002 Paris, France",75002,https://www.babirestaurant.fr/,ChIJyfgOmH5v5kcR5RHYr1AtHCc,48.8656663,2.3452016
128,Babille - Restaurant Festif & Bar de Nuit,2,,,,,"35 Bd de Bonne Nouvelle, 75002 Paris, France",75002,https://www.babille-restaurant.com/,ChIJIwI482Vv5kcR_lG24sRl1ig,48.8703656,2.348549
130,Bagnard,2,,,,,"7 Rue Saint-Augustin, 75002 Paris, France",75002,https://www.yonisaada.com/bagnard,ChIJ1TZhBjtu5kcRMxqBy0Kb5V8,48.8687302,2.3375569
131,Bambou,2,,,,,"23 Rue des Jeuneurs, 75002 Paris, France",75002,https://www.bambouparis.fr/,ChIJ__8PhT1u5kcR0iPz_AGQoIk,48.8693146,2.3449991
132,Big Black Cook,2,,,casual,,"5 Rue Tiquetonne, 75002 Paris, France",75002,https://bigblackcook.fr/histoire,ChIJFeyKXKtt5kcRcOoBj7k3v0s,48.8643012,2.3496497
144,Bistro Caminito,2,,"bistro, wine_bar","casual, classic",,"46 Rue de Cléry, 75002 Paris, France",75002,https://www.barrionorte.fr/bistrocaminito/en_GB,ChIJAb-jrhdu5kcRivcvUj0BLU8,48.8684019,2.3477227
262,Bistro Ramen Ryukishin,2,,"bistro, ramen","casual, classic",,"59 Rue de Richelieu, 75002 Paris, France",75002,http://www.ryukishin.com/,ChIJPd1ww8Nv5kcRU7akwEkW1i0,48.8669632,2.3373976
133,Bistro Volnay,2,,"bistro, wine_bar","casual, classic",,"8 Rue Volney, 75002 Paris, France",75002,https://www.bistro-volnay.fr/,ChIJL6VKdDFu5kcRHdZY7z6gq3s,48.869211,2.32986
134,Bistrot Vivienne,2,,bistro,"casual, classic",,"4 Rue des Petits Champs, 75002 Paris, France",75002,https://www.bistrotvivienne.com/,ChIJH1iNbLMh-kcRr5A4zRPWuSc,48.866238,2.339503
135,Bolo Bolo - Restaurant HongKongais Paris,2,,,,,"10 Rue Saint-Augustin, 75002 Paris, France",75002,https://boloboloparis.com/,ChIJFyPPvc9v5kcRSFMas-ZZhfg,48.8690075,2.3371394
136,BOMBA,2,,,,,"35 Bd de Bonne Nouvelle, 75002 Paris, France",75002,https://bombaparis.com/,ChIJj5jG0hlv5kcRZaSk9Csn_ek,48.870392,2.3484979
1124,BONHOMME Montorgueil | Barbier - Coiffeur et institut pour homme,2,,,,,"122 Rue St Denis, 75002 Paris, France",75002,https://bonhomme-resto.fr/,ChIJkyXJixlu5kcR0Zho3czZL3A,48.8647003,2.3503429
162,Brasserie Dubillot,2,,,,,"222 Rue St Denis, 75002 Paris, France",75002,https://nouvellegardegroupe.com/brasserie-dubillot/histoire,ChIJBy2KU1Fv5kcRPeBADiR3WzM,48.8680791,2.3519853
219,BRASSERIE LE TAMBOUR,2,,"cafe, wine_bar",casual,,"41 Rue Montmartre, 75002 Paris, France",75002,https://www.brasserieletambour.fr/,ChIJO1gvpCJu5kcRPD3aJQKITbc,48.865464,2.3446445
138,Brasserie Rosie Lou,2,,,,,"31 Bd de Bonne Nouvelle, 75002 Paris, France",75002,https://brasseriesalamode.com/brasserie-rosie-lou,ChIJE0OZV5Bv5kcRO85oMBPnrt8,48.8702844,2.348848
140,Café Compagnon,2,,cafe,casual,,"22-26 Rue Léopold Bellan, 75002 Paris, France",75002,https://www.cafecompagnon.com/pages/cafe-compagnon,ChIJm7G6N6xv5kcRLDH2ttwrhRs,48.8666463,2.3456536
141,Café Jeanne - Park Hyatt Paris-Vendôme,2,,"cafe, wine_bar",casual,,"5 Rue de la Paix, 75002 Paris, France",75002,https://www.hyatt.com/fr-FR/hotel/france/park-hyatt-paris-vendome/parph/dining,ChIJJ7rl4l1v5kcRykcwPKQAk5E,48.8689845,2.3301829
143,Cali Sisters,2,,,,,"17 Rue Notre Dame des Victoires, 75002 Paris, France",75002,https://calisisters.thecalisisters.com/,ChIJo9CVYNBv5kcR2SllpKNEVvw,48.8683282,2.3416534
297,Casa Pregonda,2,,,,,"6 Rue Marie Stuart, 75002 Paris, France",75002,https://www.casapregonda.com/,ChIJVz3pRgBv5kcRPI0QcbPF3Ps,48.865092,2.3482403
301,Chez Carrie,2,,wine_bar,casual,,"14 Rue Léopold Bellan, 75002 Paris, France",75002,https://chezcarrie.com/,ChIJIV1aKcJv5kcRbcT9zmwH3ck,48.8666409,2.3460472
146,Chez Georges,2,,,casual,,"1 Rue du Mail, 75002 Paris, France",75002,https://www.restaurantsparisiens.com/chez-georges?initDom=restaurant-chezgeorges.fr,ChIJs-Reyzxu5kcRsvCqiM8r90c,48.8664236,2.3412876
147,Chez Miki,2,,wine_bar,casual,,"5 Rue de Louvois, 75002 Paris, France",75002,,ChIJi3LO4jpu5kcRnLajp46aXyc,48.868292,2.336845
149,Chimère,2,,wine_bar,casual,,"22 Rue du 4 septembre, 75002 Paris, France",75002,https://chimere-4septembre.fr/,ChIJUdBXzBtv5kcRSkVuBK4Ryo8,48.8699055,2.3355164
150,Circonstances,2,,,,,"174 Rue Montmartre, 75002 Paris, France",75002,https://www.circonstances.fr/,ChIJH-7X6fRv5kcRm1AOqz6L-yo,48.8709238,2.343009
151,Club Cochon,2,,,,,"38 Pass. des Panoramas, 75002 Paris, France",75002,https://www.clubcochon.com/,ChIJ_15Ws2lv5kcR6XWRDeQ6jDc,48.8706522,2.341539
155,dalia,2,,wine_bar,casual,,"93 Rue Montmartre, 75002 Paris, France",75002,https://www.dalia-paris.com/,ChIJQ59MF1Vv5kcRKlVTAIyxIPI,48.867868,2.3435539
156,Dalmata Paris 2,2,,,,,"8 Rue Tiquetonne, 75002 Paris, France",75002,https://www.gruppodalmata.com/restaurant/dalmata,ChIJhaI0lhlu5kcRKhjcwYTrEmc,48.8645246,2.3494238
158,DAROCO Trattoria - Bourse,2,,,,,"6 Rue Vivienne, 75002 Paris, France",75002,https://www.daroco.fr/restaurant/daroco-bourse,ChIJP-sdWztu5kcRkRlPefMaauk,48.8671501,2.3392434
160,Dosanko Larmen,2,,,,,"40 Rue Sainte-Anne, 75002 Paris, France",75002,,ChIJtdhqzzpu5kcRQCjs96xXH5Q,48.8670513,2.3360108
159,Dépôt Légal Palais Royal,2,,cafe,casual,,"6 Rue des Petits Champs, 75002 Paris, France",75002,https://depotlegalparis.com/palais-royal,ChIJvVgYTTtu5kcRKm5IyS7zFzE,48.866357,2.3388302
163,Echo | All-Day Breakfast & Brunch | Coffee,2,,,,,"95 Rue d'Aboukir, 75002 Paris, France",75002,https://www.echo-paris.com/,ChIJ4c2fLhFu5kcR7G3ee168g6Q,48.8683367,2.3485047
167,FAGGIO PANORAMAS,2,,,,,"16 Pass. des Panoramas, 75002 Paris, France",75002,https://faggioparis.com/pages/adresses,ChIJr2aRDdNv5kcRAtGDJEwBB4A,48.8709759,2.3417261
168,"Filakia, Petit Café d'Athènes",2,,cafe,casual,,"9 Rue Mandar, 75002 Paris, France",75002,https://paris-athenes.fr/filakia,ChIJkU_SBxhu5kcRgMFivVSHEzk,48.8656658,2.3455297
169,Fleur de pavé,2,,,,,"5 Rue Paul Lelong, 75002 Paris, France",75002,http://www.fleurdepave.com/,ChIJd3fGOlBv5kcRbE41EBJjT-U,48.8676824,2.343369
171,Foodi Jia-Ba-Buay,2,,,,,"2 Rue du Nil, 75002 Paris, France",75002,https://www.foodi-jia-ba-buay.fr/,ChIJ4-g2CBdu5kcRzxXr5lJ9Bwg,48.8679351,2.3482779
172,FOR THE LOVE OF FOOD PARIS,2,,,,,"60 Rue de Cléry, 75002 Paris, France",75002,https://www.fortheloveoffood.paris/,ChIJEdsTfXtv5kcRbiJ16JHRSpU,48.8685901,2.3486652
145,FrenchParadox - Canard & Champagne,2,,,,,"57 Pass. des Panoramas, 75002 Paris, France",75002,https://www.frenchparadox.paris/,ChIJVXJIIDxu5kcRfsIFTjubQ2M,48.8712698,2.3415788
174,Gallopin,2,,,casual,,"40 Rue Notre Dame des Victoires, 75002 Paris, France",75002,https://gallopin.com/,ChIJyW6wknNv5kcRTdWzsViISUg,48.8688309,2.3421358
178,Groot,2,,bakery,casual,,"34 Rue Saint-Sauveur, rdc sur rue, 34 Rue Saint-Sauveur, 75002 Paris, France",75002,https://www.grootlatourte.com/,ChIJtftykvBv5kcRBbY9AbZXWtI,48.8663868,2.3474298
180,Guibine,2,,,,,"44 Rue Sainte-Anne, 75002 Paris, France",75002,https://kintarogroup.com/guibine,ChIJGXvzxDpu5kcRto8CMxIubEA,48.8672944,2.3361333
181,Gyoza Bar,2,,wine_bar,casual,,"56 Pass. des Panoramas, 75002 Paris, France",75002,https://www.gyozabar.fr/,ChIJb2SWIDxu5kcRKA7SC7qmH_M,48.8711353,2.3416809
182,Halo Paris,2,,,,,"12 Rue Saint-Sauveur, 75002 Paris, France",75002,https://www.halo-paris.com/,ChIJNVH4kgZv5kcRsh2C0-W-z9M,48.8660872,2.3489193
184,Hollywood Savoy,2,,wine_bar,casual,,"44 Rue Notre Dame des Victoires, 75002 Paris, France",75002,https://www.fitz-group.fr/hollywood-savoy-paris,ChIJpzMaVzxu5kcR50rPTer6_-4,48.8691067,2.3423135
185,Ibrik Kitchen,2,,,,,"9 Rue de Mulhouse, 75002 Paris, France",75002,https://ibrik.fr/,ChIJRbU8nF5v5kcR3qL68BVmvp8,48.868745,2.3467575
186,Iluma,2,,,,,"49 Rue Montmartre, 75002 Paris, France",75002,https://ilumaparis.com/,ChIJvZ08RnJv5kcRV5Mh8RVub_U,48.8657931,2.3445538
1512,IMPACT BERLINER KEBAP,2,,,,,"185 Rue St Denis, 75002 Paris, France",75002,,ChIJx3YmCQBv5kcRtpRvJpUIfOo,48.866041,2.3507171
188,Itacoa,2,,,,,"185 Rue St Denis, 75002 Paris, France",75002,https://www.itacoa.paris/,ChIJG__T_Rlu5kcRWxqx_Bl7jVA,48.8660337,2.3505642
284,Journey,2,,,,,"44 Rue des Petits Carreaux, 75002 Paris, France",75002,https://www.lovejourney.co/,ChIJF5wyeQBv5kcR4FgQ0saiRNo,48.868333,2.3477653
191,Jugaad - Restaurant Indien Paris 2,2,,,,,"16 Rue Favart, 75002 Paris, France",75002,https://jugaad.paris/,ChIJDbDihZ5v5kcRVDy9fVcY39s,48.8712318,2.3383504
194,Kitchen 32,2,,,,,"32 Rue Tiquetonne, 75002 Paris, France",75002,https://www.kitchen-izakaya.com/,ChIJ3R3099Bv5kcRLL5vrd630s8,48.8648109,2.3480456
288,Kiwa,2,,,,,"148 Rue Montmartre, 75002 Paris, France",75002,https://kiwaparis.com/,ChIJdYaZGBVv5kcRC0pDC4PxhYU,48.8694085,2.3431702
195,KUCCINI,2,,wine_bar,casual,,"165 Rue St Denis, 75002 Paris, France",75002,http://kuccini.net/,ChIJZ6Lq7hlu5kcRgr98_sCefbo,48.8652738,2.350291
291,Kuna Bada,2,,,,,"42 Rue d'Argout, 75002 Paris, France",75002,https://kuna-family.com/pages/kuna-bada,ChIJ_WilonJv5kcRwKs6Zodz8RQ,48.8658186,2.3435408
196,L'Altro Frenchie,2,,,casual,,"9 Rue du Nil, 75002 Paris, France",75002,https://www.laltro.fr/,ChIJvWmj4TZv5kcRjWXoyQlKnUw,48.8676638,2.3477564
200,La Bourse et La Vie,2,,,,,"12 Rue Vivienne, 75002 Paris, France",75002,http://www.labourselavie.com/,ChIJ2-nvXTtu5kcRzvMrLHhpJOI,48.8675961,2.3394775
201,La cantine des Pieds Nickelés,2,,,,,"120 Rue St Denis, 75002 Paris, France",75002,,ChIJHdeFjhlu5kcRlpMTb5Z7UGI,48.8646012,2.3503333
202,La Fontaine Gaillon,2,,wine_bar,casual,,"1 Rue de la Michodière, 75002 Paris, France",75002,https://www.lafontainegaillon.com/,ChIJpVKxcjBu5kcRLrQQdcnmZk4,48.869092,2.334237
203,La Grille Montorgueil,2,,"cafe, wine_bar",casual,,"50 Rue Montorgueil, 75002 Paris, France",75002,https://lagrille.paris/,ChIJjyJuQRhu5kcRfUJwOMKf_Z4,48.8647394,2.3468693
204,La Noceria,2,,,,,"58 Rue d'Aboukir, 75002 Paris, France",75002,https://www.lanoceria.com/,ChIJDdVHTahv5kcRP_lPUN-YtM8,48.8674228,2.3461087
205,La Petite Régalade,2,,,,,"14 Rue Daunou, 75002 Paris, France",75002,https://lapetiteregalade.com/,ChIJO7MUGzFu5kcRcYE08s7r6vo,48.869779,2.3312489
614,Le Bar du Bouillon,2,,,,,"19 Rue de Choiseul, 75002 Paris, France",75002,https://bardubouillon.com/,ChIJE4_zMQBv5kcRHoFA556znUs,48.8702981,2.3358041
206,Le Bougainville,2,,"cafe, wine_bar",casual,,"5 Rue de la Banque, 75002 Paris, France",75002,https://bougainville-restaurant.fr/,ChIJ15VQrDxu5kcRzTdFQhy2wvg,48.8665171,2.340083
208,Le Compas,2,,"cafe, wine_bar",casual,,"62 Rue Montorgueil, 75002 Paris, France",75002,https://lecompas-restaurant.com/,ChIJ_cAuPxhu5kcRru1DF106LN4,48.8651793,2.3470754
210,Le Grand Colbert,2,,,,,"2 Rue Vivienne, 75002 Paris, France",75002,https://www.legrandcolbert.fr/,ChIJpbKdWjtu5kcRQDSu42z_j_A,48.8666252,2.3390047
211,Le Mesturet,2,,wine_bar,casual,,"77 Rue de Richelieu, 75002 Paris, France",75002,https://www.lemesturet.com/,ChIJrZ7wnztu5kcRY2YMou4gGgs,48.869075,2.33853
212,Le Minet Galant,2,,,,,"8 Rue Monsigny, 75002 Paris, France",75002,https://www.leminetgalant.com/,ChIJffa_J-Jv5kcRRdzMlBL-kBc,48.8686643,2.3355026
213,Le Petit Bal,2,,,,,"36 Rue Léopold Bellan, 75002 Paris, France",75002,,ChIJNf2Q_K1v5kcRs8ece__lcTs,48.8667548,2.3447714
214,Le Petit Vendôme,2,,wine_bar,casual,,"8 Rue des Capucines, 75002 Paris, France",75002,https://lepetitvendome.fr/fr,ChIJPW-rnjFu5kcRp_F3bCVvBnU,48.8688059,2.3298044
300,Le Pompon,2,,,,,"25 Pl. de la Bourse, 75002 Paris, France",75002,https://www.sortiraparis.com/hotel-restaurant/restaurant/articles/331037-pompon-nouveau-restaurant-festif-paris-society-palais-brongniart-paris-2,ChIJbXjTDgBv5kcRZpzWq3wv9tI,48.868911,2.3410577
217,Le presque bout du monde,2,,,,,"18 Rue Léopold Bellan, 75002 Paris, France",75002,https://www.lepresqueboutdumonde.com/,ChIJXbFR_TNv5kcRBQxOKnthPe8,48.8666855,2.3457873
216,Le Préaumur,2,,cafe,casual,,"1 Pl. de la Bourse, 75002 Paris, France",75002,https://www.lepreaumur.fr/,ChIJtalK9zxu5kcRW53kP6cSoEM,48.8684459,2.3417099
220,Les Amis Des Messina,2,,,,,"81 Rue Réaumur, 75002 Paris, France",75002,https://restaurant.lesamisdesmessina.com/reaumur,ChIJIdDHeRdu5kcRLRxmV3kYap0,48.8669251,2.3483963
222,Les Causeurs,2,,,,,"170 Rue Montmartre, 75002 Paris, France",75002,https://lescauseursparis.fr/,ChIJs-14sJVv5kcR6tVhd8ZahuE,48.8707561,2.3430294
223,Les Noces de Jeannette,2,,,,,"14 Rue Favart, 75002 Paris, France",75002,https://en.lesnocesdejeannette.com/,ChIJp67c2ztu5kcRRO432URsoDc,48.8711037,2.3382365
294,Leven,2,,,,,"110 Rue Montmartre, 75002 Paris, France",75002,https://leven-restaurant.com/,ChIJO6vg8H5v5kcR3aErJ4y7V-o,48.8675982,2.3440646
224,Little Havana - Street Food Paris 02,2,,,casual,,"67 Rue d'Argout, 75002 Paris, France",75002,https://little-havana.site.bykomdab.com/,ChIJYQX8MrFv5kcR3Vxlomy0Frk,48.8661829,2.3440249
225,Liza,2,,,,,"14 Rue de la Banque, 75002 Paris, France",75002,https://www.restaurant-liza.com/,ChIJuQ3fvTxu5kcR6h8OofAEJYA,48.8676068,2.3408224
226,LOMBEM,2,,,,,"22 Pass. des Panoramas, 75002 Paris, France",75002,https://www.lombem.paris/?lang=en,ChIJp28qPTxu5kcRtknW5nMpmGw,48.8707331,2.3417383
228,Maafim,2,,,,,"5 Rue des Forges, 75002 Paris, France",75002,https://linktr.ee/salatim_maafim,ChIJf6JPiRlv5kcR9FawRnM_kZY,48.8678905,2.3488372
232,Manhattn's Burgers,2,,,,,"59 Rue Montorgueil 59, 75002 Paris, France",75002,https://www.manhattns.com/location/montorgueil,ChIJzU1qLDxv5kcRUPtgnXnjLbY,48.8656377,2.3468396
234,Mari mari,2,,,,,"23 Rue d'Antin, 75002 Paris, France",75002,,ChIJP8Z_Y6lv5kcRvnQnhVlayHM,48.8694614,2.3338249
237,Mex'iik,2,,wine_bar,casual,,"1 Rue de Marivaux, 75002 Paris, France",75002,https://www.mexiik.com/,ChIJRVRgwhVv5kcRC8v7xG172_g,48.8705315,2.3372243
241,Montecito,2,,,,,"27 - 29 Bd des Capucines, 75002 Paris, France",75002,https://montecitoparis.com/,ChIJmUvQT1Bv5kcR79OwJXUw4eE,48.8702617,2.3307177
230,Mắm From Hanoï,2,,,,,"39 Rue de Cléry, 75002 Paris, France",75002,https://mamfromhanoi.com/,ChIJfecnzi9v5kcRGrNiqAWlNNQ,48.8686761,2.3483649
246,Omurice,2,,,,,"10 Rue de Port-Mahon, 75002 Paris, France",75002,https://omurice.fr/,ChIJI2k-FWtv5kcRvEuj8hQkQrk,48.8696775,2.3341349
247,Oranta,2,,,,,"1 Rue de Marivaux, 75002 Paris, France",75002,http://www.oranta.fr/,ChIJl9tXOTFv5kcR_7jhxolghLc,48.8705315,2.3372243
882,Paillettes Paris Restaurant Festif,2,,,,,"14 Rue Saint-Fiacre, 75002 Paris, France",75002,https://www.paillettes-paris.com/,ChIJ4d_oBlhv5kcR12cfGnJwaLU,48.8702692,2.345744
199,Pedzouille La Bassecour,2,,,,,"15 Rue des Jeuneurs, 75002 Paris, France",75002,https://www.pedzouille.fr/copie-de-letable-2,ChIJOWM8G8pv5kcRv8NkB9petrc,48.8690866,2.3459585
252,Pizzeria Popolare,2,,,,,"111 Rue Réaumur, 75002 Paris, France",75002,https://www.bigmammagroup.com/fr/trattorias/pizzeria-popolare,ChIJ-w6YGj1u5kcR9XoTLMtIUCc,48.8680344,2.34349
253,Pomelo Bistrot - Restaurant à Paris 2e,2,,bistro,"casual, classic",,"153 Rue Montmartre, 75002 Paris, France",75002,https://pomelobistrot.com/,ChIJy63oFehv5kcRzT3ini-KYSo,48.8706108,2.3425802
254,Public House Paris,2,,wine_bar,casual,,"21 Rue Daunou, 75002 Paris, France",75002,https://www.publichouseparis.fr/,ChIJpZfi4plv5kcRyh_s6_A8QeQ,48.8699267,2.330262
255,Racines,2,,,,,"8 Pass. des Panoramas, 75002 Paris, France",75002,https://racinesparis.com/,ChIJdxltnj5u5kcR8TXA9auIRmg,48.8712364,2.3418864
283,Red Katz,2,,wine_bar,casual,,"14 Rue de Cléry, 75002 Paris, France",75002,https://redkatzcontact.wixsite.com/red-katz,ChIJ7a0-MTVv5kcR2FKniFHfJRM,48.8675889,2.3454516
152,Restaurant Coinstot Vino Paris 2,2,,,casual,,"22-30 Gal Montmartre, 75002 Paris, France",75002,https://coinstotvino.business.site/,ChIJRYwPPTxu5kcRaVBRn5Gi-ag,48.8705534,2.3416087
161,Restaurant Drouant,2,,,,,"16-18 Rue Gaillon, 75002 Paris, France",75002,https://drouant.com/en/restaurant.html,ChIJeQAhgjpu5kcR2eETKOOnYng,48.8687465,2.334434
166,RESTAURANT ERH,2,,wine_bar,casual,,"11 Rue Tiquetonne, 75002 Paris, France",75002,https://www.restaurant-erh.com/,ChIJRZKovRlu5kcRZOlh4VAz9cA,48.8644303,2.3490508
176,Restaurant Grands Boulevards Experimental,2,,,,,"17 Bd Poissonnière, 75002 Paris, France",75002,https://www.grandsboulevardshotel.com/restaurant,ChIJiQ8n4PNv5kcRACVNMP0V6Fk,48.870849,2.344874
298,Restaurant Panurge,2,,,,,"24 Rue du Sentier, 75002 Paris, France",75002,https://www.doitinparis.com/fr/panurge-restaurant-paris-27232?_kx=kVYHyG13XF-W7-H2h3hdQJeXURN6Ch9YKL7GWBLf4r5AGkl97CzktrdqYOeos-Ta.VPVbUh,ChIJ2dHAH8Rv5kcRwoovv7tb9QA,48.8696774,2.3463159
258,Rice and Fish,2,,,,,"16 Rue Greneta, 75002 Paris, France",75002,http://www.rice-and-fish.fr/,ChIJRWyB7Vdv5kcRe38C5G2jpw8,48.8652662,2.3512632
261,Riz Djondjon - Restaurant haitien,2,,,,,"291 Rue St Denis, 75002 Paris, France",75002,https://rizdjondjon.com/,ChIJ-WLtEPVv5kcReapyyyOP_to,48.8694795,2.352353
299,Rosario,2,,,,,"96 Rue de Richelieu, 75002 Paris, France",75002,https://www.rosarioparis.com/,ChIJaxXNBQhv5kcRjxX5bH8uh3c,48.8706537,2.3395275
292,Safado,2,,wine_bar,casual,,"3 Rue de Tracy, 75002 Paris, France",75002,,ChIJjdTIjqhv5kcRjzHoKh945LI,48.8679214,2.3531087
265,Shabour,2,,,,,"19 Rue Saint-Sauveur, 75002 Paris, France",75002,https://www.restaurantshabour.com/,ChIJzean6Hlv5kcR9jkXW9USvyg,48.8659211,2.3490668
266,Shana,2,,wine_bar,casual,,"14 Rue Saint-Sauveur, 75002 Paris, France",75002,https://www.shosh-shana.com/,ChIJqe95-NVv5kcRNZ6YHEtKG3Y,48.8660715,2.3487204
1422,Sonny’s pizza SSD Paris 02,2,,,casual,,"291 Rue St Denis, 75002 Paris, France",75002,https://www.sonnyspizza.fr/,ChIJH5NVGM9v5kcRu9oaTxUG1ms,48.8694849,2.3523507
289,Stock,2,,wine_bar,casual,,"88 Rue de Richelieu, 75002 Paris, France",75002,https://www.stock-paris.fr/,ChIJr5gNcqlv5kcRzdGRBvBtY_c,48.8701592,2.3393971
268,Street Bangkok,2,,,,,"112 Rue St Denis, 75002 Paris, France",75002,https://streetbangkok.fr/nos-restos,ChIJty7X3jFv5kcRk47Y2_WnNrk,48.8639521,2.3501298
269,SUGO pasta fresca - Saint-Augustin,2,,,,,"16 Rue Saint-Augustin, 75002 Paris, France",75002,https://www.sugoparis.com/,ChIJ-WZa4A9v5kcRPgA2aczQBnQ,48.8690001,2.3361959
271,Sushi Yoshinaga,2,,sushi,casual,,"27 Rue du 4 septembre, 75002 Paris, France",75002,https://www.sushiyoshinaga.com/,ChIJIeDnbvVv5kcRCkaxpqe56vk,48.8697398,2.3349676
272,Tekés,2,,wine_bar,casual,,"4 bis Rue Saint-Sauveur, 75002 Paris, France",75002,https://www.tekesrestaurant.com/,ChIJP0h7fOFv5kcRnVPMvx7dfq4,48.8659569,2.3496387
274,Tigermilk,2,,,,,"77 Rue d'Aboukir, 75002 Paris, France",75002,https://tigermilkrestaurants.com/,ChIJBWI0RRhv5kcR1J3rCj0ONpM,48.8679134,2.3473008
275,Uma Nota,2,,wine_bar,casual,,"86 Rue Réaumur, 75002 Paris, France",75002,https://uma-nota.com/fr/home,ChIJOTAeihBv5kcRWgC1e3f1Dw0,48.8668589,2.3501851
276,Un jour à Peyrassol Paris - Restaurant de truffes,2,,,,,"13 Rue Vivienne, 75002 Paris, France",75002,http://www.unjourapeyrassol.com/paris,ChIJiU38Yjtu5kcRRKQHvNUM-2k,48.8681262,2.339542
293,Waalo,2,,,,,"9 Rue d'Alexandrie, 75002 Paris, France",75002,https://instagram.com/harouna_so_?r=nametag,ChIJKxx0D0Rv5kcRhhWG0cu4OaI,48.8679657,2.3506486
277,Yoummah,2,,,,,"33 Rue Vivienne, 75002 Paris, France",75002,https://www.yoummah.fr/,ChIJecsdd9lv5kcR1PNcuPkG41M,48.870035,2.340591
295,YPSELI,2,,,,,"88 Rue Réaumur, 75002 Paris, France",75002,https://www.ypseli.com/,ChIJBTTrYgBv5kcRKpuEgshEXVY,48.8669091,2.3505013
278,YUJIN,2,,,,,"53 Pass. des Panoramas, 75002 Paris, France",75002,http://www.instagram.com/yujinparis,ChIJt2h6Bahv5kcRrQ2vqImYr3g,48.871091,2.341662
279,Zakuro,2,,,,,"4 Rue de Port-Mahon, 75002 Paris, France",75002,https://www.zakuro.fr/,ChIJ5wEXqixv5kcRu5pTwcYI7OU,48.8692149,2.3341985
280,Zaza par Yoni Saada,2,,,,,"51 Pass. Choiseul, 44 Rue Dalayrac, 75002 Paris, France",75002,https://yonisaada.com/zaza,ChIJqaj9p3xv5kcR6YRoa8r8RXU,48.868115,2.3355272
282,Zuzuttomo - Original Ramen Noodles from 日本,2,,ramen,casual,,"10 Rue Poissonnière, 75002 Paris, France",75002,https://zuzuttomo.fr/,ChIJE4ke9Htv5kcRy0T3sijSkwM,48.8688839,2.34782
303,2D atelier,3,,,,,"40 Rue Réaumur, 75003 Paris, France",75003,http://www.2datelier.com/fr,ChIJsZBtRQVu5kcRkh6_Q8EOZTY,48.8654439,2.3573972
340,46 & 3RD - Forty Six and Third,3,,cafe,casual,,"46 R. de Turbigo, 75003 Paris, France",75003,https://www.fortysixandthird.com/,ChIJpViKr0xv5kcRY-cmedDheHc,48.8650928,2.3551431
305,888 NIGHT MARKET | 一村夜话,3,,,,,"37 Rue Beaubourg, 75003 Paris, France",75003,https://www.888nightmarket.com/,ChIJVx_Xdhtu5kcRpe3FGq1mLRg,48.8619279,2.3537236
350,Ambassade d’Auvergne,3,,,,,"22 Rue du Grenier-Saint-Lazare, 75003 Paris, France",75003,https://ambassade-auvergne.fr/fr,ChIJKSANqBtu5kcR3M9w8dRfOpo,48.8630446,2.3534095
309,Anahi,3,,,,,"49 Rue Volta, 75003 Paris, France",75003,https://www.anahi-paris.com/,ChIJ77BzlA9u5kcR0PDBTFQuXy0,48.8670496,2.3582183
312,Auberge Nicolas Flamel,3,,,,,"51 Rue de Montmorency, 75003 Paris, France",75003,https://auberge.nicolas-flamel.fr/,ChIJD5opUxpu5kcRXidM9DzLh_Q,48.8635423,2.3531534
313,B. Bell broche,3,,,,,"74 R. de Turbigo, 75003 Paris, France",75003,https://www.b-bell.fr/,ChIJF35ZZw9u5kcRfvosd86qDLc,48.8663387,2.3607324
1280,Baby Love Burger Marais,3,,,,,"105 Rue Vieille du Temple, 75003 Paris, France",75003,,ChIJz4KsPsFv5kcRhcnVyB8OpQE,48.8604685,2.3615365
316,BigLove,3,,,,,"30 Rue Debelleyme, 75003 Paris, France",75003,https://www.bigmammagroup.com/en/trattorias/biglove,ChIJEXsnwgZu5kcRxz5KJXZbnSc,48.8620551,2.3636352
317,BING SUTT,3,,cafe,casual,,"22 Rue Béranger, 75003 Paris, France",75003,https://www.bingsuttparis.com/,ChIJrw92J2dv5kcRwN05F2FSAEs,48.8666034,2.3635328
318,Bouillon République,3,,,,,"39 Bd du Temple, 75003 Paris, France",75003,https://bouillonlesite.com/bouillon-republique,ChIJQ7aZhzNv5kcR2ukcRnOizeQ,48.8661074,2.3646338
319,Boulotte épicerie - restaurant,3,,bakery,casual,,"314 Rue Saint-Martin, 75003 Paris, France",75003,https://www.boulotte.com/,ChIJl9xBYOVv5kcRi8M_OmQVYkw,48.8679833,2.355185
320,Café Berry,3,,cafe,casual,,"10 Rue Chapon, 75003 Paris, France",75003,https://www.cafeberryparis.com/,ChIJ2Y--1gRu5kcR_cl6Q6RpJ6w,48.8632736,2.3567559
321,Café Charlot,3,,cafe,casual,,"38 Rue de Bretagne, 75003 Paris, France",75003,https://www.lecharlot-paris.com/,ChIJ647DhQZu5kcR4Ss8Lzg3I_Q,48.8630744,2.3624588
325,Caractère de Cochon,3,,bakery,casual,,"42 Rue Charlot, 75003 Paris, France",75003,https://www.instagram.com/caracteredecochonparis,ChIJH8vcmgZu5kcRYRWuLlvYujk,48.8626743,2.3624648
326,Carboni's,3,,wine_bar,casual,,"45 Rue de Poitou, 75003 Paris, France",75003,https://www.carbonisparis.com/,ChIJH7XtmgZu5kcRHzaNGWpmVyM,48.8616678,2.3613044
327,Caves Saint Gilles,3,,wine_bar,casual,,"4 Rue Saint-Gilles, 75003 Paris, France",75003,https://caves-saintgilles.com/,ChIJ28az1_9t5kcRIf9FerqQCTI,48.8577778,2.3672222
328,Chez Alain Miam Miam,3,,,,,"26 Rue Charlot, 75003 Paris, France",75003,https://www.facebook.com/ChezAlainMiamMiam,ChIJq5Q-nQZu5kcRR3WcrGGBKlg,48.8622392,2.3619245
402,Chez Eating,3,,,,,"45 Rue Volta, 75003 Paris, France",75003,https://www.instagram.com/chez_eating/,ChIJS7juq3dv5kcRnPpYcboCQp8,48.8668257,2.3580526
329,Chez Janou,3,,,,,"2 Rue Roger Verlomme, 75003 Paris, France",75003,https://www.chezjanou.com/,ChIJaXXlBgBu5kcRzeSQ0Um9YSg,48.8567159,2.3671983
351,Chez l'Ami Louis,3,,,,,"32 Rue du Vertbois, 75003 Paris, France",75003,,ChIJIW_rlA9u5kcR1E9tsnW7M68,48.8670892,2.3581584
330,Chez Nenesse,3,,,,,"17 Rue de Saintonge, 75003 Paris, France",75003,,ChIJPyH-pAZu5kcRLojkF6511eU,48.8617223,2.3622978
331,Chez Omar,3,,wine_bar,casual,,"47 Rue de Bretagne, 75003 Paris, France",75003,https://chez-omar-paris.business.site/,ChIJPTuOLARu5kcR2hOHqy5PbbI,48.8633158,2.3614778
405,Cortado,3,,"bakery, cafe, wine_bar",casual,,"31 Rue Charlot, 75003 Paris, France",75003,https://www.cortadoparis.fr/,ChIJ-Y5CDgBv5kcR75c7vG0VKeI,48.8624609,2.3619539
333,Datil,3,,,,,"13 Rue des Gravilliers, 75003 Paris, France",75003,https://www.datil-restaurant.fr/,ChIJix2wynBv5kcREclRmmNBD24,48.8635818,2.3573055
334,Datsha Underground,3,,,casual,,"57 Rue des Gravilliers, 75003 Paris, France",75003,https://datshaunderground.com/fr,ChIJ0c74YVVv5kcRay_Jgi8-yhQ,48.8642739,2.3547629
335,Dessance,3,,,,,"74 Rue des Archives, 75003 Paris, France",75003,https://www.dessance.com/,ChIJ75I0XQRu5kcRHJRwpkFqu7I,48.8622815,2.3598519
336,Distrito Francés Marais,3,,wine_bar,casual,,"25 Rue du Pont aux Choux, 75003 Paris, France",75003,https://distritofrances.fr/en/restaurants/df-marais,ChIJU4ZABSJv5kcRxBrJzKdX5e8,48.8612256,2.3648465
337,Donna,3,,wine_bar,casual,,"157 Rue Saint-Martin, 75003 Paris, France",75003,https://www.donna-paris.com/,ChIJp63ERohv5kcR9MRYgY-qLTs,48.8621782,2.3518425
338,Elmer,3,,,,,"30 Rue Notre Dame de Nazareth, 75003 Paris, France",75003,https://elmer-restaurant.fr/,ChIJVQZxCg9u5kcRnzjCj6U97w4,48.8673578,2.3594516
1798,En face store,3,,,,,"12 Rue de Picardie, 75003 Paris, France",75003,https://www.enface-restaurant.com/,ChIJwXvuRgBv5kcRNKaQcf8AzU0,48.8635339,2.3625252
403,ENVIE LE BANQUET,3,,,,,"148 Rue du Temple, 75003 Paris, France",75003,https://lebanquet.paris/fr,ChIJX3SODgBv5kcRPUWtzrxQuwE,48.8641946,2.359222
339,"Faurn, pizzeria libanaise",3,,,,,"212 Rue Saint-Martin, 75003 Paris, France",75003,https://linktr.ee/faurn_boulangerie,ChIJKzbjikZv5kcR-6Qguq3YZyE,48.8636395,2.3528163
341,Fulvio,3,,,,,"4 Rue de Poitou, 75003 Paris, France",75003,https://www.restaurant-fulvio.fr/,ChIJf6qg1wZu5kcRnNB5rytoC5Y,48.8614391,2.3643479
342,Goku Asian Canteen,3,,,,,"27 Bd du Temple, 75003 Paris, France",75003,https://www.gokuasiancanteen.fr/,ChIJtQDmzgdu5kcRfAHFnNYR7So,48.865024,2.3653516
345,Hando Parisian Handroll Marais,3,,,,,"14 Rue de Bretagne, 75003 Paris, France",75003,https://bookings.zenchef.com/results?rid=373561&pid=1001,ChIJ-zgxgApv5kcRCzYGhkTI3Y4,48.8632111,2.3622888
346,Horiz,3,,wine_bar,casual,,"8 rue au maire, 4 Rue Volta, 75003 Paris, France",75003,https://horizparis.com/,ChIJhS1FjxBv5kcRDkhlDTBTZT0,48.8646484,2.3568952
315,Karaoke Box Bart - Paris 3,3,,wine_bar,casual,,"7 Rue Papin, 75003 Paris, France",75003,https://bartkaraokebox.com/etablissement/paris-3-la-gaite-lyrique,ChIJ3fnqxjlv5kcRw4uak4YgNGA,48.8668838,2.3533971
304,Le 404,3,,,,,"69 Rue des Gravilliers, 75003 Paris, France",75003,https://www.404-resto.com/,ChIJM9X48Rpu5kcRavKS94RuvzE,48.8644682,2.3543194
323,Le Café des Musées,3,,"cafe, wine_bar",casual,,"49 Rue de Turenne, 75003 Paris, France",75003,https://www.lecafedesmusees.fr/,ChIJB4LuVABu5kcRwfzAvZQv1FM,48.858063,2.3643307
354,Le Chef Thaï,3,,,,,"59 Rue des Gravilliers, 75003 Paris, France",75003,https://www.chef-thai.com/,ChIJ4fVU7xpu5kcRT-48ZCZaAsU,48.8643502,2.354761
358,Le MaZenay,3,,,,,"46 Rue de Montmorency, 75003 Paris, France",75003,https://www.lemazenay.com/,ChIJvbCbVRpu5kcRfMWl3JeGW4s,48.8636402,2.3533729
360,Le Petit Dakar,3,,,,,"6 Rue Elzevir, 75003 Paris, France",75003,https://www.lepetitdakar.com/,ChIJ4yxmKQJu5kcRjwwarF6JtG0,48.8580527,2.3612926
362,Le Reflet,3,,,,,"11 Rue de Braque, 75003 Paris, France",75003,https://paris.restaurantlereflet.fr/,ChIJWU0Iy6pv5kcRjP0qFPXIXBY,48.8611253,2.3562227
365,Les enfants du marché,3,,wine_bar,casual,,"39 Rue de Bretagne, 75003 Paris, France",75003,https://michael2110grosman.wixsite.com/website/accueil,ChIJpTwIKARu5kcRUrI2FD8IWmE,48.8625855,2.3621245
366,Les Enfants Rouges,3,,,,,"9 Rue de Beauce, 75003 Paris, France",75003,https://les-enfants-rouges-paris.fr/fr,ChIJ32nhLwRu5kcR6FEtBPVddL4,48.863083,2.3612283
368,Les Vitelloni,3,,,,,"4 Rue Dupetit-Thouars, 75003 Paris, France",75003,https://www.lesvitelloni.com/,ChIJl6Mbw91v5kcR7lSFYIf-7iQ,48.8649662,2.3628235
369,Mabrouk,3,,,,,"64 Rue Réaumur, 75003 Paris, France",75003,https://www.mabrouk-paris.fr/,ChIJaSYFs6Bv5kcRAWQWFuu9ui4,48.8661093,2.3536609
371,Malro,3,,wine_bar,casual,,"7 Rue Froissart, 75003 Paris, France",75003,https://www.restaurantmalro.fr/,ChIJIT1Otylv5kcRCrjAwKyBkB8,48.8614066,2.3661925
372,MAO FRY,3,,,,,"4 Rue Réaumur, 75003 Paris, France",75003,https://www.mao-corp.com/fry,ChIJH6E8VvFv5kcRsqay4AWSynE,48.8648715,2.3594762
373,Matka,3,,,,,"78 R. Quincampoix, 75003 Paris, France",75003,https://matkarestaurant.fr/,ChIJLceVAbRv5kcRs2VY6jRA8w4,48.8621729,2.3511688
400,Mischief,3,,,,,"25 Rue des Gravilliers, 75003 Paris, France",75003,http://www.mischief.paris/,ChIJOfSDLwBv5kcRitKufiTctkM,48.863831,2.3565949
375,MONBLEU Le Comptoir,3,,wine_bar,casual,,"12 Rue Dupetit-Thouars, 75003 Paris, France",75003,https://www.monbleu.fr/monbleu-le-comptoir,ChIJiSxgEeZv5kcRlyu7McenSEk,48.8654865,2.3619835
376,Mr.T,3,,,,,"38 Rue de Saintonge, 75003 Paris, France",75003,https://www.mrt-restaurant.fr/,ChIJl4tB7gZu5kcR9UcoegdaztM,48.862675,2.3636937
378,Nessia Marais,3,,,,,"6 Rue Charles-François Dupuis, 75003 Paris, France",75003,https://www.restaurantnessia.com/,ChIJYXhdtadv5kcR_FTB59rdtyE,48.8651957,2.363233
379,Ogata,3,,"bakery, wine_bar",casual,,"16 Rue Debelleyme, 75003 Paris, France",75003,https://ogata.com/paris/restaurant,ChIJexUJUzFv5kcRcynXsmuxF5o,48.8610097,2.3635511
380,Onii-San - Izakaya,3,,,,,"82 Rue des Archives, 75003 Paris, France",75003,https://www.onii-san.fr/,ChIJjxEGQcZv5kcRHlpercEXmDs,48.8630705,2.3603978
381,Parcelles,3,,,,,"13 Rue Chapon, 75003 Paris, France",75003,https://www.parcelles-paris.fr/,ChIJ03vIR11v5kcRk5QReT9ivac,48.8632026,2.356599
404,PEZZOPANE,3,,,casual,,"10 Rue Rambuteau, 75003 Paris, France",75003,https://www.instagram.com/pezzopane.paris/,ChIJTWderVtv5kcRzEErbsS-3wQ,48.86045,2.3560988
384,Pontochoux,3,,,,,"18 Rue du Pont aux Choux, 75003 Paris, France",75003,https://www.instagram.com/pontochoux,ChIJ_-6qLwdu5kcRK8hZ9LeW2ko,48.8613145,2.3650912
385,Qasti,3,,,,,"205 Rue Saint-Martin, 75003 Paris, France",75003,https://www.qasti.fr/,ChIJCRcFTBpu5kcRIC4NVlXlB8c,48.863871,2.3527023
311,"Restaurant Anne - Place des Vosges, le Pavillon de la Reine",3,,,,,"28 Pl. des Vosges, 75003 Paris, France",75003,https://www.pavillon-de-la-reine.com/restaurant-bar,ChIJGZbt11dv5kcRxGUcs6VnlSc,48.8563501,2.3660643
386,Ristorante National,3,,,,,"243 Rue Saint-Martin, 75003 Paris, France",75003,http://www.hotelnational.paris/en/page/restaurant-marais-paris-france.2814.html,ChIJdZJAehpu5kcRZZKmjXQrRXg,48.8658866,2.3531956
388,Rusidda,3,,,,,"1 Rue Borda, 75003 Paris, France",75003,https://www.rusidda.fr/menus-carte#menu-429604,ChIJXX6e1yFv5kcRoyyqMxA2bVw,48.8660764,2.3574294
389,Sacré Frenchy !,3,,wine_bar,casual,,"58 Bd de Sébastopol, 75003 Paris, France",75003,https://www.sacrefrenchy.com/,ChIJTdiHcqxv5kcRVgEUqDEcnbY,48.8632396,2.3511546
390,Season Marais,3,,cafe,casual,,"1 Rue Charles-François Dupuis, 75003 Paris, France",75003,https://www.season-paris.com/location,ChIJ8S1YDgZu5kcR1ygepD9fZJY,48.8651393,2.3626373
391,Song Heng,3,,,,,"3 Rue Volta, 75003 Paris, France",75003,https://www.facebook.com/pages/Song-Heng/156614561034185/,ChIJS_hANgVu5kcRZKjdafwk-Fg,48.8647245,2.3567826
392,Soon Grill Le Marais 순그릴 마레,3,,wine_bar,casual,,"78 Rue des Tournelles, 75003 Paris, France",75003,https://soon-grill.com/marais,ChIJS0h51P9t5kcRFQ5IewtrVZw,48.858096,2.367436
394,Tanori,3,,,,,"12 Rue Volta, 75003 Paris, France",75003,https://linktr.ee/tanori.paris,ChIJCSfCcMdv5kcRLXQPOwr78pw,48.8648444,2.3570586
395,Terra,3,,,,,"21 Rue des Gravilliers, 75003 Paris, France",75003,https://www.terraparis.fr/,ChIJAQAQKQVu5kcRkfK67eag_Ls,48.8637426,2.3569278
397,The Brooklyn Pizzeria,3,,,,,"33 Bd Beaumarchais, 75003 Paris, France",75003,https://www.thebrooklynpizzeriaparis.fr/,ChIJDdYbInpz5kcR-2iq3XubDBk,48.8558817,2.3682015
1859,Yansai,3,,,,,"88 Rue des Gravilliers, 75003 Paris, France",75003,https://yansai.eatbu.com/?lang=en,ChIJU_-MsVlv5kcRR6i7seYe0yw,48.86469,2.354006
370,古味成都 Maison De Chengdu,3,,,,,"16 Rue Volta, 75003 Paris, France",75003,https://maisondechengdu.fr/,ChIJQ7LvATFv5kcRELPx8f2VkPo,48.8649322,2.3570475
455,Aldehyde,4,,,,,"5 Rue du Pont Louis-Philippe, 75004 Paris, France",75004,https://aldehyde.paris/,ChIJuZn5THBx5kcRIN1OExKjBoU,48.8549492,2.3553847
407,BAFFO,4,,,casual,,"12 Rue Pecquay, 75004 Paris, France",75004,https://www.baffo.fr/,ChIJyTq6TQNu5kcR54c0callVg0,48.860147,2.3562522
408,BAOBAR - Restaurant Chinois,4,,,,,"42 Rue Sainte-Croix de la Bretonnerie, 75004 Paris, France",75004,https://mamahuhuparis.com/baobar,ChIJ5ySs-xlv5kcRXZjZXCN0PO4,48.858855,2.354708
456,Baratruf,4,,wine_bar,casual,,"7 Rue de Birague, 75004 Paris, France",75004,,ChIJh3VAZQBx5kcRMXyBqNz_-gs,48.8544522,2.3648874
410,Bistrot Des Tournelles,4,,bistro,"casual, classic",,"6 Rue des Tournelles, 75004 Paris, France",75004,https://www.bistrotdestournelles.com/,ChIJjwaAPtBz5kcR_T40W9rYhjc,48.8541221,2.3675819
411,Bofinger,4,,,,,"5-7 Rue de la Bastille, 75004 Paris, France",75004,https://www.bofingerparis.com/,ChIJuYqiNwBy5kcRBjo0Df8Wpkc,48.8539497,2.3678627
412,Bombance,4,,,,,"40 Rue des Blancs Manteaux, 75004 Paris, France",75004,https://www.bombanceparis.fr/,ChIJBeetLDRv5kcRqLSnz94ajQI,48.8597798,2.3550796
417,Chez Ajia,4,,,,,"4 Rue du Roi de Sicile, 75004 Paris, France",75004,https://ajia.fr/en,ChIJ5105DhFx5kcR1yBOj8fS-48,48.8556244,2.3608209
418,Chez Julien,4,,,casual,,"1 Rue du Pont Louis-Philippe, 75004 Paris, France",75004,https://www.chezjulien.paris/en/home#menu-en,ChIJEwgDtuJx5kcRLGbYnlfZFAU,48.8547356,2.3551411
457,Cypsèle,4,,,,,"11 Rue des Deux Ponts, 75004 Paris, France",75004,https://www.cypsele.fr/,ChIJ6epZeABx5kcRlifKVaDncYs,48.8515955,2.3561628
420,Grande Brasserie,4,,,,,"6 Rue de la Bastille, 75004 Paris, France",75004,https://www.grandebrasserie.fr/en,ChIJ-2gmGJxz5kcR4TeT2GHQ59Y,48.8537687,2.3679902
421,Homer Lobster,4,,,casual,,"21 Rue Rambuteau, 75004 Paris, France",75004,https://www.homerlobster.com/,ChIJCw0hohxu5kcRYZzwR4XWZ-w,48.8607329,2.3547084
422,ilô restaurant,4,,,,,"6 Rue Castex, 75004 Paris, France",75004,https://ilo-restaurant.eatbu.com/?lang=en,ChIJCZsCXE1x5kcRr6bxYSeeIck,48.8527719,2.3663273
423,Jaja,4,,,,,"3 Rue Sainte-Croix de la Bretonnerie, 75004 Paris, France",75004,http://jaja-resto.com/,ChIJMQVT6AJu5kcRRTJqTENzZus,48.8575187,2.35725
424,JANET by Homer - Marais,4,,,,,"13 Rue Rambuteau, 75004 Paris, France",75004,https://www.homerlobster.com/janet-by-homer,ChIJ79Rdru1v5kcR5ZiQkkPoqns,48.8603891,2.3556782
426,Kuma,4,,,,,"5 Rue des Écouffes, 75004 Paris, France",75004,https://www.instagram.com/kumaparis/,ChIJoZGnsQhv5kcRuU-gAvV-dyA,48.8566317,2.3583876
425,Kébi,4,,,,,"3 Rue de Turenne, 75004 Paris, France",75004,https://kebi-restaurant.eatbu.com/?lang=en,ChIJE7nhDSNx5kcRlYevwaFBFDI,48.8550392,2.3631344
427,L'Enoteca,4,,wine_bar,casual,,"25 Rue Charles V, 75004 Paris, France",75004,http://www.enoteca.fr/,ChIJfyEUff5x5kcRx5RidwJUHos,48.8533327,2.361858
428,La Baguette du Relais,4,,,,,"10 Rue des Archives, 75004 Paris, France",75004,https://www.labaguette.relaisdevenise.fr/?l=fr,ChIJs1Kn-DBv5kcRecq1D4JaMw8,48.8575675,2.3544852
1658,Le Marché,4,,,,,"2 Pl. du Marché Sainte-Catherine, 75004 Paris, France",75004,https://lemarchecaferestaurant.fr/,ChIJJw61Iv5x5kcRpXZK6QseQX4,48.8552776,2.3629814
432,Le Petit Célestin,4,,,,,"12 Quai des Célestins, 75004 Paris, France",75004,https://www.lepetitcelestin.fr/,ChIJe8dSn_5x5kcRIoSe6VW08rI,48.8522192,2.3613873
433,Le Sergent Recruteur,4,,,,,"41 Rue Saint-Louis en l'Île, 75004 Paris, France",75004,https://www.lesergentrecruteur.fr/en,ChIJe6_hufxx5kcRLJ9Ej7s19UM,48.8519836,2.3560321
1533,Le temps des cerises,4,,"cafe, wine_bar",casual,,"31 Rue de la Cerisaie, 75004 Paris, France",75004,https://www.letempsdescerisescoop.com/,ChIJWbcRG_9x5kcRAm8XCIiySFs,48.8525232,2.3642138
1772,Les Fontaines,4,,wine_bar,casual,,"12 Rue Brisemiche, 75004 Paris, France",75004,https://wiicmenu-qrcode.com/app/restaurantWebSite.php?resto=862,ChIJN7XKQBxu5kcRvYKND_2qr6c,48.8595132,2.3519874
434,Les Maquereaux Rive Droite,4,,wine_bar,casual,,"14 Quai de l'Hôtel de ville, 75004 Paris, France",75004,https://www.lesmaquereaux.com/les-maquereaux,ChIJLyZsI_xx5kcRzel59w_Chss,48.8530857,2.3573881
983,Maison Phê by Hanoi Corner,4,,cafe,casual,,"19 Rue Ferdinand Duval, 75004 Paris, France",75004,https://www.hanoicorner.fr/accueil,ChIJXfPey0lu5kcRxyNC3E1-PbY,48.8569312,2.3597277
436,Minh Chau,4,,wine_bar,casual,,"10 Rue de la Verrerie, 75004 Paris, France",75004,https://www.petitfute.com/v17231-17299-paris-75004/c1165-restaurants/c1031-cuisines-du-monde/c1035-cuisine-d-asie/c64-restaurant-vietnamien/264890-minh-chau.html,ChIJQZ0GSR1u5kcRqVfhZKxZPTI,48.8572488,2.3550848
437,Miznon,4,,,casual,,"22 Rue des Écouffes, 75004 Paris, France",75004,https://www.miznonparis.com/adresses,ChIJo4T2XQJu5kcRLl_6yt91wOw,48.8571597,2.3589814
440,Oyster Club,4,,,casual,,"15 Rue de Jouy, 75004 Paris, France",75004,https://www.oysterclub.fr/,ChIJSTumtjhx5kcRaM3rqVUDQeQ,48.8551684,2.3578124
454,Soé,4,,wine_bar,casual,,"18 Rue Beautreillis, 75004 Paris, France",75004,http://www.soe-restaurant.com/,ChIJJcOo01Fx5kcRa1CjmZipX6E,48.853208,2.3642117
444,Tavline,4,,,,,"25 Rue du Roi de Sicile, 75004 Paris, France",75004,https://www.tavline.fr/,ChIJAdcymgJu5kcR2toRbM80idw,48.8564339,2.3575287
445,Thai Spices,4,,,,,"5-7 Rue de l'Ave Maria, 75004 Paris, France",75004,http://thaispices.fr/index.html,ChIJ1TFcJfxx5kcRIrCQxtOGTbk,48.8527345,2.3603119
446,TiTi Palacio,4,,,,,"17 Bd Morland, 75004 Paris, France",75004,https://www.titipalacio.com/,ChIJFZtbwQVx5kcRGKXUIJbyUgI,48.8501543,2.3629381
447,Vins des Pyrénées,4,,,,,"25 Rue Beautreillis, 75004 Paris, France",75004,https://www.vinsdespyrenees.com/,ChIJ5Wj8rv9x5kcRHVNKXm9y8Lk,48.8537473,2.3644392
458,A Braccetto,5,,,casual,,"19 Rue Soufflot, 75005 Paris, France",75005,https://www.thefork.com/restaurant/a-braccetto-r754389,ChIJz1ZMihxx5kcRKbP6nhl8Cwo,48.847062,2.34147
460,Alimento,5,,,,,"9 Rue de Pontoise, 75005 Paris, France",75005,http://alimento.fr/,ChIJ72bCYORx5kcR5TE4sRNpHLk,48.8499354,2.3521601
461,Alliance,5,,,,,"5 Rue de Poissy, 75005 Paris, France",75005,https://www.restaurant-alliance.fr/,ChIJeWenk-Rx5kcRRoSlhTbzWlM,48.8499163,2.3533113
462,Anahuacalli,5,,wine_bar,casual,,"30 Rue des Bernardins, 75005 Paris, France",75005,http://www.anahuacalli.fr/,ChIJCbGQPeRx5kcRyxuW1A6gLGs,48.849867,2.3504246
532,Arrivederci pizzeria,5,,,,,"47 Rue Gay-Lussac, 75005 Paris, France",75005,https://arrivedercipizzeria.com/,ChIJYzW1_Olx5kcRnpyk_aDvbXU,48.841716,2.343495
463,Atelier Carnem,5,,,,,"5 Rue du Pot de Fer, 75005 Paris, France",75005,https://ateliercarnem.com/en,ChIJ6XpA0u5x5kcRiImLe0FXqWE,48.8429061,2.3492088
464,Atelier Maître Albert,5,,,,,"1 Rue Maître Albert, 75005 Paris, France",75005,https://www.ateliermaitrealbert.com/,ChIJlTto-ONx5kcR9dX0YOF01lk,48.8511086,2.3502197
465,Atica,5,,,,,"8 Rue Frédéric Sauton, 75005 Paris, France",75005,https://www.aticaparis.com/fr,ChIJbVin4H9x5kcROTX7yC8uyII,48.8509613,2.3489945
503,Au Moulin à Vent,5,,wine_bar,casual,,"20 Rue des Fossés Saint-Bernard, 75005 Paris, France",75005,https://www.au-moulinavent.com/,ChIJO9_c1eRx5kcRHOOxQmeood4,48.8485574,2.3547648
468,Ayadi Gourmet,5,,,,,"17 Rue Frédéric Sauton, 75005 Paris, France",75005,https://ayadigourmet.com/en,ChIJETbNldZx5kcR81jLbf0lh0M,48.8507225,2.3491624
469,Baca'v,5,,,,,"6 Rue des Fossés Saint-Marcel, 75005 Paris, France",75005,https://www.bacav.paris/,ChIJ4x6GRPJx5kcRYEiThcBqZM4,48.83919,2.356063
470,Baieta,5,,,,,"5 Rue de Pontoise, 75005 Paris, France",75005,https://www.restaurant-baieta-paris.fr/,ChIJ_78oYuRx5kcR4eAyZp92YKs,48.8501166,2.3523749
531,Bibie Paris,5,,wine_bar,casual,,"7 Rue Lacépède, 75005 Paris, France",75005,https://www.bibie-paris.com/,ChIJVbp2JQBx5kcRDGz_erVr0pA,48.8436122,2.3536918
549,BigBang,5,,,,,"4 Rue Gay-Lussac, 75005 Paris, France",75005,https://saintgermain.bigbang-restaurant.fr/,ChIJIdQkYZhx5kcROS_4Ym6KpCk,48.84632,2.3408664
472,Bistro des lettres,5,,bistro,"casual, classic",,"52 Bd Saint-Germain, 75005 Paris, France",75005,https://www.bistrodeslettres.com/,ChIJI7jEef5x5kcRkWRFsJD96So,48.8500005,2.3497224
474,Bonvivant,5,,wine_bar,casual,,"7 Rue des Écoles, 75005 Paris, France",75005,https://www.bonvivant.paris/,ChIJMyQ_p-Vx5kcRyFUxkJYjY5w,48.8475454,2.3519748
512,Bonvivant Pizza,5,,,casual,,"4 Rue des Écoles, 75005 Paris, France",75005,https://www.pizzabonvivant.com/,ChIJ44ds_8xx5kcRoodRRvGvkM8,48.8478168,2.3521585
415,Breakfast in America,5,,,,,"17 Rue des Écoles, 75005 Paris, France",75005,https://breakfast-in-america.com/,ChIJc_WS6d1x5kcRhUxF1nq_m_A,48.847891,2.351115
267,café'Spoon,5,,cafe,casual,,"61 Rue Monge, 75005 Paris, France",75005,https://www.spoon-restaurant.com/,ChIJC71fhHNx5kcRwsphtn7DxXo,48.8441881,2.352641
530,Calice,5,,wine_bar,casual,,"5 Rue de Bazeilles, 75005 Paris, France",75005,https://www.calicerestaurant.fr/,ChIJO10I8fNx5kcR7yeytWDHa_o,48.8390955,2.3504721
475,Casa Di Peppe,5,,,casual,,"222 Rue Saint-Jacques, 75005 Paris, France",75005,https://www.casadipeppe.fr/,ChIJPa30YOlx5kcRAbCDqOE8840,48.8447885,2.3421094
533,CHANTIRA,5,,wine_bar,casual,,"46 Rue Daubenton, 75005 Paris, France",75005,https://www.instagram.com/chantira.paris/,ChIJV5f2M15x5kcRsdkgiX0HaZQ,48.8402198,2.35033
476,Chez Hamadi,5,,,,,"12 Rue Boutebrie, 75005 Paris, France",75005,http://citineo.fr/chezhamadi,ChIJbeusreBx5kcR-K4rlUc0EhI,48.851397,2.344546
477,Chez Neung,5,,,,,"70 Bd Saint-Marcel, 75005 Paris, France",75005,https://chezneung.fr/,ChIJIdjQYu1x5kcRwEUojkpFcGQ,48.8377547,2.3540166
562,Chez René,5,,"cafe, wine_bar",casual,,"14 Bd Saint-Germain, 75005 Paris, France",75005,https://lcep.fr/chez-rene/,ChIJP44SxuRx5kcRokFFCA1ir1s,48.8496178,2.3543377
480,Dar Mima,5,,,,,"1 Rue des Fossés Saint-Bernard, 75005 Paris, France",75005,https://darmima-restaurant.com/,ChIJqTshJBVx5kcRog_ZvELx6IM,48.8489864,2.3570255
1107,El Guacamole,5,,,,,"31 Rue Linné, 75005 Paris, France",75005,https://www.elguacamoletaqueria.fr/,ChIJBXwHBQBx5kcR5ndn4WS19Vk,48.8454782,2.3543727
481,Flocon,5,,,,,"75 Rue Mouffetard, 75005 Paris, France",75005,https://www.restaurantflocon.com/,ChIJ_3Rs2ttx5kcRUXohtuk4bMI,48.8421312,2.3498261
579,Frappé coffee shop,5,,cafe,casual,,"20 Rue Monge, 75005 Paris, France",75005,https://frappe.bloom-restaurant.fr/,ChIJXxGLGQBx5kcRnbwOlhOD1WU,48.8483436,2.3500495
485,Hugo & Co,5,,,,,"48 Rue Monge, 75005 Paris, France",75005,https://www.tomygousset.com/hugo-and-co,ChIJ2xM8du9x5kcRnBtgkptU8j4,48.8451577,2.3519105
486,Kitchen Ter(re),5,,,,,"26 Bd Saint-Germain, 75005 Paris, France",75005,https://zekitchengalerie.fr/restaurant/kitchen-terre,ChIJLVEL7eRx5kcRWZr62yRPktY,48.8496924,2.352696
451,Kokoro,5,,,casual,,"36 Rue des Boulangers, 75005 Paris, France",75005,http://restaurantkokoro.blogspot.com/,ChIJz7QEfOVx5kcRR10ehIETyUg,48.8462149,2.3524608
489,L'Île de Crète,5,,,,,"10 Rue Mouffetard, 75005 Paris, France",75005,https://loledecrete.shop/,ChIJxXrRNO9x5kcRpX7DVEWSncE,48.844628,2.3491466
491,La Nouvelle Seine,5,,,casual,,"Port de Montebello, 75005 Paris, France",75005,https://lanouvelleseine.com/,ChIJ9Ur3--Nx5kcR03b9BO-t2Ak,48.8517586,2.3504526
492,La Piadineria,5,,,,,"26 Rue Soufflot, 75005 Paris, France",75005,https://www.lapiadineria.fr/,ChIJHfVz90Jx5kcRe2z0uKPZIUc,48.8474484,2.341344
493,La Rôtisserie d'Argent,5,,,,,"19 Quai de la Tournelle, 75005 Paris, France",75005,https://tourdargent.com/la-rotisserie-dargent,ChIJg4octORx5kcRijmhQTSm1Fs,48.8499507,2.3546683
494,La Table de Colette,5,,,,,"17 Rue Laplace, 75005 Paris, France",75005,https://www.latabledecolette.fr/,ChIJS8Gh5a5x5kcRaT1Myj2lgjg,48.8473045,2.3472188
495,La Voie Lactée,5,,,,,"34 Rue du Cardinal Lemoine, 75005 Paris, France",75005,https://alavoielactee.fr/,ChIJPQBOGfpx5kcR4ZFRiZ_dxnE,48.8473314,2.3523527
471,Le Balzar,5,,,,,"49 Rue des Écoles, 75005 Paris, France",75005,https://brasseriebalzar.com/,ChIJW-zV8t1x5kcRVQ2AiWJWpXw,48.8498816,2.3433813
542,Le Coup de Torchon,5,,,,,"187 Rue Saint-Jacques, 75005 Paris, France",75005,https://www.aucoupdetorchon.fr/,ChIJ3TwnvMJx5kcR314-76kK2rA,48.8452026,2.3425477
498,Le Mouffetard,5,,,,,"116 Rue Mouffetard, 75005 Paris, France",75005,https://www.mouffetard-addict.com/lieu/le-mouffetard-restaurant,ChIJB5hbK0Bx5kcRAHaG7iAL3Q0,48.8403708,2.3496222
499,Les Papilles,5,,,,,"30 Rue Gay-Lussac, 75005 Paris, France",75005,https://www.lespapillesparis.fr/,ChIJPUUb7MJx5kcReXIHwe3cQrw,48.8446215,2.3417325
500,Les Petits Pois,5,,,,,"3 Rue Linné, 75005 Paris, France",75005,https://www.instagram.com/lespetitspoisparis/?hl=fr,ChIJqXyMIAJx5kcR36OLSAlfvKg,48.8438073,2.354724
501,Maison Cluny,5,,,,,"3 Rue de Cluny, 75005 Paris, France",75005,https://www.maison-cluny.fr/,ChIJRVLtzt5x5kcRr41EDZ8g96A,48.8505349,2.3448444
502,Mirama,5,,,,,"17 Rue Saint-Jacques, 75005 Paris, France",75005,https://www.mirama.fr/,ChIJkRN2z-Bx5kcRnlFqj0aaOWc,48.8517108,2.3461448
504,narro,5,,,,,"72 Rue du Cardinal Lemoine, 75005 Paris, France",75005,https://www.restaurantnarro.fr/,ChIJCe2kw4tx5kcRsWvWE--Pn68,48.8449342,2.3495977
505,Nossa Churrasqueira Paris 5,5,,,casual,,"1 Rue de l'École Polytechnique, 75005 Paris, France",75005,https://nossa-paris.com/en/locations/4621063673023037522,ChIJF1YWa-Zx5kcRjFqF_4bEghM,48.847457,2.348257
506,Nuance café,5,,cafe,casual,,"16 Rue Linné, 75005 Paris, France",75005,https://nuance-cafe-paris.business.site/,ChIJu2Bp4u9x5kcRe8ixVXFnYuQ,48.845041,2.3549038
84,Odette,5,,bakery,casual,,"77 Rue Galande, 75005 Paris, France",75005,https://www.maison-albar-hotels-le-pont-neuf.com/fr/page/restaurant-odette-paris.2488.html,ChIJEwT42-Bx5kcRc5RI4Q8zZUg,48.8520501,2.3465218
508,Ostra,5,,,casual,,"17 Rue du Petit Pont, 75005 Paris, France",75005,https://www.ostra.fr/,ChIJ6YUKZmVx5kcR8wbDeph029E,48.8522892,2.346532
509,OTTO - MOUFFETARD,5,,,,,"5 Rue Mouffetard, 75005 Paris, France",75005,https://www.otto-paris.com/,ChIJx6VuJ2dx5kcRpX-dsyUlkL0,48.8448489,2.3493675
510,Pepita - Pizza & Pasta,5,,"pizza, wine_bar",casual,,"88 Bd Saint-Germain, 75005 Paris, France",75005,http://www.pepita-paris.fr/en,ChIJy_lEu0Rx5kcRpu2kGyoyj3s,48.851151,2.3449994
511,Pirosmani Restaurant,5,,,,,"6 Rue Boutebrie, 75005 Paris, France",75005,,ChIJfypvruBx5kcRr4s8pLIB7as,48.8515539,2.344624
513,Respiro,5,,,,,"18 Rue Maître Albert, 75005 Paris, France",75005,https://www.respiro-trattoria-pizzeria.com/,ChIJQbFakgJx5kcRaAgMrR-ZCNU,48.8505216,2.3495002
483,Restaurant Godjo,5,,,,,"8 Rue de l'École Polytechnique, 75005 Paris, France",75005,https://www.godjo.paris/,ChIJ7f46auZx5kcRbK4GnIqWG-o,48.8476459,2.3479967
496,Restaurant LAVA,5,,,casual,,"9 Rue de la Montagne Ste Geneviève, 75005 Paris, France",75005,https://www.lava-paris.com/accueil,ChIJs6l6heZx5kcRjKfIhap2Iro,48.849069,2.348877
514,Rosie's Smokehouse BBQ,5,,wine_bar,casual,,"13 Rue de la Huchette, 75005 Paris, France",75005,https://rosies-smokehouse.eatbu.com/?lang=en,ChIJgzSKMzpx5kcRhj388o9M0V8,48.8528336,2.3459125
516,Rôtisserie Segar,5,,,,,"111 Rue Mouffetard, 75005 Paris, France",75005,https://www.instagram.com/rotisserie_segar/,ChIJmdE7F5Bx5kcR3GxZniz1XGw,48.8406621,2.3497999
517,Selva,5,,wine_bar,casual,,"22 Rue du Sommerard, 75005 Paris, France",75005,https://www.selva-restaurant.fr/,ChIJIZJUjzdx5kcRMPZzq6mQDvg,48.8503777,2.3447208
518,Signorvino,5,,wine_bar,casual,,"5 Pl. Saint-Michel, 75005 Paris, France",75005,https://www.signorvino.com/it/en/stores/%C3%AEle-de-france/paris/paris_5%2C_place_saint-michel/B076.html,ChIJfUGQTxVx5kcR7Vfx_YTcwDM,48.8532157,2.3443642
519,Sola,5,,,,,"12 Rue de l'Hôtel Colbert, 75005 Paris, France",75005,https://www.restaurant-sola.com/,ChIJZ3ZKSOFx5kcRJa7xR8aZU_g,48.851605,2.3483134
520,Solstice,5,,,,,"45 Rue Claude Bernard, 75005 Paris, France",75005,https://solsticeparis.com/,ChIJ_WtRdqJx5kcRejxK758qNRs,48.8401797,2.3458093
521,Sourire Galande tapas françaises,5,,wine_bar,casual,,"27 Rue Galande, 75005 Paris, France",75005,https://www.sourire-restaurant.com/sourire-le-restaurant,ChIJO9dAM-Fx5kcRoOV0t8Ovang,48.851107,2.3476575
523,Terra Nera,5,,,,,"18 Rue des Fossés Saint-Jacques, 75005 Paris, France",75005,http://terranera.fr/,ChIJF2r0D-hx5kcReqneTycZGEE,48.8454016,2.3442824
524,TRAM café-restaurant,5,,cafe,casual,,"47 Rue de la Montagne Ste Geneviève, 75005 Paris, France",75005,https://www.parislibrairies.fr/librairie-3339/paris/Tram-Librairie,ChIJHWIT8Olx5kcRrIW5eM_3Su0,48.8470061,2.3481962
525,U Mulinu,5,,,,,"28 Bd de l'Hôpital, 75005 Paris, France",75005,https://www.umulinuparis.fr/,ChIJ97Ogm_Zx5kcRFfVKdrGnpEk,48.8410497,2.3622432
528,ZAOKA,5,,cafe,casual,,"3 Rue des Patriarches, 75005 Paris, France",75005,https://m.facebook.com/zaokaparis/?locale2=fr_FR,ChIJBwmxhO5x5kcRq1xF0j6r9vw,48.8413563,2.3509841
535,AGATA,6,,,,,"168 Bd Saint-Germain, 75006 Paris, France",75006,https://agata-pizzeria.com/,ChIJ-xYtaQJx5kcRjDVl4LD5F4g,48.8534859,2.335274
536,Allard,6,,wine_bar,casual,,"41 Rue Saint-André des Arts, 75006 Paris, France",75006,https://www.restaurant-allard.fr/,ChIJfdZi-d5x5kcR2Ez_J64oZWY,48.8533444,2.3410139
537,Ambassade de Bourgogne,6,,wine_bar,casual,,"6 Rue de l'Odéon, 75006 Paris, France",75006,https://www.ambassadedebourgogne.com/,ChIJqVhOqt5x5kcRwWhrDCCa7Sw,48.8512706,2.3385973
538,Ambos,6,,,,,"38 Rue de Vaugirard, 75006 Paris, France",75006,https://www.ambos-restaurant.fr/,ChIJ660fev5x5kcRpI1e5zXVhr8,48.8493205,2.335224
539,Anima,6,,wine_bar,casual,,"78 Rue du Cherche-Midi, 75006 Paris, France",75006,https://anima.paris/,ChIJozVh8tJx5kcRJeJGiwBx5-E,48.8480489,2.323452
540,ATELIER d'ANDRÉ - Bistrot & Vins fins,6,,"bistro, wine_bar","casual, classic",,"36 Rue Saint-André des Arts, 75006 Paris, France",75006,https://www.atelier-andre.fr/,ChIJ-XDE9HZx5kcRGebhD8qQscY,48.853436,2.3417021
541,Au Chai De L' Abbaye,6,,,,,"Rue de Bourbon le Château, 75006 Paris, France",75006,https://auchaidelabbaye.fr/fr,ChIJDZwtHdlx5kcRHI8liNk8ZKM,48.8537477,2.3365394
544,Azabu,6,,,,,"3 Rue André Mazet, 75006 Paris, France",75006,https://www.azabuparis.com/,ChIJ5bbiKN9x5kcR4AMl8wDD7d4,48.8541302,2.339112
545,Baillotte,6,,,,,"16 Rue du Dragon, 75006 Paris, France",75006,https://www.restaurantbaillotte.fr/,ChIJkx6OB6dx5kcRmoa3OG1oEls,48.8535373,2.3308734
546,Bazurto,6,,wine_bar,casual,,"5 Rue de l'Ancienne Comédie, 75006 Paris, France",75006,https://www.bazurtorestaurant.com/,ChIJ35uK1sRx5kcR6AOvKADRLyY,48.8533513,2.3386892
548,Benchy,6,,,casual,,"50 Rue du Cherche-Midi, 75006 Paris, France",75006,,ChIJCaTO3Mtx5kcRftP7RbMGVyI,48.849221,2.325675
677,BICLA - Tacos de Canasta (restaurant traditionnel mexicain),6,,,,,"46 Rue Monsieur le Prince, 75006 Paris, France",75006,https://bicla.fr/,ChIJRx4ytz5x5kcRGWv3lG3N5-I,48.8486006,2.3402486
551,Blueberry Maki Bar,6,,,,,"6 Rue du Sabot, 75006 Paris, France",75006,https://www.blueberrymakibar.com/en,ChIJ4bG0R-px5kcR-YufGIIXUkc,48.8527706,2.3314671
552,Bouillon Chartier Montparnasse,6,,,,,"59 Bd du Montparnasse, 75006 Paris, France",75006,https://www.bouillon-chartier.com/montparnasse,ChIJ3RzfHs1x5kcRpBYaFaRZw5k,48.8442908,2.3233219
672,BRASS,6,,,,,"131 Bd Saint-Germain, 75006 Paris, France",75006,https://brass.paris/,ChIJAwbRTABx5kcR_dE0UrjoRjc,48.8529418,2.3360222
553,Brasserie des Prés,6,,,,,"6 Cr du Commerce Saint-André, 75006 Paris, France",75006,https://nouvellegardegroupe.com/brasserie-des-pres/infos-reservations,ChIJm_Si8glx5kcRd7Uq3X0ww6k,48.8529451,2.3391987
554,Brasserie Lutetia,6,,,,,"43 Bd Raspail, 75006 Paris, France",75006,https://www.hotellutetia.com/fr/brasserie,ChIJOz7If5hx5kcRJ27muAb4VHY,48.8512823,2.3271293
557,Casa Bini,6,,,,,"36 Rue Grégoire de Tours, 75006 Paris, France",75006,https://www.casabini.fr/,ChIJRT1VQdlx5kcRTsL38261t3Q,48.8522803,2.3374452
675,Cassaro's,6,,,,,"25 Rue de Buci, 75006 Paris, France",75006,https://www.cassaros.fr/,ChIJoSy-vOlx5kcRGlFJueDgbME,48.8536459,2.3367387
558,Chez Fernand,6,,,,,"13 Rue Guisarde, 75006 Paris, France",75006,https://www.restaurantchezfernand.fr/,ChIJ-1qyjdlx5kcRMX6oCe8oXzg,48.8518468,2.3344106
560,Chez Marcel,6,,,,,"7 Rue Stanislas, 75006 Paris, France",75006,https://chezmarcel.cool/,ChIJ13Is9M5x5kcRUKPKwh3phn0,48.8437602,2.3284019
561,Chez Nous,6,,wine_bar,casual,,"10 Rue Dauphine, 75006 Paris, France",75006,http://www.cheznousparis.com/,ChIJdddyXd9x5kcRQy5_exrssug,48.8558135,2.3401345
566,Coffee Club,6,,,,,"87 Rue d'Assas, 75006 Paris, France",75006,https://coffee-club.fr/,ChIJtU5zMcRx5kcRH6GOdPdq7_I,48.8421104,2.335263
567,Colvert,6,,,,,"30 Rue des Grands Augustins, 75006 Paris, France",75006,https://colvert.paris/,ChIJIdwiG8xx5kcR1VFti1Sth6s,48.853583,2.3401589
568,Comptoirs Les Deux Magots,6,,bakery,casual,,"2 Rue de Buci, 75006 Paris, France",75006,https://comptoirs-lesdeuxmagots.fr/pages/home,ChIJeUxpUwBx5kcR1EKRVhaMs7A,48.853811,2.338155
569,Cosi,6,,,,,"54 Rue de Seine, 75006 Paris, France",75006,http://www.facebook.com/Cosi-126474794072452/,ChIJYVDa49hx5kcR-HSbZ8Zta8I,48.8541217,2.3368896
570,Dandino,6,,wine_bar,casual,,"8 Rue de Buci, 75006 Paris, France",75006,http://www.dandinoparis.com/,ChIJ9UcutI1x5kcRfF0FYkwjN1E,48.8540243,2.3378037
572,Didon,6,,,,,"8 Rue du Dragon, 75006 Paris, France",75006,https://didonrestaurant.com/en,ChIJmUnWNT1x5kcR8EL2VvKUH1Q,48.8537625,2.3311074
1463,Douze Paris,6,,,,,"55 Rue des Saints-Pères, 75006 Paris, France",75006,https://douze.paris/,ChIJyzfyiPhx5kcRQ1Uj5qJftlA,48.854045,2.3303
573,Dragon - Cyril Lignac,6,,,,,"29 Rue du Dragon, 75006 Paris, France",75006,https://dragoncyrillignac.com/,ChIJV58PVihx5kcR1iBUTf4eSxY,48.8526515,2.3304688
574,Ducky's,6,,,,,"157 Bd du Montparnasse, 75006 Paris, France",75006,https://www.duckys.fr/,ChIJ4X7yYsZx5kcRVWcDbOW0Fds,48.8405755,2.334641
575,Dupin,6,,,,,"11 Rue Dupin, 75006 Paris, France",75006,https://www.restaurantdupin.com/,ChIJbVnmudNx5kcR1IA4uTrdgM4,48.8497811,2.3254604
577,Evi Evane Restaurant,6,,,,,"10 Rue Guisarde, 75006 Paris, France",75006,https://www.evievane.com/restaurant/index.php/fr,ChIJS3Ywjdlx5kcRTA0vouV1fYQ,48.851904,2.334296
580,Freddy,6,,,,,"54 Rue de Seine, 75006 Paris, France",75006,https://freddy-paris.shop/,ChIJfdVN49hx5kcRuAiELF2j7gI,48.8540895,2.3368976
585,GRAIN[S],6,,wine_bar,casual,,"6 Rue Mabillon, 75006 Paris, France",75006,https://grains.becsparisiens.fr/,ChIJqU2hlr1x5kcReiWdQSCxg08,48.8524951,2.3349481
587,HANDO Parisian Handroll Sèvres,6,,,,,"89 Rue de Sèvres, 75006 Paris, France",75006,https://www.handroll.fr/,ChIJl8oH3fRx5kcRMP4vN_R09FM,48.8491426,2.3222587
589,Huitrerie Régis,6,,,,,"3 Rue de Montfaucon, 75006 Paris, France",75006,https://huitrerie-regis.com/en/home,ChIJP6KsC9lx5kcREyHuyMJVza4,48.852766,2.336006
590,Jixiao’s Buns,6,,,,,"21 Quai des Grands Augustins, 75006 Paris, France",75006,https://jixiaosbuns.fr/en,ChIJ24UHGkFx5kcRVW4NQuVHIv4,48.8540473,2.3432704
591,Joséphine Chez Dumonet,6,,,,,"117 Rue du Cherche-Midi, 75006 Paris, France",75006,https://chezdumonet.com/,ChIJUa6ZvTJw5kcR3W8PtZgq2A8,48.8457904,2.3198704
597,L'ABRAISE,6,,,,,"117 Rue du Cherche-Midi, 75006 Paris, France",75006,https://www.labraise-paris.com/,ChIJkxdJfYxx5kcR3o8OafTbcbg,48.8457904,2.3198704
1929,L'ouzeri Paris Odéon,6,,wine_bar,casual,,"17 Rue Grégoire de Tours, 75006 Paris, France",75006,https://www.etsi-paris.fr/l-ouzeri,ChIJ1RQbBdJx5kcRNRXVAN7WOeo,48.853009,2.3379268
600,La Boissonnerie,6,,,,,"69 Rue de Seine, 75006 Paris, France",75006,https://www.fishlaboissonnerie.com/,ChIJbRyx5thx5kcRe4a41yI2kgw,48.8542133,2.3370615
602,La Closerie des Lilas,6,,cafe,casual,,"171 Bd du Montparnasse, 75006 Paris, France",75006,https://www.closeriedeslilas.fr/,ChIJD0MBxsZx5kcREfMy9IsrUTo,48.8401436,2.3360432
584,La Diva des Prés,6,,,casual,,"79 Rue de Seine, 75006 Paris, France",75006,https://ladivadespres.com/,ChIJFxCm1Ylx5kcR3zje0Un7i10,48.8535748,2.337083
605,La Ferrandaise restaurant de terroir Paris 6 table gourmande Gault&Millau 2026,6,,,,,"8 Rue de Vaugirard, 75006 Paris, France",75006,https://laferrandaise.com/,ChIJL3BIWChx5kcRhTX3ZW6ji5E,48.8490648,2.3398735
606,La Gentiane,6,,wine_bar,casual,,"4 Rue Stanislas, 75006 Paris, France",75006,http://www.gillespudlowski.com/136500/restaurants/paris-6e-une-gentiane-comme-en-auvergne,ChIJj8CaWc5x5kcR-sUhyQQt8h0,48.8442446,2.3285851
607,La Grande Crèmerie,6,,wine_bar,casual,,"8 Rue Grégoire de Tours, 75006 Paris, France",75006,https://lagrandecremerie-paris.fr/fr,ChIJKY6xOtlx5kcRc_O8WVzb5VY,48.8533765,2.3378425
608,La Grivoiserie,6,,,,,"3 Rue Sainte-Beuve, 75006 Paris, France",75006,https://lagrivoiserie.fr/,ChIJAUhOIRtx5kcR_2YSAPhmPsU,48.844203,2.329967
609,La Maison du Jardin,6,,,,,"27 Rue de Vaugirard, 75006 Paris, France",75006,https://restaurant-lamaisondujardin.fr/,ChIJWyUaZtBx5kcRiExEmuDrIkE,48.8482436,2.3314387
610,La Palette,6,,,,,"43 Rue de Seine, 75006 Paris, France",75006,https://www.lapalette-paris.com/,ChIJyfO5k9hx5kcREL2ZZVRFexE,48.8554318,2.3368618
612,La Table du Luxembourg,6,,,,,"Jardin du Luxembourg, 7 Rue Guynemer, 75006 Paris, France",75006,https://www.latableduluxembourg.com/,ChIJ4RJjzdpx5kcRhLgFl8MoLeE,48.8464714,2.3344889
613,Le 27 Madame,6,,,,,"27 Rue Madame, 75006 Paris, France",75006,https://www.le27madame.com/,ChIJQSKYkNBx5kcRzhNAu3ZMc34,48.8497788,2.3318609
615,Le Bon Saint Pourçain,6,,,,,"10bis Rue Servandoni, 75006 Paris, France",75006,https://www.bonsaintpourcain.com/,ChIJh_fyR9px5kcR7n63bBInsnI,48.8500729,2.3346529
617,Le Cherche Midi,6,,,,,"22 Rue du Cherche-Midi, 75006 Paris, France",75006,https://lecherchemidi.fr/,ChIJgYBGRNFx5kcRPK4FMFgg3SM,48.850703,2.328005
618,Le Choupinet,6,,"cafe, wine_bar",casual,,"58 Bd Saint-Michel, 75006 Paris, France",75006,http://lechoupinet.com/,ChIJBaN9AwBx5kcRiSRrpHFLFbo,48.8476555,2.3407853
619,Le comptoir du Relais,6,,,,,"9 Carr de l'Odéon, 75006 Paris, France",75006,https://www.hotel-paris-relais-saint-germain.com/restaurants/le-comptoir,ChIJlz74sd5x5kcRJKnMHqMw2x8,48.8519753,2.3388371
620,Le Méchoui du Prince,6,,,,,"36 Rue Monsieur le Prince, 75006 Paris, France",75006,https://www.lemechouiduprince.com/,ChIJMY56Wtxx5kcRVdSHXDG0C00,48.849151,2.340191
621,Le Petit Bouillon Vavin,6,,,,,"119 Bd du Montparnasse, 75006 Paris, France",75006,https://petitbouillonvavin.fr/,ChIJV_hp2l9x5kcRzNhaXizdWao,48.841937,2.3305309
622,Le Petit Lutetia,6,,wine_bar,casual,,"107 Rue de Sèvres, 75006 Paris, France",75006,https://le-petit-lutetia.paris/,ChIJQbl4Oi1w5kcReJP1pryXC6g,48.8483386,2.3206375
623,Le Petit Verdot,6,,,,,"75 Rue du Cherche-Midi, 75006 Paris, France",75006,https://www.le-petit-verdot.com/,ChIJD7vH8tJx5kcR5W0eYeNTLnw,48.847869,2.323569
624,Le Pont Traversé Paris 6,6,,cafe,casual,,"62 Rue de Vaugirard, 75006 Paris, France",75006,https://leponttraverse.com/,ChIJn2Jie9Bx5kcR_1okUEsMhN0,48.8485797,2.3318071
645,Le Procope,6,,cafe,casual,,"13 Rue de l'Ancienne Comédie, 75006 Paris, France",75006,https://www.procope.com/,ChIJdQn7zN5x5kcRhKnVo8EDJS0,48.8529913,2.3387975
1579,Le Select (Paris),6,,wine_bar,casual,,"99 Bd du Montparnasse, 75006 Paris, France",75006,https://www.leselectmontparnasse.fr/,ChIJPcO4w85x5kcRjh9ZKp6tkPQ,48.8426118,2.3284069
627,Lobineau,6,,,,,"7 Rue Lobineau, 75006 Paris, France",75006,https://lobineau.business.site/,ChIJdcRCe9lx5kcRdfHFZLgzEbk,48.851672,2.336312
628,Localino,6,,,casual,,"10 Rue de l'Odéon, 75006 Paris, France",75006,https://www.instagram.com/localinoparis?igsh=MWIyeXFiMjFrcDB6aw==,ChIJS72j9xlx5kcRN6Lgmkb_wZ8,48.8510442,2.3385414
1201,Luisa Maria,6,,,,,"12 Rue Monsieur le Prince, 75006 Paris, France",75006,https://maria-luisa.fr/fr,ChIJZ93xFdxx5kcR2EzAeVgToiM,48.8506814,2.3395482
629,Marcello,6,,wine_bar,casual,,"8 Rue Mabillon, 75006 Paris, France",75006,https://www.marcello-paris.com/en,ChIJwVHvmdlx5kcRO5SVWuNx8ns,48.8523771,2.3350184
630,Meshuga,6,,,,,"3 Rue Vavin, 75006 Paris, France",75006,https://www.meshuga.fr/,ChIJ4xaUA7tx5kcROqjf-D9TutU,48.8447258,2.332261
633,MORDU Saint Germain des Prés - Paris,6,,,,,"2 Rue Félibien, 75006 Paris, France",75006,https://www.mordu.paris/,ChIJn6QLUaBx5kcROpFEE2z50zc,48.852238,2.3365184
1482,Noisette,6,,,casual,,"145 Bd Raspail, 75006 Paris, France",75006,http://restaurantnoisette.fr/,ChIJR7x_sQtx5kcR14Z4Owi1n2Y,48.8422319,2.3297247
635,Oenosteria,6,,wine_bar,casual,,"40 Rue Grégoire de Tours, 75006 Paris, France",75006,https://www.oenosteria.fr/,ChIJzQQDRNlx5kcRddzbbLcmMJI,48.852116,2.337445
636,Oktobre,6,,,,,"25 Rue des Grands Augustins, 75006 Paris, France",75006,https://oktobre.fr/,ChIJL4Y_4t5x5kcRaQHOzdKOpiM,48.8537509,2.3404345
638,Osaba,6,,wine_bar,casual,,"29 Rue Saint-Placide, 75006 Paris, France",75006,https://www.osaba.fr/,ChIJPQeCNdJx5kcRLP2GIeCgpCE,48.8488999,2.3256229
641,Pizza Chic,6,,,casual,,"13 Rue de Mézières, 75006 Paris, France",75006,https://www.pizzachic.fr/,ChIJwTVc3dBx5kcRWgAu9Ociy_w,48.8501944,2.3307223
642,Polidor,6,,wine_bar,casual,,"41 Rue Monsieur le Prince, 75006 Paris, France",75006,https://www.polidor.com/en/home,ChIJUy4Drt5x5kcRkHl_c9NVwDM,48.8498263,2.34018
643,Poulet Poulette,6,,,,,"20 Rue Littré, 75006 Paris, France",75006,https://pouletpoulette.zenchef.com/,ChIJ2Rvgpc1x5kcRWFAFs2QV3iE,48.8447544,2.3242047
644,Près de Seine,6,,,,,"21 Rue de Seine, 75006 Paris, France",75006,https://www.pres-de-seine.com/,ChIJoXnnfztv5kcRnt1s430jSmc,48.8564799,2.3367901
647,Quinsou,6,,,,,"33 Rue de l'Abbé Grégoire, 75006 Paris, France",75006,https://www.quinsourestaurant.fr/,ChIJh1sXFdJx5kcRPk-FmWcYRfU,48.8476986,2.3254896
559,Restaurant Chez Lionel Paris 6,6,,,,,"6 Rue de Chevreuse, 75006 Paris, France",75006,https://www.facebook.com/Chez-Lionel-Restaurant-2202328413425830/?modal=admin_todo_tour,ChIJcak_tpFx5kcRl-j0PUkdMww,48.8417865,2.3314644
676,Sant Ambroeus Paris,6,,,,,"11 Rue Saint-Benoît, 75006 Paris, France",75006,https://www.santambroeus.com/fr-fr/pages/location-paris,ChIJKYkNn-dx5kcRA6_FZSnmNCA,48.854716,2.333106
649,Sauvage,6,,,,,"55 Rue du Cherche-Midi, 75006 Paris, France",75006,http://sauvageparis6.net/,ChIJwevGTdJx5kcRzLxsY0RXPQQ,48.8486151,2.3250093
651,Seulement Sea,6,,,,,"9 Rue Lobineau, 75006 Paris, France",75006,http://seulementsea.com/,ChIJs5xvt0hx5kcRwlLUWKQw0JE,48.8516544,2.3361099
652,SHIRO,6,,,,,"168 Bd Saint-Germain, 75006 Paris, France",75006,https://www.restaurantshiro.fr/,ChIJedgdvH5x5kcRmuo2q7c976w,48.8534752,2.3353283
657,Spiti Sou,6,,,,,"53 Quai des Grands Augustins, 75006 Paris, France",75006,https://www.spitisou.fr/,ChIJG-AIDLVx5kcRMnQOVEM8wx0,48.8552528,2.3414085
658,Steam Bar,6,,,,,"2 Rue du Sabot, 75006 Paris, France",75006,https://steambar.fr/en,ChIJc9o6Yupx5kcRznObTp2ITIE,48.8528738,2.3313927
650,Sétopa,6,,,,,"6 Rue Dupuytren, 75006 Paris, France",75006,https://www.instagram.com/setopa_paris?igsh=MWoyMjM2MDM0bTJxdg==,ChIJl8BALABx5kcRcqB9X8pffNA,48.8517392,2.3394058
654,Sôma Sando,6,,,,,"62 Rue de Vaugirard, 75006 Paris, France",75006,http://www.restaurants-soma.fr/soma-sando.html,ChIJc0B4qqdx5kcRZG4gRs1dJz4,48.8486408,2.3318359
594,Takuto,6,,,casual,,"71 Rue de Seine, 75006 Paris, France",75006,http://www.takuto.fr/,ChIJHZ6sv6lx5kcRvF0KFMl_yDs,48.8541356,2.3370418
660,TaoKan,6,,,,,"8 Rue du Sabot, 75006 Paris, France",75006,https://www.taokan.fr/,ChIJT3dmQNdx5kcROH3SNWmKGhY,48.8526252,2.331509
663,The Smiths Bakery,6,,"bakery, cafe",casual,,"12 Rue de Buci, 75006 Paris, France",75006,https://thesmithsbakery.shop/,ChIJk0zF39hx5kcRBn8cQxes_3M,48.8539362,2.3372788
101,TranTranZai,6,,,,,"47 Bd du Montparnasse, 75006 Paris, France",75006,https://trantranzai.fr/,ChIJkaroF1Nx5kcRwtSaDYsIELU,48.8446794,2.3221072
665,Tsukizi,6,,,,,"2 Bis Rue des Ciseaux, 75006 Paris, France",75006,https://www.tsukizi.fr/,ChIJBVh4xtlx5kcRtDpXLQmLIlI,48.8532369,2.3339897
666,Vita Ristorante,6,,,,,"9 Rue de l'École de Médecine, 75006 Paris, France",75006,https://vita-ristorante.fr/fr,ChIJFzwR6UVx5kcRnrQTWYKgjSE,48.8506406,2.3416042
669,Yabaï Sando,6,,"bakery, cafe",casual,,"3-5 Rue des Quatre Vents, 75006 Paris, France",75006,https://www.yabaisando.com/,ChIJL7xb4W1x5kcRbV05Ajbq1HY,48.8516601,2.3381322
670,Yen,6,,,,,"22 Rue Saint-Benoît, 75006 Paris, France",75006,https://www.yen-paris.fr/en/main,ChIJDaBthtdx5kcR9uLGSbVrKlw,48.854484,2.332758
671,Yoshinori,6,,,,,"18 Rue Grégoire de Tours, 75006 Paris, France",75006,https://www.yoshinori-paris.com/,ChIJtUlMOtlx5kcRJS7U0OQIPYc,48.8530058,2.3377407
595,Ze Kitchen Galerie,6,,,casual,,"4 Rue des Grands Augustins, 75006 Paris, France",75006,https://zekitchengalerie.fr/restaurant/ze-kitchen-galerie,ChIJGxxYC99x5kcRpd3qg8kfdgA,48.855031,2.341172
678,Aida,7,,,,,"1 Rue Pierre Leroux, 75007 Paris, France",75007,https://guide.michelin.com/en/ile-de-france/paris/restaurant/aida,ChIJ75JwXyxw5kcRqI3wcJMllY4,48.8502684,2.3186866
679,Akabeko - Restaurant fusion franco japonais,7,,,,,"40 Rue de l'Université, 75007 Paris, France",75007,https://akabekorestaurant.com/,ChIJW0ICZg5v5kcRvyEFYPJKYxo,48.8576715,2.3283996
680,Al Dente,7,,wine_bar,casual,,"38 Rue de Varenne, 75007 Paris, France",75007,http://www.restaurantaldente.com/,ChIJpafTH9Vx5kcRFYDBkk2LCdc,48.8542917,2.3233472
682,Au Petit Tonneau,7,,,,,"20 Rue Surcouf, 75007 Paris, France",75007,https://www.aupetittonneau.fr/,ChIJXcQIvtlv5kcRF650lC2T1yA,48.8606607,2.3093591
683,Au Pied de Fouet,7,,,,,"45 Rue de Babylone, 75007 Paris, France",75007,http://www.aupieddefouet.fr/tradition-7eme-menu.html,ChIJiUzXQj5x5kcRB3AdUUsXgJo,48.851615,2.3185997
684,Au Sauvignon,7,,,,,"80 Rue des Saints-Pères, 75007 Paris, France",75007,https://www.ausauvignon.com/,ChIJCaAbttZx5kcRaTI4ce454OY,48.8520045,2.3285123
685,Auberge Bressane,7,,,,,"16 Av. de la Motte-Picquet, 75007 Paris, France",75007,https://www.auberge-bressane.com/,ChIJSWR8mydw5kcRQJNKcxOyvn0,48.856537,2.308509
762,Auguste,7,,,,,"54 Rue de Bourgogne, 75007 Paris, France",75007,https://www.restaurantauguste.fr/,ChIJd5iHBSpw5kcR7DW8kyCpX6g,48.856344,2.316938
687,Birdy,7,,,,,"49 Av. Bosquet, 75007 Paris, France",75007,https://birdyhamburgers.com/,ChIJhf-5V99v5kcRBZUwyIgtCXA,48.8570826,2.3046299
688,Bistrot Belhara,7,,bistro,"casual, classic",,"23 Rue Duvivier, 75007 Paris, France",75007,https://bistrotbelhara.com/,ChIJHYW4eidw5kcRDoD3rxP6jzc,48.8564004,2.3074505
691,Café des Ministères,7,,"cafe, wine_bar",casual,,"83 Rue de l'Université, 75007 Paris, France",75007,https://www.cafedesministeres.fr/,ChIJ7ei1YNRv5kcRRf7j0QY-e2g,48.8606173,2.3192166
693,Café Max,7,,cafe,casual,,"7 Av. de la Motte-Picquet, 75007 Paris, France",75007,https://www.cafemax.fr/fr,ChIJeR7djCdw5kcROp_vWMyonpY,48.8564899,2.3092948
89,Café Petibon,7,,cafe,casual,,"47 Rue Cler, 75007 Paris, France",75007,https://petibon.fr/#boutique,ChIJ2wqD8KRx5kcRrJWqG2dQ2_4,48.8564265,2.3068067
698,Cucina Eat,7,,,,,"65 Av. de la Bourdonnais, 75007 Paris, France",75007,https://www.cucinaeat.com/,ChIJneELMTFx5kcRV5EL-3--lU0,48.857037,2.3014259
701,ECLIPSES By Cyril Choisne,7,,,,,"29 Rue de Beaune, 75007 Paris, France",75007,https://eclipses.fr/,ChIJP8ydvylu5kcRU-Li_tbRo3Y,48.8578,2.329343
702,Epoca,7,,,,,"17 Rue Oudinot, 75007 Paris, France",75007,https://www.epoca.paris/,ChIJN-zARCxw5kcR-WlsDK_x7PM,48.850201,2.317919
703,Fitzgerald,7,,,casual,,"54 Bd de la Tour-Maubourg, 75007 Paris, France",75007,https://fitzgerald.paris/#fitzgerald,ChIJsU2oOdhv5kcRfOa5j5inq5Q,48.858592,2.3098591
704,Fogon Ultramarinos,7,,,casual,,"38 Rue de Verneuil, 75007 Paris, France",75007,https://www.fogon-ultramarinos.com/,ChIJEaU1-UNv5kcRUTKan_1OKFY,48.8580627,2.3290708
705,Francette,7,,wine_bar,casual,,"1 Port de Suffren, 75007 Paris, France",75007,https://francette.paris/,ChIJU3if9Zxv5kcRJfwyLlF2eds,48.858805,2.2913978
772,Gloria,7,,,,,"108 Rue Saint-Dominique, 75007 Paris, France",75007,https://www.gloria-trattoria.com/,ChIJG23mCd9v5kcRLo5zOV7RYjw,48.8587101,2.302573
2352,Gloria Osteria Paris,7,,wine_bar,casual,,"41 Rue de Lille, 75007 Paris, France",75007,https://gloria-osteria.com/fr/gloria-osteria-paris?tracking=mybusiness-website&utm_source=google&utm_medium=organic&utm_campaign=mybusiness-website,ChIJe7cQj3Zv5kcRJ0YfQ8LFNzc,48.8588278,2.3282601
1925,Immersion Tour Eiffel - Brunch & Coffee,7,,,,,"83 Av. de la Bourdonnais, 75007 Paris, France",75007,https://immersionparis.fr/,ChIJERSBA3Nx5kcRq0S7eAuIvR0,48.8563698,2.3025088
766,Iodé Sushi,7,,sushi,casual,,"125 Rue Saint-Dominique, 75007 Paris, France",75007,https://www.iodesushi.com/en,ChIJA_gRYe9v5kcRZHj8tcIttxE,48.8584983,2.3028387
708,Kozy Bosquet,7,,cafe,casual,,"79 Av. Bosquet, 75007 Paris, France",75007,https://www.kozy.fr/kozy-bosquet,ChIJv4PgMydw5kcR9dfPxEJgUyg,48.8554447,2.3054898
710,L'Alma,7,,,,,"5 Av. Rapp, 75007 Paris, France",75007,https://www.cafe-de-l-alma.com/,ChIJ88XYQd5v5kcRcjWhCsyXDas,48.8608451,2.3015433
769,L'Arret by The Grey,7,,,,,"36 Rue de l'Université, 75007 Paris, France",75007,https://www.larretparis.fr/,ChIJcfkn7E1v5kcRJ05qXGqU4eg,48.8575252,2.3288548
711,L'Escudella,7,,,,,"41 Av. de Ségur, 75007 Paris, France",75007,https://www.escudella.fr/,ChIJ4dWZlCVw5kcRMu9H3OTFKRY,48.8505546,2.3091967
713,La Démocratie,7,,,,,"34 Bd Raspail, 75007 Paris, France",75007,https://www.restolademo.com/,ChIJs2oi2Q1x5kcRE0PuA3IwM8U,48.8527297,2.3260254
714,La Fontaine de Mars,7,,,,,"129 Rue Saint-Dominique, 75007 Paris, France",75007,https://www.fontaine-de-mars.com/,ChIJ_dBPoN9v5kcRt2CYxV1xzrM,48.8583982,2.3025519
765,La Petite Chaise,7,,,,,"36 Rue de Grenelle, 75007 Paris, France",75007,https://www.restaurantlapetitechaise.fr/,ChIJyY7RgdZx5kcRsMk4HKtzeQs,48.853874,2.327444
773,La Petite République,7,,,,,"62 Rue de Bellechasse, 75007 Paris, France",75007,https://www.lapetiterepublique.com/,ChIJta8xYQBx5kcRNtAY0ZjDu5M,48.8561725,2.32078
715,Laiterie Sainte-Clotilde,7,,,,,"64 Rue de Bellechasse, 75007 Paris, France",75007,https://lalaiteriesainteclotilde.fr/en,ChIJWWyu-x9x5kcRcitaDIS6Y-4,48.8560971,2.3206337
763,Le Basile,7,,"cafe, wine_bar",casual,,"34 Rue de Grenelle, 75007 Paris, France",75007,https://lebasile.fr/fr,ChIJoQwNgdZx5kcR1RS4Nl1s0cU,48.8537824,2.3277174
755,Le Bistrot de Paris,7,,bistro,"casual, classic",,"33 Rue de Lille, 75007 Paris, France",75007,https://lcep.fr/le-bistrot-de-paris,ChIJnwPlpClu5kcRJ-KsETuz344,48.8585085,2.3294352
757,Le Bistrot des Fables,7,,bistro,"casual, classic",,"139 Rue Saint-Dominique, 75007 Paris, France",75007,https://bistrotdesfables.fr/,ChIJF6AjH95v5kcRNgU_zgW_fd0,48.8581045,2.3015415
785,Le Boudoir,7,,wine_bar,casual,,"202 Bd Saint-Germain, 75007 Paris, France",75007,https://www.boudoirparis.fr/,ChIJrcZW9clx5kcRx7n1p1w7Xmo,48.8549834,2.3292303
690,Le Café de Mars,7,,"cafe, wine_bar",casual,,"11 Rue Augereau, 75007 Paris, France",75007,https://www.cafedemars.fr/,ChIJvZmnht9v5kcRjsZS2q-nAAE,48.8573806,2.302125
717,Le comptoir de la traboule,7,,wine_bar,casual,,"1 bis Rue Augereau, 75007 Paris, France",75007,https://comptoirdelatraboule.fr/en,ChIJO3-StIJv5kcRshrNqBBV6wA,48.8578967,2.3017798
767,Le Coucou Paris,7,,wine_bar,casual,,"35 Av. Duquesne, 75007 Paris, France",75007,https://lecoucou.paris/,ChIJezKqhiZx5kcRTAWG1wjk7iU,48.8517773,2.3104963
718,Le Florimond,7,,,,,"19 Av. de la Motte-Picquet, 75007 Paris, France",75007,http://www.leflorimond.com/,ChIJm4eKnydw5kcRFAIQkhhg1Lg,48.8557114,2.3080987
719,Le Gentil,7,,,,,"26 Rue Surcouf, 75007 Paris, France",75007,https://lefooding.com/restaurants/restaurant-le-gentil-paris,ChIJSxRDi9xv5kcRWwnNcVvAJ1Y,48.8602491,2.3094817
1999,Le Jardin de Saveurs,7,,,,,"25 Rue du Champ de Mars, 75007 Paris, France",75007,https://www.ceproc.com/ecole/notre-restaurant-dapplication,ChIJH5-WYyxx5kcRPpn3PY6asw8,48.8559558,2.3043458
768,Le Nusa Bistronomie indonesienne,7,,bistro,"casual, classic",,"36 Rue Fabert, 75007 Paris, France",75007,https://lenusa.fr/,ChIJrb0OnEdv5kcREskbzM0igEg,48.8596298,2.3111797
720,Le Petit Varenne,7,,cafe,casual,,"57 Rue de Bellechasse, 75007 Paris, France",75007,https://lepetitvarenne.fr/fr,ChIJI-G07ipw5kcRB_G9P__f0KY,48.8550758,2.3201269
722,Le Violon d'Ingres,7,,,,,"135 Rue Saint-Dominique, 75007 Paris, France",75007,https://leviolondingres.paris/,ChIJ3Z17mN9v5kcR6cy6VWhMWl8,48.8582148,2.3019196
723,Le Voltaire,7,,cafe,casual,,"27 Quai Voltaire, 75007 Paris, France",75007,https://restaurantlevoltaire.com/,ChIJp_uMAClu5kcRHez65e7i1pE,48.8590953,2.3302829
756,L’Ami Jean,7,,,,,"27 Rue Malar, 75007 Paris, France",75007,https://lamijean.fr/,ChIJjVT2MNlv5kcR4QtneAsLSdU,48.8602837,2.3060112
712,L’Inconnu,7,,,,,"4 Rue Pierre Leroux, 75007 Paris, France",75007,http://restaurant-linconnu.fr/,ChIJO2QhWSxw5kcRFC7r1nNl2II,48.8501605,2.3185686
726,Madame Brasserie,7,,,,,"1er, Tour Eiffel, 75007 Paris, France",75007,https://www.restaurants-toureiffel.com/fr/madame-brasserie.html,ChIJo5sOsudv5kcR5KbGiJXhb3w,48.8584166,2.2946008
727,Marcel,7,,,casual,,"15 Rue de Babylone, 75007 Paris, France",75007,http://www.restaurantmarcel.fr/,ChIJG2_iYdNx5kcRXiSCy3TFnr4,48.8516165,2.3230966
730,Ministry of Spice - Modern Indian Cuisine,7,,,,,"22 Av. Duquesne, 75007 Paris, France",75007,https://ministryofspice.fr/,ChIJWRYhRqlx5kcRroPkg-yHlzI,48.8513339,2.3103297
731,MiniYama,7,,,,,"58 Rue de Babylone, 75007 Paris, France",75007,https://www.instagram.com/miniyamaparis/,ChIJaSxeq6Jx5kcRoG7YsKI_DbA,48.8517913,2.3176684
759,Mojju,7,,,,,"4 Rue de l'Exposition, 75007 Paris, France",75007,https://mojju-restaurant.com/,ChIJ86t7GABv5kcRxUxx09z5Kws,48.8581582,2.3025114
732,Mon Square Restaurant,7,,,,,"31 Rue Saint-Dominique, 75007 Paris, France",75007,https://www.monsquarerestaurant.com/,ChIJzd6im_Bv5kcRZJCbfaQXAEc,48.8590312,2.3202311
733,NAKATANI RESTAURANT,7,,,,,"27 Rue Pierre Leroux, 75007 Paris, France",75007,https://www.restaurant-nakatani.com/,ChIJu5YsFy1w5kcRXZLyDsRiskI,48.848413,2.319595
734,Ojii,7,,,,,"6 Rue Perronet, 75007 Paris, France",75007,https://www.ojii.fr/,ChIJMUTPKE9x5kcRFwIsnXrRv4s,48.8553651,2.3304414
735,Oui Mon Général !,7,,,,,"14 Rue du Général Bertrand, 75007 Paris, France",75007,http://www.oui-mon-general.fr/,ChIJQzUcpy9x5kcR9JZ7dlhGc74,48.8478362,2.3131509
760,Penati al Baretto,7,,,,,"94 Bd de la Tour-Maubourg, 75007 Paris, France",75007,https://www.penatialbaretto.eu/,ChIJDXgecepv5kcRDxSL1JAXsj0,48.8543767,2.309326
736,Pertinence,7,,,,,"29 Rue de l'Exposition, 75007 Paris, France",75007,https://www.restaurantpertinence.com/,ChIJCUflYd9v5kcRdXFSXN7bOz0,48.8570844,2.3034952
770,Prévelle,7,,,,,"34 Rue Saint-Dominique, 75007 Paris, France",75007,https://prevelle.fr/,ChIJQXGR4M1v5kcRPzerL5FBK_U,48.8599917,2.3154213
740,Racines des Prés,7,,,,,"1 Rue de Gribeauval, 75007 Paris, France",75007,https://www.racinesdespres.com/,ChIJiy-Q-9Vx5kcRfio3tiPsmak,48.8562097,2.3268887
741,Ravi,7,,,,,"50 Rue de Verneuil, 75007 Paris, France",75007,http://restaurantravi.com/,ChIJh69bKCpu5kcRjsIi0VAKKQ8,48.8585306,2.3276202
695,Restaurant Cléo,7,,,,,"19 Bd de la Tour-Maubourg, 75007 Paris, France",75007,https://www.restaurantcleo.fr/,ChIJ_z4s3Nlv5kcRqRIM5cVK1LE,48.860506,2.310409
699,Restaurant David Toutain,7,,,,,"29 Rue Surcouf, 75007 Paris, France",75007,https://www.davidtoutain.com/,ChIJEfipg79v5kcRpfj267gqR0k,48.8602238,2.3097347
700,Restaurant Divellec,7,,,,,"18 Rue Fabert, 75007 Paris, France",75007,https://www.divellec-paris.fr/,ChIJv1HUW9dv5kcRSrNx_IaOe-g,48.8610635,2.3113546
707,Restaurant Gemellus,7,,,,,"37 Av. Duquesne, 75007 Paris, France",75007,http://gemellus-restaurant.fr/,ChIJDdlHVC9w5kcRAnOrwjpqu6k,48.8516649,2.3105913
753,Riviera Fuga,7,,wine_bar,casual,,"10 Port des Invalides, 75007 Paris, France",75007,https://rivieraparis.fr/,ChIJRQJBH5Fv5kcRFXwf6qpaz6E,48.863142,2.312379
742,Rosemarie,7,,,,,"149 Rue de l'Université, 75007 Paris, France",75007,https://www.rosemariebistrotparis.com/,ChIJ5WfhF3lv5kcRG8Myeur2YHw,48.8610626,2.3057627
743,Sancerre Rive Gauche,7,,,,,"20 Av. Rapp, 75007 Paris, France",75007,https://www.sancerrerivegauche.com/,ChIJFbIY0N9v5kcR-iryaVlj14w,48.8593484,2.3004343
744,Sapori di Parma,7,,,,,"56 Av. de la Bourdonnais, 75007 Paris, France",75007,https://lacarte.menu/restaurants/paris-1/sapori-di-parma,ChIJfy28GSJw5kcR7ne3-CI4Q2o,48.8561971,2.3021028
764,Table Penja,7,,,,,"2 Rue Sedillot, 75007 Paris, France",75007,https://tablepenja.paris/,ChIJDbpyKwBv5kcRzD2AWcV37xQ,48.859309,2.3012964
746,Tan Dinh,7,,,,,"60 Rue de Verneuil, 75007 Paris, France",75007,https://tan-dinh.fr/fr,ChIJoTOBMSpu5kcRX9qfIVA2sd8,48.8587081,2.3269345
748,Tomy & Co,7,,,,,"22 Rue Surcouf, 75007 Paris, France",75007,https://www.tomygousset.com/tomy-and-co,ChIJc-FTvNlv5kcRhrLo0P6xZIg,48.860531,2.309419
761,Vendémiaire,7,,,,,"54 Bd de la Tour-Maubourg, 75007 Paris, France",75007,https://vendemiaire.paris/en/home,ChIJZXCI_VFv5kcRi3Ry_nlMwx8,48.8586715,2.3097984
750,Vesper,7,,,casual,,"81 Av. Bosquet, 75007 Paris, France",75007,https://vesperparis.com/,ChIJaUJihchx5kcRE3q51HrMYqY,48.8552565,2.3055888
751,Via Del Campo,7,,wine_bar,casual,,"22 Rue du Champ de Mars, 75007 Paris, France",75007,https://via-del-campo.paris/,ChIJVVWlvCBw5kcRDxm5UwdWWPE,48.856156,2.3042038
752,Yamaya,7,,,,,"62 Rue de Babylone, 75007 Paris, France",75007,https://www.yamaya.fr/,ChIJAQCMiStw5kcRCnE5vivYuGc,48.8518184,2.3174236
776,24 Le restaurant,8,,,,,"24 Rue Jean Mermoz, 75008 Paris, France",75008,http://24lerestaurant.fr/,ChIJLe0K9sVv5kcRt9qr4CrfIZU,48.8710484,2.3118763
777,Akira Back Paris,8,,,,,"33 Av. George V, 75008 Paris, France",75008,https://www.akirabackparis.com/fr,ChIJx2NEgptv5kcRPJ7AHeThtUM,48.869143,2.3006579
310,Anna,8,,,,,"14 Rue Marbeuf, 75008 Paris, France",75008,http://www.restaurant-anna.com/,ChIJzVN9pdJv5kcRmYbJ3emfo68,48.8679838,2.3029968
780,Bar des Prés - Montaigne,8,,,,,"21 Rue Bayard, 75008 Paris, France",75008,https://www.bardespres.com/fr/paris/,ChIJNXkisWhv5kcR8qDfdxCElz0,48.8669455,2.307569
1183,"BBT (Le Bon, Le Beurre & Le Truand)",8,,,,,"6 Rue La Boétie, 75008 Paris, France",75008,,ChIJFakberNv5kcRnQK0V3n_FbM,48.874455,2.3184142
781,Beefbar,8,,wine_bar,casual,,"5 Rue Marbeuf, 75008 Paris, France",75008,https://beefbar.com/paris,ChIJdcVJaiNv5kcRVjRXMI54BVI,48.8674381,2.3019924
903,Biche,8,,,,,"129 Rue du Faubourg Saint-Honoré, 75008 Paris, France",75008,https://biche-restaurant.com/,ChIJpS0AwMFv5kcRIYTScanLO20,48.8733712,2.3092055
782,Bistro Hasard,8,,"bistro, wine_bar","casual, classic",,"7 Rue de l'Isly, 75008 Paris, France",75008,https://bistrohasard.com/,ChIJc-Ej1aRv5kcR58-r_GKwPI8,48.8746404,2.325752
783,Bistrot Cézanne,8,,"bistro, cafe","casual, classic",,"13 Av. Myron Herrick, 75008 Paris, France",75008,https://hankcinasky.wixsite.com/website,ChIJQyfNUMZv5kcR1vjxbwfdM10,48.8741965,2.3098861
786,Braise,8,,,,,"19 Rue d'Anjou, 75008 Paris, France",75008,https://www.braise.paris/,ChIJM7F_x-Nv5kcRz8dQrQXk3H0,48.8703243,2.3209255
828,Brasserie La Lorraine,8,,,casual,,"2 Pl. des Ternes, 75008 Paris, France",75008,https://www.brasserielalorraine.com/,ChIJFx3-JZVv5kcRbNWpjSMXP7g,48.87789,2.298893
787,Brasserie Lazare Paris,8,,,,,"Rue Intérieure, 75008 Paris, France",75008,https://lazare-paris.fr/,ChIJAbPJYTVu5kcRuFw8L6Iuy6M,48.8761412,2.3255888
789,Brasserie Pastis,8,,,,,"87 Bd Haussmann, 75008 Paris, France",75008,https://brasseriepastis.fr/,ChIJNY8pn31v5kcRTzHkhdndvbw,48.8744189,2.3209023
790,Buddha-Bar,8,,wine_bar,casual,,"8-12 Rue Boissy d'Anglas, 75008 Paris, France",75008,https://www.buddhabar.com/restaurants/buddha-bar-paris,ChIJRS81ac1v5kcRRUqQBmTTJJU,48.8680234,2.3214448
792,Café Chic,8,,cafe,casual,,"126 Rue du Faubourg Saint-Honoré, 75008 Paris, France",75008,https://www.cafechic.net/,ChIJ-w_-rchv5kcRjkzl4fu78sk,48.8722919,2.3127967
794,Café Mirette,8,,cafe,casual,,"1 Cr Paul Ricard, 75008 Paris, France",75008,https://www.lapantruchoise.com/caf%C3%A9-mirette,ChIJMZFLxJdv5kcRXjbXWNqqQ9c,48.8774036,2.3262422
797,Cantinetta Ventura,8,,,,,"49 Av. Franklin Delano Roosevelt, 75008 Paris, France",75008,https://www.cantinettaventura.fr/,ChIJYSgrWp5v5kcRCYzZmVz9eis,48.8702324,2.3097989
799,Chez Gala,8,,wine_bar,casual,,"6 Rue Arsène Houssaye, 75008 Paris, France",75008,https://chezgala.com/,ChIJI4rUi9Vv5kcRhEvHwX2-adg,48.8737349,2.2983679
800,Chez Ly,8,,,,,"8 Rue Lord Byron, 75008 Paris, France",75008,http://www.chezly.fr/,ChIJVVW5Eupv5kcRMMbpdzKqVAg,48.8734217,2.3001437
801,Chez Monsieur,8,,,,,"11 Rue du Chevalier de Saint-George, 75008 Paris, France",75008,http://www.chezmonsieur.fr/#les-restaurateurs,ChIJIcrA5DJu5kcRj3fEmjFRWQw,48.8687702,2.3249778
887,Chez Savy,8,,,,,"23 Rue Bayard, 75008 Paris, France",75008,https://lcep.fr/savy,ChIJf8LKNNtv5kcRdRter9C7uuQ,48.867046,2.307571
911,Clos d’Astorg,8,,,,,"22 Rue d'Astorg, 75008 Paris, France",75008,https://bookings.zenchef.com/results?rid=367742&pid=1001,ChIJM9liEmZv5kcRmfpjGj7ETCQ,48.873745,2.3196711
802,Contraste,8,,,,,"18 Rue d'Anjou, 75008 Paris, France",75008,https://www.contraste.paris/,ChIJnUjhHnFv5kcRrLZLgyVmwVw,48.8703982,2.3213319
1098,Em Sherif Cafe,8,,cafe,casual,,"134 Bd Haussmann, 75008 Paris, France",75008,https://emsherif-cafe.com/,ChIJNSvjTgBv5kcRBPslyG3hJLE,48.8754049,2.3141338
804,Enni Udon,8,,,,,"6 Rue de la Renaissance, 75008 Paris, France",75008,https://enniudon.com/,ChIJ2ay8R6hv5kcRK1z_uq2xfus,48.8674283,2.3027771
807,Ferona,8,,"cafe, wine_bar",casual,,"7 Rue du Chevalier de Saint-George, 75008 Paris, France",75008,http://www.ferona.fr/,ChIJWw1gVshv5kcRjJvqsPB7JsI,48.8684954,2.32475
912,Frivole,8,,wine_bar,casual,,"8 Rue Jean Goujon, 75008 Paris, France",75008,https://www.restaurant-frivole.com/,ChIJaea_MQpv5kcR_rRSGZEcB3w,48.8666806,2.3089971
808,Galanga par Monsieur George,8,,,,,"17 Rue Washington, 75008 Paris, France",75008,https://www.monsieurgeorge.com/Restaurant-Gastronomique-Galanga-par-Monsieur-George-Champs-Elysees,ChIJS4mhxwhv5kcR6nPiuO1DG6M,48.8729381,2.3025769
809,Gigi Paris,8,,wine_bar,casual,,"15 Av. Montaigne, 75008 Paris, France",75008,https://gigi-restaurant.com/en/gigi-paris,ChIJ4yOuo4Bv5kcR902Emk_T2Y4,48.8657065,2.3031404
810,Ginger,8,,wine_bar,casual,,"11 Rue de la Tremoille, 75008 Paris, France",75008,http://www.ginger-paris.com/en,ChIJi92O1cJv5kcRDZ__QzIYkQc,48.8673115,2.3031136
1562,Giulia Paris,8,,wine_bar,casual,,"20 Rue Quentin Bauchart, 75008 Paris, France",75008,https://www.restaurantgiulia.com/,ChIJCRyt6AJv5kcRHJX3ViwLQJk,48.8704156,2.3019408
811,Giusé Trattoria,8,,,,,"125 Rue du Faubourg Saint-Honoré, 75008 Paris, France",75008,https://www.giuse.fr/,ChIJpbBQsBBv5kcRfjCaYNUCweI,48.8732072,2.3095943
812,HATON-nous,8,,,,,"33 Rue de Liège, 75008 Paris, France",75008,https://www.haton-nous.fr/,ChIJ4Rz5JMlv5kcRvRNvFyVpxq4,48.8793627,2.3257983
813,Hôtel Lancaster Paris Champs Elysées,8,,wine_bar,casual,,"7 Rue de Berri, 75008 Paris, France",75008,https://www.hotel-lancaster.com/fr/restaurant-et-bar.html,ChIJ99VrKcJv5kcR2WtwYIY4oOQ,48.8722839,2.3035314
816,Imperial Treasure Fine Chinese Cuisine,8,,,,,"44 Rue de Bassano, 75008 Paris, France",75008,https://www.imperialtreasure.com/france,ChIJtcwJ8sRv5kcRK1e1LOEyoHg,48.8704646,2.2991597
910,Irwin,8,,,,,"22 Rue Cambacérès, 75008 Paris, France",75008,https://www.irwin.paris/,ChIJ12IFfgBv5kcRrXCid5q23Nk,48.8734701,2.3180004
902,L'Arôme,8,,,,,"3 Rue Saint-Philippe du Roule, 75008 Paris, France",75008,https://larome-paris.com/,ChIJZazvjMZv5kcREZMvWJYA6q8,48.8732201,2.3088875
1934,La Mascotte,8,,wine_bar,casual,,"6 Av. du Président Wilson, 75008 Paris, France",75008,https://la-mascotte-montmartre.com/,ChIJZZ-Ge91v5kcRCxvmb5Yv6NA,48.865141,2.3005457
830,La Traboule,8,,,,,"27 Rue de Penthièvre, 75008 Paris, France",75008,https://restaurantlatraboule.fr/en,ChIJYV7jJclv5kcR-8ZFC73INgI,48.8725796,2.3153001
831,Lafayette's restaurant rue d'Anjou,8,,,casual,,"8 Rue d'Anjou, 75008 Paris, France",75008,https://www.lafayettes-restaurant.com/,ChIJwc3gGxBv5kcRA5gJwhAAnbM,48.8698289,2.3209037
832,Laurent,8,,,,,"41 Av. Gabriel, 75008 Paris, France",75008,https://laurent.paris/,ChIJIcyBCs9v5kcR1CycD6sXI0I,48.8692529,2.3131794
913,Laïa Monceau,8,,,,,"28 Rue de Monceau, 75008 Paris, France",75008,https://www.fugafamily.com/restaurants/laia-monceau,ChIJo7PWWyBv5kcRXkkjzhjh2lE,48.8767933,2.3090176
784,Le Boeuf sur le Toit,8,,wine_bar,casual,,"34 Rue du Colisée, 75008 Paris, France",75008,https://boeufsurletoit.com/,ChIJfXfb3MVv5kcRriO2f5dNwCM,48.871404,2.310457
835,Le Camondo,8,,wine_bar,casual,,"61bis Rue de Monceau, 75008 Paris, France",75008,https://lecamondo.fr/,ChIJLYo3Ibhv5kcR42tFrovIwZI,48.8787413,2.3126304
838,Le Colonel Moutarde,8,,,,,"85 Bd Haussmann, 75008 Paris, France",75008,https://www.lecolonelmoutardeparis.fr/,ChIJHzKbAstv5kcRQPsDpcf5_iU,48.8743646,2.321439
841,Le Griffonnier,8,,,,,"8 Rue des Saussaies, 75008 Paris, France",75008,https://www.legriffonnier.com/,ChIJt8slps5v5kcRsaiKP9uhiCE,48.8711469,2.3172492
842,Le Mermoz,8,,wine_bar,casual,,"16 Rue Jean Mermoz, 75008 Paris, France",75008,http://lemermozparis.fr/,ChIJ4denjMVv5kcRAosGrioNpw0,48.8707341,2.3115407
843,Le Petit George,8,,,,,"37 Rue Washington, 75008 Paris, France",75008,https://lepetitgeorge.com/fr,ChIJO0lHD8Fv5kcROQxLadQQUy0,48.8739631,2.3040789
844,Le Piaf Paris,8,,,,,"38 Rue Jean Mermoz, 75008 Paris, France",75008,https://lepiaf-restaurant.com/en,ChIJ5SxpU89v5kcRd0WX5stFudY,48.872055,2.3126681
845,Le Rouge et le Verre,8,,,,,"28 Rue de Turin, 75008 Paris, France",75008,https://www.lerougeetleverre.fr/28-rue-de-turin,ChIJ7w-y8Wtu5kcRKvzdEYnY7B4,48.8818766,2.3247013
846,Le Stresa,8,,,,,"7 Rue Chambiges, 75008 Paris, France",75008,http://www.lestresa.com/stresa.html,ChIJzTOp09xv5kcRwKTzFQnt6ZY,48.866944,2.303653
851,Lucas Carton,8,,,,,"9 Pl. de la Madeleine, 75008 Paris, France",75008,https://www.lucascarton.com/,ChIJrf6XLDNu5kcRgypP8GERVqw,48.8696812,2.3231271
852,Ma Dame,8,,,,,"14 Rue de Marignan, 75008 Paris, France",75008,https://restaurant-ma-dame-paris.com/,ChIJmZhx5wVv5kcRRAANhPX06M0,48.8686716,2.3065394
853,MAD MEN PARIS,8,,,,,"8 Rue de Surène, 75008 Paris, France",75008,https://madmenparis.com/,ChIJVzhDhSdv5kcRk1CoEqKaNKc,48.870726,2.3217469
854,Maison Dubois,8,,,,,"2 Rue de Vienne, 75008 Paris, France",75008,https://maisonduboisparis.fr/,ChIJh9BitPxv5kcRJWNBL8T-JGk,48.876243,2.3213817
858,Mandoobar,8,,,,,"7 Rue d'Édimbourg, 75008 Paris, France",75008,http://www.mandoobar.fr/mandoobar.html,ChIJhZWV_7Rv5kcRxjdDwBCZ4Z8,48.8793158,2.3211478
859,Manko,8,,wine_bar,casual,,"15 Av. Montaigne, 75008 Paris, France",75008,https://manko-paris.com/en/home-en,ChIJK4jwId1v5kcRPwJFpw7bzY0,48.8655753,2.3030293
906,Marius et Janette,8,,,,,"4 Av. George V, 75008 Paris, France",75008,https://mariusetjanette-paris.com/,ChIJqXlcDd1v5kcRzOp2UKIkads,48.8652692,2.3017895
860,Market,8,,,,,"15 Av. Matignon, 75008 Paris, France",75008,https://www.restaurant-market.com/,ChIJ-eswZM9v5kcRGBChP8vwnJ0,48.8702638,2.3120823
863,Maxim's de Paris,8,,,,,"3 Rue Royale, 75008 Paris, France",75008,https://maxims-de-paris.com/fr/restaurant-2,ChIJdzhHTs1v5kcRxXjFhD75GM8,48.8674428,2.3223256
864,MIA MIA kitchen,8,,,,,"10 Rue Berryer, 75008 Paris, France",75008,https://www.instagram.com/miamiakitchen.paris?igsh=MTd2ZTlqMXB1Y2ZlZw%3D%3D&utm_source=qr,ChIJ8wBRgaxv5kcRUpgNEvGLxe8,48.8752702,2.3040484
239,Mirage Paris,8,,,,,"65 Rue Pierre Charron, 75008 Paris, France",75008,https://www.miragerestaurant.fr/,ChIJyyBgR4Vv5kcR4FBr0pBtlKI,48.8701396,2.3040972
867,Momen,8,,,,,"133 Bd Haussmann, 75008 Paris, France",75008,https://momenparis.com/,ChIJJZGS2FNv5kcRmwQnCMySGAM,48.8749924,2.313112
868,Mondaine de Pariso,8,,,,,"23 Rue de Ponthieu, 75008 Paris, France",75008,http://mondaine-depariso.com/,ChIJrUdktcVv5kcRzPVJtBXneyY,48.8707387,2.3092465
869,Monsieur Dior by Yannick Alléno,8,,,,,"32 Av. Montaigne, 75008 Paris, France",75008,https://www.dior.com/fashion/stores/fr_fr/france/paris/32-avenue-montaigne,ChIJ7xhl_uJv5kcRgbIR4pG7AWE,48.8667832,2.3065244
871,Mun,8,,wine_bar,casual,,"52 Av. des Champs-Élysées, 75008 Paris, France",75008,https://restaurant-mun.com/en,ChIJpz9btPFv5kcRklnB57DGbRg,48.8702653,2.3062357
873,Neva Cuisine,8,,,,,"2 Rue de Berne, 75008 Paris, France",75008,https://www.nevacuisineparis.com/,ChIJFwoVM0tu5kcR9SoGUDAh3Jg,48.8801331,2.3240601
875,Noto,8,,,,,"252 bis Rue du Faubourg Saint-Honoré, 75008 Paris, France",75008,https://noto-paris.com/,ChIJm4JmAMBv5kcRQX2GxVZayMI,48.8769587,2.3008512
877,Oh Vin Dieu !,8,,wine_bar,casual,,"19 Rue Treilhard, 75008 Paris, France",75008,https://oh-vin-dieu.eatbu.com/?lang=en,ChIJc3FIHMhv5kcRfFAbd9Opl24,48.876876,2.3133435
878,Okamé,8,,,,,"235 Rue du Faubourg Saint-Honoré, 75008 Paris, France",75008,https://www.facebook.com/okameparis,ChIJ5yeLLJVv5kcR6SPNg8sNgiw,48.8774125,2.2988696
879,ONOR par Thierry Marx,8,,,,,"258 Rue du Faubourg Saint-Honoré, 75008 Paris, France",75008,https://www.onor-thierrymarx.com/,ChIJswl0oJdv5kcR5M9tkvzjpnM,48.8773647,2.3005429
880,Origines,8,,,,,"6 Rue de Ponthieu, 75008 Paris, France",75008,https://www.origines-restaurant.com/en,ChIJ9fe5qYZv5kcRmU6zbLZxuEM,48.8702721,2.311283
907,Osè African Cuisine | Saint Lazare,8,,,,,"14 Rue du Rocher, 75008 Paris, France",75008,https://www.oseafricancuisine.com/,ChIJKY9_Ct5v5kcRbwdPLyfP3YI,48.876133,2.3228388
881,Ouistiti,8,,wine_bar,casual,,"58 Rue de l'Arcade, 75008 Paris, France",75008,https://www.ouistiti-restaurant.fr/,ChIJtQcBmaVv5kcRDdluKvoZVE0,48.8744306,2.3247997
883,Pavyllon Paris - Yannick Alléno,8,,,,,"8 Av. Dutuit, 75008 Paris, France",75008,https://www.yannick-alleno.com/fr/restaurants-reservation/pavyllon.html,ChIJNb0Vrftv5kcRMegtKrTeefg,48.8662387,2.3164818
249,Petit Bao - Ternes,8,,,,,"266 Rue du Faubourg Saint-Honoré, 75008 Paris, France",75008,https://www.baofamily.co/petitbao,ChIJ1Qq1Uvhv5kcRZZ0AeNNKu04,48.8776047,2.2995171
775,Restaurant & Bar 19.20 by Norbert Tarayre,8,,,,,"33 Av. George V, 75008 Paris, France",75008,https://www.19-20paris.fr/,ChIJIfDomZhv5kcRGke9wBF3AGI,48.869143,2.3006579
778,Restaurant Akrame,8,,,,,"7 Rue Tronchet, 75008 Paris, France",75008,https://www.akrame.com/,ChIJbZwQYu5v5kcR3uAetlru3Go,48.8714449,2.3252046
839,Restaurant LE Drugstore,8,,wine_bar,casual,,"133 Av. des Champs-Élysées, 75008 Paris, France",75008,https://www.publicisdrugstore.com/fr/le-drugstore,ChIJgfoVfI5v5kcRddBtmdEkm18,48.872519,2.2970641
905,Ristorante Napoletano,8,,,,,"18 Av. Franklin Delano Roosevelt, 75008 Paris, France",75008,https://www.facebook.com/ristorantenapoletano/,ChIJgRx23MVv5kcRlv_62evSHtM,48.871675,2.310276
885,Sadelle's at Kith Paris,8,,,,,"49 Rue Pierre Charron, 75008 Paris, France",75008,https://eu.kith.com/pages/sadelles,ChIJqcYUcZBv5kcRdxjmUVfWU-w,48.8691325,2.3021659
1549,SIMONE Paris,8,,,,,"60 Rue François 1er, 75008 Paris, France",75008,https://www.simonelerestolacave.com/,ChIJR8331sdv5kcRdXr6y5DhwHw,48.8698965,2.302023
747,Thiou Restaurant,8,,,,,"9 Rue Balzac, 75008 Paris, France",75008,https://restaurant-thiou.fr/en,ChIJ1S254QJv5kcRjwVbhv8D7bM,48.8736895,2.3003111
819,Udon Kisin,8,,,,,"7-9 Rue de Ponthieu, 75008 Paris, France",75008,http://udon-kisin.fr/en,ChIJ--uVl8Vv5kcRWL-x09zJ_6k,48.8702727,2.3105043
896,Verde,8,,wine_bar,casual,,"24 Av. George V, 75008 Paris, France",75008,https://verde-paris.fr/fr_fr/restaurant-verde-paris,ChIJV7AcusJv5kcRmmEQhryTUlQ,48.8676697,2.3015425
901,Zeffirino Paris,8,,,,,"9 Rue Marbeuf, 75008 Paris, France",75008,https://zeffirino-restaurant.com/paris,ChIJHQlSelFv5kcRvNdocCDdQFI,48.867804,2.3022033
904,Élysée–Saint-Honoré,8,,,,,"205 Rue du Faubourg Saint-Honoré, 75008 Paris, France",75008,https://lelyseesainthonore.com/,ChIJPRR7qchv5kcRdQn5CNgD8Ew,48.8763906,2.3017943
914,10 Pl. Pigalle,9,,,,,"10 Pl. Pigalle, 75009 Paris, France",75009,https://www.10pigalle.fr/,EiMxMCBQbC4gUGlnYWxsZSwgNzUwMDkgUGFyaXMsIEZyYW5jZSIwEi4KFAoSCaeq09xFbuZHEUzsTwIB_libEAoqFAoSCZeuYMVFbuZHET-PmwyBLvCR,48.8822146,2.3369551
916,Abri Soba,9,,,casual,,"10 Rue Saulnier, 75009 Paris, France",75009,https://www.abrirestaurant.fr/,ChIJl2szvj9u5kcRztUQCxoG-Ew,48.875074,2.3444734
917,Adami,9,,,,,"19bis Rue Pierre Fontaine, 75009 Paris, France",75009,https://mapstr.com/mapstore/fr/article/notion_2ed8b826-3ee3-449e-b0ad-02bf8d1d1e3f?~channel=newsletter&~feature=featured&_branch_match_id=1142102206227588513&_branch_referrer=H4sIAAAAAAAAA8soKSkottLXT8%2FXy00sKC4p0kvOz9V3Cis1DvcPKTZ0T7JXNXdNzkjMy0vNsc1LLS%2FOSS0pSS1SA4qmpSaWlBal2kLpFACkqBS9SwAAAA%3D%3D,ChIJ4_FJ0q1v5kcRO3RTnL4cxp8,48.8816085,2.3339448
918,Addis Ethiopia,9,,,,,"52 Rue Blanche, 75009 Paris, France",75009,https://addis-ethiopia-restaurant.business.site/,ChIJh-4IF0lu5kcRcbxMt1nYuxc,48.8802399,2.3315655
919,Aji Dulce Restaurant Venezuelien,9,,,casual,,"19 Rue Notre Dame de Lorette, 75009 Paris, France",75009,https://www.ajidulce.fr/,ChIJH3MBC0du5kcRVxrtuygx7w4,48.8779212,2.3379682
922,Ardent,9,,,,,"40 Rue Richer, 75009 Paris, France",75009,https://www.restaurant-ardentparis.com/,ChIJh49VPTFv5kcRpQCrh0NFbfg,48.8740954,2.3441176
1095,Argile restaurant,9,,,,,"4 Rue de Milan, 75009 Paris, France",75009,https://www.instagram.com/argile_restaurant/?hl=fr,ChIJI1msWs1v5kcRGGgBz0v1GAU,48.8790046,2.3290637
923,ASPIC,9,,,,,"24 Rue Louise-Émilie de la Tour d'Auvergne, 75009 Paris, France",75009,https://www.aspic-restaurant.fr/,ChIJ4xeFqUFu5kcRZlL1mE8bUUM,48.8791961,2.3437259
926,Au Petit Riche,9,,,,,"25 Rue Le Peletier, 75009 Paris, France",75009,https://www.restaurant-aupetitriche.com/,ChIJiS_6Fjlu5kcRlTC1oqEVTac,48.8731822,2.3384874
927,Aux 2 K,9,,,,,"5 Rue Louise-Émilie de la Tour d'Auvergne, 75009 Paris, France",75009,https://aux2k.fr/,ChIJe93J-PVv5kcRw8jez7VCZk0,48.878743,2.344853
928,"B.B.T (Le Bon, Le Beurre & Le Truand)",9,,,,,"31 Rue de Châteaudun, 75009 Paris, France",75009,https://www.bbtparis.com/,ChIJmU9DssNv5kcRROG8y7UVfSw,48.8759612,2.3369089
930,Banh Mi Oi!,9,,,,,"21 Rue Henry Monnier, 75009 Paris, France",75009,,ChIJA7ODQftv5kcR0YLY7JrSZVg,48.8803683,2.3374051
931,BAO & ME,9,,,,,"89 Rue du Faubourg Poissonnière, 75009 Paris, France",75009,https://baoandme.fr/,ChIJua-XbXNv5kcRj_XurDhAA3Q,48.8767838,2.3485748
938,Benjamin Schmitt Restaurant,9,,,casual,,"41 Rue Catherine de la Rochefoucauld, 75009 Paris, France",75009,https://schmittrestaurant.fr/,ChIJU22EryVv5kcR3XLR1CB5D68,48.8798528,2.3349295
939,Bien Élevé,9,,,,,"47 Rue Richer, 75009 Paris, France",75009,http://www.bieneleve.fr/,ChIJFU0rAj9u5kcRMB0C1loHk70,48.8740003,2.3433307
941,Bleu Bao,9,,,casual,,"8 Rue Saint-Lazare, 75009 Paris, France",75009,https://www.baofamily.co/bleu-bao,ChIJw6rkxQRv5kcRDnWJAoztlyo,48.8769273,2.3383897
1105,Bonne heure,9,,,,,"25 Rue de Douai, 75009 Paris, France",75009,https://www.bonneheure-paris.com/,ChIJE1s5yiNv5kcRSZSDbAz3UdY,48.8822815,2.3331565
944,Bouillon Chartier Grands Boulevards,9,,,,,"7 Rue du Faubourg Montmartre, 75009 Paris, France",75009,https://www.bouillon-chartier.com/grands-boulevards,ChIJ4xutfT5u5kcRaJn2NkiOhPU,48.8719224,2.3430304
946,Brion Restaurant,9,,,,,"17 Rue Lamartine, 75009 Paris, France",75009,https://www.brion-restaurant.fr/,ChIJAZdKRQBv5kcRYra1a9IvCL4,48.8764088,2.341863
1096,BRU Paris,9,,,,,"28 Rue Jean-Baptiste Pigalle, 75009 Paris, France",75009,https://www.bruparis.com/,ChIJ_9CTsKxv5kcRS_4OZuACC40,48.8793757,2.3338498
947,Buvette Paris,9,,wine_bar,casual,,"28 Rue Henry Monnier, 75009 Paris, France",75009,https://ilovebuvette.com/eat-drink-paris-location,ChIJcQXFZkZu5kcRM7dlSZoQVK8,48.88044,2.3377375
1010,Café Le Brebant,9,,"cafe, wine_bar",casual,,"32 Bd Poissonnière, 75009 Paris, France",75009,https://www.instagram.com/lebrebantparis/,ChIJy8Cpfz5u5kcRCHjk-Wx9xZs,48.8716164,2.3433206
948,Calice Alto,9,,"cafe, wine_bar",casual,,"4 Rue de Parme, 75009 Paris, France",75009,https://calicealto.com/,ChIJOWCzr85v5kcRin495oFWGRY,48.8814023,2.3280501
951,Carnet de Voyage,9,,,,,"4 Rue de Budapest, 75009 Paris, France",75009,https://carnetdevoyage9.com/,ChIJN9Uy7TVu5kcRfgQ1ol-e8Jo,48.8760727,2.3277431
952,Carni,9,,,,,"75 Rue Marguerite de Rochechouart, 75009 Paris, France",75009,https://carni-paris.eatbu.com/?lang=fr,ChIJu6jzRq5v5kcRBFfuOuLJlYU,48.8815116,2.3464119
953,Casa Mikuna,9,,,,,"53 Rue du Faubourg Poissonnière, 75009 Paris, France",75009,https://www.mikunaparis.com/,ChIJ4zlY-Ulv5kcRLOS9BTn1MD8,48.8745995,2.3479283
954,Chenapan,9,,,,,"28 Rue Louise-Émilie de la Tour d'Auvergne, 75009 Paris, France",75009,https://www.chenapan-restaurant.fr/,ChIJ__vwIoZv5kcRyW3IkqnaT68,48.8792046,2.3434184
957,Chez Plume,9,,,,,"6 R. des Martyrs, 75009 Paris, France",75009,https://chezplume.com/,ChIJz8_eXEdu5kcRBfqOYZLNFoo,48.8770394,2.33941
958,Chez Vincent,9,,,,,"56 Rue Saint-Georges, 75009 Paris, France",75009,http://www.restaurant-chez-vincent.com/,ChIJ8eiR28Nt5kcR3z-o7HHBEDg,48.8778698,2.3375802
959,"CHOUKRAN – Restaurant Marocain, Paris 9",9,,,,,"29 Rue Saint-Georges, 75009 Paris, France",75009,https://choukran.fr/,ChIJj6ehTH1v5kcRAWPUrcI6KDY,48.8764704,2.3370223
955,Chéri Charlot,9,,cafe,casual,,"33 Rue Richer 75009, 75009 Paris, France",75009,,ChIJa7_ptD9u5kcRBYaMDqnrMBY,48.8739367,2.3442814
960,Citrons et Huîtres,9,,wine_bar,casual,,"57 Blvd Marguerite de Rochechouart, 75009 Paris, France",75009,https://www.citronsethuitres.com/,ChIJ9y5Zhtlv5kcRJcPxK_0WC6k,48.8819349,2.3408133
961,CoCo,9,,,casual,,"Opéra Garnier, 1 Pl. Jacques Rouché, 75009 Paris, France",75009,https://restaurant-beaucoco.com/paris-fr/,ChIJ30Fg6Zhv5kcRgvus8YDQPHU,48.8718936,2.3324214
962,CODA,9,,,,,"15 Rue de la Tour des Dames, 75009 Paris, France",75009,https://bookings.zenchef.com/results?rid=358026&pid=1001&fullscreen=1,ChIJn_VFtt5v5kcRLkEqJanNEFQ,48.8777216,2.3323481
963,Corner Haussmann,9,,wine_bar,casual,,"28 Bd Haussmann, 75009 Paris, France",75009,https://www.corner-haussmann.fr/,ChIJDSmM3Tlu5kcRB3tNPAezvcM,48.8728689,2.3351003
965,CUISINE,9,,,,,"50 Rue Condorcet, 75009 Paris, France",75009,https://restaurantcuisine.fr/,ChIJAfBHIqpv5kcRAzGv5lzcN58,48.8802891,2.343246
967,DISCO BURGERS,9,,,,,"26 Rue de Douai, 75009 Paris, France",75009,https://instagram.com/disco.burgers?igshid=YmMyMTA2M2Y%3D,ChIJT9bK6hhv5kcR25EFOcUjScQ,48.882425,2.3331924
969,Django,9,,wine_bar,casual,,"24 Rue Victor Massé, 75009 Paris, France",75009,http://www.django-pigalle.fr/,ChIJ13SvH3Bv5kcRl8Sgj3Ka9oM,48.8809368,2.3380085
970,El Chingon,9,,,casual,,"66 Rue du Faubourg Montmartre, 75009 Paris, France",75009,https://elchingon.fr/home,ChIJ5WAg7Edv5kcRPMLROXdr2mc,48.8763558,2.3399522
971,El Lechón,9,,,,,"17 Rue Pierre Fontaine, 75009 Paris, France",75009,https://www.el-lechonparis.com/,ChIJfQHDsddv5kcRmyMnKNzaJkQ,48.8814417,2.334092
972,El Nopal Taqueria,9,,,,,"5 Rue Duperré, 75009 Paris, France",75009,https://www.elnopalparis.com/,ChIJwXnI5kVu5kcR9DVGzX_mhz4,48.8819802,2.3364629
976,Folie's café,9,,cafe,casual,,"16 Rue Geoffroy-Marie, 75009 Paris, France",75009,https://www.foliescafe.fr/,ChIJvU_JND5u5kcRiVOhC2GbtkM,48.8738143,2.3447399
978,Frenchie Pigalle,9,,,,,"29 Rue Victor Massé, 75009 Paris, France",75009,http://www.frenchie-pigalle.com/,ChIJS9ksY_tv5kcRti61O0igJUk,48.880856,2.3375085
980,Gargouille,9,,,,,"7 Rue Jean-Baptiste Pigalle, 75009 Paris, France",75009,https://www.gargouille-restaurant.fr/,ChIJQwkNiH9v5kcRambWgV_yC1I,48.878352,2.332222
982,GOSIER,9,,wine_bar,casual,,"27 Rue Claude Rodier, 75009 Paris, France",75009,https://www.gosier-paris.fr/fr,ChIJcTa2sO9v5kcR6mPKRPR5BgA,48.8789928,2.3430294
1106,Hallyu Kitchen,9,,,,,"6 Rue Henry Monnier 29 rue Clauzel, Pl. Gustave Toudouze, 75009 Paris, France",75009,https://www.hallyugroup.com/,ChIJoXQqJ61v5kcRwkLuNNviyzo,48.8792892,2.3371597
995,Kuna Naan,9,,,,,"39 Rue Jean-Baptiste Pigalle, 75009 Paris, France",75009,https://www.kunanaan.fr/,ChIJEQeo6_Zv5kcRh6HyjqVXCVY,48.8799872,2.3341054
992,Kémia Paris,9,,,,,"1 Rue Bergère, 75009 Paris, France",75009,https://www.restaurant-kemia.com/,ChIJZX133gFv5kcRTqmJUCV4NqA,48.8719735,2.347635
1000,L'Office,9,,,,,"3 Rue Richer, 75009 Paris, France",75009,https://www.office-resto.com/,ChIJNx8QCxVu5kcRsvXJ_CQNDvY,48.8739656,2.3473865
1002,La Condesa,9,,,,,"13 Rue Claude Rodier, 75009 Paris, France",75009,https://lacondesa-paris.com/en/le-restaurant,ChIJz2yx5EBu5kcRTqLAalRfNFU,48.878263,2.3425556
1003,La Penela,9,,,,,"7 Rue de la Boule Rouge, 75009 Paris, France",75009,https://www.lapenela.com/fr,ChIJUYgOHrRv5kcRAmjU6AdVpY0,48.8735959,2.3446548
1005,La Riposte,9,,,casual,,"19 Rue de Bruxelles, 75009 Paris, France",75009,https://bookings.zenchef.com/results?rid=361120&pid=1001&fbclid=PAAaZ0EdRELuuf-siwiPp2yqEt192-1WmZ6gy2axktjoCO39bUADCfRnbt2Bo,ChIJHfdVRXtv5kcRNydg8HNDJLY,48.882842,2.328846
1006,LAO Pigalle,9,,wine_bar,casual,,"7 Rue de Douai, 75009 Paris, France",75009,https://www.laoparis.fr/,ChIJaa-M5Rxv5kcRBYiWHORrV_4,48.8813369,2.3356101
943,LAZU Restaurant (Bouillon47),9,,,casual,,"47 Rue Marguerite de Rochechouart, 75009 Paris, France",75009,https://www.lazu.fr/,ChIJk1bIy0Fu5kcR2hnJCvRJpm0,48.8790957,2.3454481
1007,Lazzi,9,,"cafe, wine_bar",casual,,"10 Pl. Édouard VII, 75009 Paris, France",75009,https://lazzi.fr/fr,ChIJn6MnRZVv5kcRG8qfSavtgt4,48.8712286,2.329486
1008,Le Beaucé,9,,,,,"43 Rue Richer, 75009 Paris, France",75009,https://www.lebeauce.fr/,ChIJA-FZe6Zv5kcRF342Ng7fdWc,48.8739904,2.3435374
1009,Le Bon Georges,9,,,,,"45 Rue Saint-Georges, 75009 Paris, France",75009,https://www.lebongeorges.paris/,ChIJ8R9ZmEdu5kcRJl7X5mDD2us,48.8776756,2.3371619
950,Le Carmen,9,,wine_bar,casual,,"34 Rue Duperré, 75009 Paris, France",75009,http://www.le-carmen.fr/,ChIJH1ZMNk9u5kcRHg_dVYwGDnU,48.8820846,2.3342194
1011,Le Chouf,9,,,,,"93 Rue Marguerite de Rochechouart, 75009 Paris, France",75009,,ChIJkZO5cpFv5kcRF-q9mEZZBYc,48.8828266,2.3466986
1012,Le Comptoir Boutary,9,,,,,"32 Rue Catherine de la Rochefoucauld, 75009 Paris, France",75009,https://www.comptoir-boutary.com/,ChIJe1X3kQlv5kcR_TZlCBakvMo,48.8792195,2.3348577
1013,Le Pantruche,9,,,,,"3 Rue Victor Massé, 75009 Paris, France",75009,https://www.lapantruchoise.com/lepantruche,ChIJNQoJuUZu5kcRFmtyuQGSgi8,48.8804923,2.3396386
1015,Le Tire-Bouchon Rodier,9,,,,,"47 Rue Claude Rodier, 75009 Paris, France",75009,https://www.letirebouchonrodier.com/,ChIJW3bGDABv5kcRKZ-wUqwNkX0,48.8804098,2.3437572
1017,Les Diamantaires,9,,,,,"60 Rue La Fayette, 75009 Paris, France",75009,https://www.lesdiamantaires.com/,ChIJF5mgcT9u5kcRr4q8S0mu6nk,48.8754268,2.3427195
1020,Les Sardignac,9,,wine_bar,casual,,"27 Rue Richer, 75009 Paris, France",75009,https://www.lessardignac.fr/,ChIJe2O8zT9u5kcRrGEbv5wiQLQ,48.8739727,2.3450212
1021,Little Baobei,9,,,casual,,"7 Rue de Châteaudun, 75009 Paris, France",75009,,ChIJTdPyRD9u5kcRXtU8u3Yjj4Q,48.8756947,2.3415168
1022,LOCO,9,,,,,"31 bis Rue du Faubourg Montmartre, 75009 Paris, France",75009,https://www.loco-restaurant.fr/,ChIJL5C0Ij9u5kcRX1wieEGLlEE,48.873729,2.342479
1025,Luz Verde,9,,wine_bar,casual,,"24 Rue Henry Monnier, 75009 Paris, France",75009,https://luzverde.fr/,ChIJg_LiZkZu5kcRNB9ElPrdwlM,48.8803939,2.3376168
1027,Magnà Street Food,9,,,casual,,"48 Rue Notre Dame de Lorette, 75009 Paris, France",75009,https://www.magnalapizza.com/nos-restaurants,ChIJ8ZzoSWFv5kcRtUTw8rRSc9M,48.8795918,2.3362627
1028,Maison Lautrec,9,,wine_bar,casual,,"63 Rue Jean-Baptiste Pigalle, 75009 Paris, France",75009,http://www.maisonlautrec.fr/,ChIJzey5BUZu5kcRkSiXFFdqm2s,48.8811903,2.3359505
1029,Maison Louvard,9,,bakery,casual,,"11 Rue de Châteaudun, 75009 Paris, France",75009,https://maisonlouvard.fr/,ChIJXUJjHI9v5kcRaVQmBJ0E8nc,48.8757237,2.3406146
1030,Maison Zhang,9,,,,,"16 R. des Martyrs, 75009 Paris, France",75009,,ChIJdzQNoppv5kcRSeC-AV5UajM,48.877543,2.33957
1950,MAJOUJA,9,,,,,"43 Rue Laffitte, 75009 Paris, France",75009,https://www.majoujaparis.fr/,ChIJq869L7pv5kcRS95kHgTXpuc,48.8752717,2.3383416
1032,Manigua,9,,wine_bar,casual,,"7 Rue Choron, 75009 Paris, France",75009,https://manigua.paris/,ChIJMRW6DGVv5kcR6X5k2N8kXlw,48.8773467,2.3411697
1103,Mantra,9,,,,,"17 Rue Claude Rodier, 75009 Paris, France",75009,https://mantra-paris.fr/,ChIJ9ZZjGABv5kcRlLM_ZGcLdhM,48.878566,2.3427292
1034,Marie Akaneya,9,,,,,"12 Rue Godot de Mauroy, 75009 Paris, France",75009,https://marieakaneya.com/,ChIJhVJG8_dv5kcRsd6zSQn8xro,48.8707852,2.3270765
238,Mian Fan,9,,,,,"20 Rue de Mogador, 75009 Paris, France",75009,https://mianfan.fr/restaurant-asiatique-paris-grands-boulevards,ChIJgcYhTjZu5kcRinPGCEZU3eE,48.8748295,2.3315236
1042,MINORE,9,,wine_bar,casual,,"4 Av. Trudaine, 75009 Paris, France",75009,https://minore.fr/,ChIJvZaucYJv5kcRgnV-InpMUZM,48.881991,2.3458701
1043,Mistinguett,9,,,,,"16 Rue de Clichy, 75009 Paris, France",75009,https://mistinguett.paris/,ChIJL13Ngvdv5kcRUXbGmwC1Vww,48.8784646,2.3305758
1044,Momoka,9,,,,,"24 Rue Jean-Baptiste Pigalle, 75009 Paris, France",75009,https://www.momoka.paris/,ChIJlY2mtElu5kcR1sVK87T90Zg,48.8791941,2.3336367
1101,Mumbai Café,9,,cafe,casual,,"6 Rue de Trévise, 75009 Paris, France",75009,https://www.tandoor-club.com/,ChIJGZmFDABv5kcRcQMRGX3Atig,48.8729219,2.3451871
1047,Neko Ramen,9,,,casual,,"6 Rue de la Grange Batelière, 75009 Paris, France",75009,https://www.nekoramen.fr/,ChIJdWL3xbFv5kcR5iRurMu6qDs,48.8731458,2.3423145
1048,NESO,9,,,,,"3 Rue Papillon, 75009 Paris, France",75009,https://neso.paris/,ChIJha4y7zFv5kcRQ2uALYab4lo,48.8760206,2.3474733
1049,Nissi,9,,,,,"4 Rue Pierre Fontaine, 75009 Paris, France",75009,https://www.nissiparis.com/,ChIJ6Wz0D2Bv5kcRvqONofOnK4Q,48.8807044,2.3350537
1050,Nouilles Ceintures,9,,,,,"17 Rue du Faubourg Montmartre, 75009 Paris, France",75009,https://nouillesceintures.fr/,ChIJGW4nQQBv5kcRvHA-V6zntl8,48.8725894,2.3429812
1052,ONYX,9,,,,,"71 Rue de Provence, 75009 Paris, France",75009,https://restaurantonyx.com/,ChIJNdaguHBv5kcRNJkigMhDU_Q,48.8742183,2.3324602
1097,Palacio Paris,9,,,,,"3 Rue Taitbout, 75009 Paris, France",75009,https://palacioparis.com/#RESA,ChIJQSojuMJv5kcRPAdln3umfMc,48.8718758,2.336262
1054,PAPI Restaurant,9,,,,,"46 Rue Richer, 75009 Paris, France",75009,https://www.papirestaurant.fr/,ChIJE5b0rw5v5kcRX7SY0kVRZK8,48.8742009,2.3437086
1056,Paris Boca,9,,,casual,,"32 Rue Pierre Fontaine, 75009 Paris, France",75009,https://parisboca.fr/fr,ChIJSfL1Y1Vv5kcR4GGyblTvxdI,48.8825699,2.3335957
1057,Passionné,9,,,,,"17 Rue Bergère, 75009 Paris, France",75009,https://restaurantpassionne.com/,ChIJ9fq2je1v5kcRZY-ReLUsuB8,48.8722139,2.3455604
1102,Patsy,9,,,,,"26 Rue Bergère, 75009 Paris, France",75009,https://restaurant-patsy.com/,ChIJn-_lThtv5kcRetE6OLq5tbo,48.8725823,2.3446461
1060,Peppe Pizzeria Martyrs,9,,,casual,,"61 R. des Martyrs, 75009 Paris, France",75009,https://peppe.pizza/peppe-martyrs,ChIJsSBXkz9v5kcRtPl2X806ZSs,48.8810102,2.339982
1061,Perception,9,,,,,"53 Rue Blanche, 75009 Paris, France",75009,https://www.restaurant-perception.com/,ChIJh0LgEaNv5kcRSr67VO7n0Vc,48.8812402,2.3313732
1064,Pink Mamma,9,,,,,"20bis Rue de Douai, 75009 Paris, France",75009,https://www.bigmammagroup.com/fr/trattorias/pink-mamma,ChIJaYIUUk9u5kcRfAhRNL_ZJgw,48.8819469,2.3345309
250,Pique-Poule,9,,,,,"24 Rue Godot de Mauroy, 75009 Paris, France",75009,https://www.pique-poule.com/,ChIJefrCijNu5kcRk7qk77Zqqak,48.8716265,2.3272596
1066,Pirojki Bar,9,,,,,"29 Rue Richer, 75009 Paris, France",75009,http://pirojkibar.com/,ChIJNwh6Xilv5kcReQRVVZBsXP4,48.8739789,2.3445639
1068,Pizzou Pigalle,9,,,,,"28 Rue de Douai, 75009 Paris, France",75009,https://pizzou.fr/pizzerias/pigalle,ChIJjXoAJE9u5kcRc16kPeQ_2GI,48.882538,2.3329611
1070,Pristine,9,,,,,"8 Rue de Maubeuge, 75009 Paris, France",75009,https://pristineparis.com/,ChIJn3-5-_Nv5kcRH3uWxAu5_oI,48.8763061,2.3411926
1071,Privé de dessert | Restaurant de trompe-l’œil,9,,,,,"4 Rue Lallier, 75009 Paris, France",75009,https://www.privededessert.com/,ChIJEbvPVEFu5kcRTJ5qqFyLyxg,48.8814434,2.3412771
1073,Rempah,9,,,,,"69 Rue de Dunkerque, 75009 Paris, France",75009,https://rempah-restaurant-paris.eatbu.com/?lang=en,ChIJL3jBVilv5kcRxnj2uMDK7DQ,48.8815113,2.3478894
949,Restaurant Can Alegria Paris Pigalle,9,,wine_bar,casual,,"73 Rue Jean-Baptiste Pigalle, 75009 Paris, France",75009,https://www.canalegriaparis.com/,ChIJs81H3kVu5kcRl15R15_7vuI,48.8817751,2.3367717
984,Restaurant franco-italien Il Cuoco Galante - Paris 9,9,,,,,"36 Rue Condorcet, 75009 Paris, France",75009,https://www.ilcuocogalante.com/,ChIJ56tnwEFu5kcRfWMeHsjARF4,48.8800117,2.3451315
1041,Restaurant Mieux Paris 9,9,,"cafe, wine_bar",casual,,"21 Rue Saint-Lazare, 75009 Paris, France",75009,https://www.mieux-restaurant.com/#1,ChIJ7Ylc4Vhv5kcRZAgTOtQB0_Q,48.876618,2.3369397
1072,Restaurant Quelque part,9,,,casual,,"1 Rue Ambroise Thomas, 75009 Paris, France",75009,https://www.quelquepart-restaurant.com/,ChIJpdqgn8lv5kcRmypX7y2Jgvk,48.8742334,2.3471587
1045,Restaurant Thaï Moom Mam,9,,,,,"19 Rue de Mogador, 75009 Paris, France",75009,https://www.moommam.fr/,ChIJBUMESDZu5kcRjgl2d_L3rQg,48.8746969,2.3312723
1089,Restaurant Willette Café Troquet,9,,"cafe, wine_bar",casual,,"21 Rue de Trévise, 75009 Paris, France",75009,https://willette.zensites.zenchef.com/,ChIJHWk4Wu1v5kcR14_BVn3oeCg,48.8738613,2.3451294
259,Riha Durum,9,,,,,"11 Rue du Faubourg Montmartre, 75009 Paris, France",75009,https://www.facebook.com/pages/category/Sandwich-Shop/Riha-Durum-109498247097526/,ChIJtbe20wFv5kcRCvx9I2EJiGM,48.8721718,2.3429909
1075,Scarpetta,9,,,,,"72 Rue Marguerite de Rochechouart, 75009 Paris, France",75009,https://www.scarpetta-paris.fr/,ChIJBSdSRQBv5kcRUE84s9j3iOo,48.8816405,2.3466989
1077,Sep Lai,9,,,,,"11 Rue Buffault, 75009 Paris, France",75009,https://seplai.fr/,ChIJeaZkB1Bv5kcRwjqsRO7mhWs,48.875571,2.3418146
1078,Shinjuku Pigalle,9,,,,,"52 Rue Condorcet, 75009 Paris, France",75009,https://www.shinjukupigalle.com/,ChIJtdEGqAVv5kcRcuAHjAwYHwM,48.88031,2.3430763
1079,Snack Attack,9,,,,,"27 Rue Marguerite de Rochechouart, 75009 Paris, France",75009,https://snack-attack.fr/,ChIJ58AjnBpv5kcRPe-PRCtZgXs,48.8780075,2.3447808
1080,So Noodles,9,,,,,"46 bis Rue de Clichy, 75009 Paris, France",75009,https://www.sonoodles.fr/en/homepage,ChIJn1dJFWVv5kcREL50dRpav8c,48.8800114,2.3291484
1081,Sōma Milton,9,,,,,"4 Rue Milton, 75009 Paris, France",75009,http://restaurants-soma.fr/soma_milton.html,ChIJX2ZigaRv5kcRFhGkiC63cm4,48.8769177,2.340764
1083,Thai House Restaurant,9,,,,,"42 Rue Claude Rodier, 75009 Paris, France",75009,https://thaihouseparis.wixsite.com/monsite,ChIJN8LgB0Fu5kcRMiqwDYESUBI,48.8795034,2.3434725
1099,Torkia Paris,9,,,,,"79 Rue Blanche, 75009 Paris, France",75009,https://www.instagram.com/torkiaparis/?hl=fr,ChIJ9zws0P5v5kcRY9iZZdSajYs,48.8832456,2.3320837
1085,Tsubame,9,,,,,"40 Rue de Douai, 75009 Paris, France",75009,,ChIJbU7-505u5kcRncVI5Jq8K8I,48.8829207,2.3320017
1104,UKIYO RAMEN,9,,ramen,casual,,"6 Rue de Douai, 75009 Paris, France",75009,https://ukiyoramen.fr/,ChIJm1iHcUVv5kcRLTiBGRa5dnI,48.8815197,2.3358076
1087,Vermillon,9,,,,,"1 Rue de Calais, 75009 Paris, France",75009,https://vermillon-restaurant.fr/?lang=fr,ChIJc9ahyYdv5kcRPClqhSqOOrg,48.8821625,2.3316704
1435,Vif Expertise,9,,,,,"49 Rue de Châteaudun, 75009 Paris, France",75009,http://www.vif-expertise.com/,ChIJMfk-E65x5kcR1NqRkmPuLJM,48.8761213,2.334263
1091,Yorgaki cafe,9,,cafe,casual,,"45 R. des Martyrs, 75009 Paris, France",75009,https://yorgaki.fr/,ChIJHzhe1v1v5kcR23jK8j2rjXU,48.8797026,2.3400274
1093,Zinzin,9,,,casual,,"5 Rue Jean-Baptiste Pigalle, 75009 Paris, France",75009,https://www.parisbouge.com/place/5733,ChIJ28hIRlJv5kcRyu02DCAi_FQ,48.8781786,2.3321621
1250,Adela,10,,,,,"20 Rue du Faubourg Poissonnière, 75010 Paris, France",75010,https://adela-pasta.com/,ChIJX0e2o95v5kcRdf01SWhnrf8,48.872315,2.348008
1110,Afendi,10,,,,,"84 Rue du Faubourg Saint-Denis, 75010 Paris, France",75010,https://afendi-paris.com/,ChIJ6Q-dHmJv5kcRJJTIKtUHqHY,48.87386,2.355256
1112,Ama,10,,,,,"2 Rue Bichat, 75010 Paris, France",75010,https://www.ama-paris.fr/,ChIJF-etFpht5kcR4VXGgtnctj4,48.8695859,2.3693877
1113,Arbela,10,,wine_bar,casual,,"49 Rue de l'Échiquier, 75010 Paris, France",75010,https://arbelarestaurant.com/,ChIJqcc_Ylxv5kcRm0Hi3jhQmCI,48.8718192,2.3483678
359,Au P'tit Curieux,10,,,casual,,"27 Rue de Sambre-et-Meuse, 75010 Paris, France",75010,https://auptitcurieux.com/,ChIJpcY4vuBt5kcRkFm7FJY0yP0,48.8747118,2.3726795
1266,Avant Comptoir du Grouin,10,,wine_bar,casual,,"8 Rue de Belzunce, 75010 Paris, France",75010,,ChIJSamS8OBv5kcRLGs-OI_yaYo,48.8794857,2.3523529
1114,Baba Zulu Soul Food & Southern Kitchen,10,,,,,"23 Rue Beaurepaire, 75010 Paris, France",75010,,ChIJ9y9rquVv5kcRvlEXSjDs0fg,48.871174,2.364065
1115,BARAK - Poissonnière,10,,,,,"62 Rue du Faubourg Poissonnière, 75010 Paris, France",75010,https://barak.fr/,ChIJzUNl1P9v5kcRVC0b3b3W-Uc,48.8754581,2.3483696
1119,Billili,10,,,,,"136 Rue du Faubourg Poissonnière, 75010 Paris, France",75010,https://www.facebook.com/Billili-188000842132545/,ChIJsXTpwFVv5kcRF3fX9d7Sy4g,48.8806669,2.3499621
1120,Blossom Burgers,10,,wine_bar,casual,,"26 Rue de Chabrol, 75010 Paris, France",75010,https://www.blossomburgers.com/,ChIJU8bmhndv5kcRZjb0PmOiCs4,48.8769385,2.3531915
1121,BMK Paris-Bamako,10,,,,,"14 Rue de la Fidélité, 75010 Paris, France",75010,https://www.bmkparis.com/decouvrez-bmk-parisbamako,ChIJVVXZmRJu5kcRmgQIviloayA,48.8746394,2.356529
1122,Bomaye Burger Paradis,10,,,,,"16 Rue de Paradis, 75010 Paris, France",75010,https://www.bomayeclub.com/,ChIJp-lQJMhv5kcR1XpBMSPaaqM,48.8748586,2.3538422
1123,Bonhomie,10,,wine_bar,casual,,"22 Rue d'Enghien, 75010 Paris, France",75010,http://www.bonhomie.paris/,ChIJQ48wCRRu5kcRv6UbLjz_4xo,48.8720381,2.3511742
1125,Bopome,10,,,,,"48 Rue de Lancry, 75010 Paris, France",75010,https://bopome.business.site/,ChIJ__8D9gtu5kcRZC8yMM8sDGA,48.8718855,2.3626481
1129,Bouillon Julien,10,,,,,"16 Rue du Faubourg Saint-Denis, 75010 Paris, France",75010,https://www.bouillon-julien.com/,ChIJg8kIZRFu5kcRULZqe9xS-a0,48.8705635,2.3532275
1130,Brasserie Bellanger,10,,,,,"140 Rue du Faubourg Poissonnière, 75010 Paris, France",75010,https://nouvellegardegroupe.com/en/bellanger/infos,ChIJLzkwDG5v5kcR4iljevWUw_M,48.8809206,2.3500288
1241,Brasserie de l'Hôtel du Nord,10,,"cafe, wine_bar",casual,,"102 Quai de Jemmapes, 75010 Paris, France",75010,https://www.hoteldunordparis.com/,ChIJN_VadQtu5kcRLwEl3jggM4s,48.8735031,2.3641117
1131,Bricktop Pizza,10,,,casual,,"153 Quai de Valmy, 75010 Paris, France",75010,https://www.bricktoppizza.com/pizzeria-paris,ChIJjY2N-3Ru5kcRF_2u69DL6E4,48.8780258,2.3655315
1132,Brigade du Tigre,10,,wine_bar,casual,,"38 Rue du Faubourg Poissonnière, 75010 Paris, France",75010,https://www.brigadedutigre.fr/,ChIJqyMQ-41v5kcR9u8DjdALXgs,48.8734359,2.3481192
1785,Brigitte,10,,wine_bar,casual,,"12 Rue Marie et Louise, 75010 Paris, France",75010,https://www.restaurantbrigitte.fr/,ChIJrejMZs5v5kcR90rv2MeljQY,48.8719995,2.3665629
1255,Buenas,10,,,,,"83 Rue du Faubourg Saint-Denis, 75010 Paris, France",75010,https://www.buenas.fr/,ChIJ_0gNdLBv5kcRz0cTtEQPLgo,48.8735108,2.3546618
1133,Café A,10,,"cafe, wine_bar",casual,,"Maison de l'architecture Ile-de-France, 148 Rue du Faubourg Saint-Martin, 75010 Paris, France",75010,https://www.cafea.fr/,ChIJsZKjKA1u5kcRaVDKu3gWoMI,48.8753859,2.3600124
1251,Cagnard,10,,,,,"5 Rue des Petits Hôtels, 75010 Paris, France",75010,https://fr.newtable.com/restaurant-cagnard-28370.php#:~:text=Restaurant%20/%20Restaurant%20Paris%20/%20Paris%2010%20/%20Cagnard%20.,ChIJDzo9DwBv5kcRze0caSOp4f0,48.8771874,2.3544831
1135,Cali Uptown,10,,,,,"36 Rue de Paradis, 75010 Paris, France",75010,https://caliuptown.thecalisisters.com/,ChIJEcfPG6Jv5kcRkaDc4G4pCGo,48.8754076,2.3511303
1248,Chez Grand Youze,10,,,,,"64 Rue du Faubourg Saint-Martin, 75010 Paris, France",75010,https://restaurant-africain-ivoirien-paris10.fr/,ChIJPeoi_w1u5kcRfPDVUuHteVs,48.871286,2.3570765
1137,Chez iBO 1985,10,,,,,"218 Rue Saint-Maur, 75010 Paris, France",75010,,ChIJk2ICTuBt5kcRp5-N2RPBfag,48.873662,2.370507
1138,Chez Michel,10,,,,,"10 Rue de Belzunce, 75010 Paris, France",75010,https://www.restaurantchezmichel.fr/,ChIJHZoYd2xu5kcRqkM2ee0VvLw,48.8795698,2.3522211
1140,ChoCho,10,,,,,"54 Rue de Paradis, 75010 Paris, France",75010,https://chocho.becsparisiens.fr/,ChIJe63P-hlv5kcRpDwlTeLaarY,48.8757409,2.349255
1141,COMER parís.méxico,10,,wine_bar,casual,,"96 Rue d'Hauteville, 75010 Paris, France",75010,https://www.parismexico.fr/,ChIJa1SnrDNbbaMR1VZpHq9W8aU,48.8773422,2.3516751
1143,Dante Restaurant,10,,,,,"14 Rue de Paradis, 75010 Paris, France",75010,https://www.danterestaurant.info/,ChIJewApsjtv5kcRhX25uxAbxiE,48.8747181,2.3540222
1145,Distrito Francés Saint Martin,10,,wine_bar,casual,,"10 Rue du Faubourg Saint-Martin, 75010 Paris, France",75010,https://distritofrances.fr/en/restaurants/df-saint-martin,ChIJ7eFXwxFu5kcRO0cnqN2oCts,48.869522,2.356062
1146,Djaam,10,,,,,"187 Rue du Faubourg Saint-Martin, 75010 Paris, France",75010,https://djaam.fr/,ChIJLSCT2dNv5kcRqsN9tiI5vgc,48.8793209,2.3626959
1147,DOGMA Street Food,10,,,,,"10 R. des Petites Écuries, 75010 Paris, France",75010,https://www.instagram.com/dogma_paris/,ChIJGVp74oRv5kcRrhYJ5S-mg9M,48.8732575,2.3532787
1148,Doppio,10,,"cafe, wine_bar",casual,,"12 Rue de Belzunce, 75010 Paris, France",75010,https://www.doppio.paris/nos-restaurants,ChIJKxs4phlv5kcRVZzf-X3Nlb0,48.8795753,2.3519658
1150,Early June,10,,wine_bar,casual,,"19 Rue Jean Poulmarch, 75010 Paris, France",75010,https://early-june.fr/,ChIJpRggbu9v5kcRG8MgUOLA89U,48.8729647,2.3632777
1264,Elbi,10,,,,,"54 Rue de Paradis, 75010 Paris, France",75010,https://restaurantelbi.fr/,ChIJCYWOYABv5kcRljw_uXu4O9w,48.8757448,2.3492449
1152,Elsass - Le Restaurant.,10,,,,,"153 Ave Parmentier, 75010 Paris, France",75010,https://restaurant-elsass.com/,ChIJXwO32AVt5kcRXrI_5bT5HaU,48.8714335,2.3697179
1153,"ENKOR, Cambodian Fusion Food",10,,,,,"69 Rue de Chabrol, 75010 Paris, France",75010,https://www.enkor.fr/,ChIJn5l_OWtu5kcRWvKrpNUpuS0,48.8772069,2.3501519
1247,Fellows,10,,,casual,,"84 Rue du Faubourg Saint-Denis, 75010 Paris, France",75010,https://fellows-restaurants.com/,ChIJ25Qh2J5v5kcRawwh7pdFt_o,48.8738316,2.3551828
1259,Ficelle Sandwicherie fine,10,,,,,"48 Rue du Faubourg Poissonnière, 75010 Paris, France",75010,https://www.instagram.com/ficelle_sandwicherie_fine/,ChIJc1yR5a9v5kcRO4n0RjVqL7A,48.8743363,2.3481144
1156,FLAT BREAD,10,,"cafe, wine_bar",casual,,"5 Rue René Boulanger, 75010 Paris, France",75010,,ChIJp92EJTVv5kcRAr4UvZvHXz0,48.8690186,2.3584185
1265,Fugue - Restaurant,10,,,,,"128 Rue du Faubourg Saint-Martin, 75010 Paris, France",75010,https://fugueparis.fr/,ChIJidCvhZlv5kcRVK6-52FX9g4,48.8743883,2.3589068
1158,Grand Café d'Athènes,10,,cafe,casual,,"74 Rue du Faubourg Saint-Denis, 75010 Paris, France",75010,https://www.grandcafedathenes.fr/,ChIJf-OF5Ndv5kcRVhviq6Kz-0w,48.8731554,2.3547482
1159,Gros,10,,wine_bar,casual,,"4 Cr des Petites Écuries, 75010 Paris, France",75010,https://www.grosrestaurant.com/,ChIJgXzDtxNu5kcROU-i5avKPsQ,48.8724213,2.3536839
1160,Gros Bao - Paris,10,,,,,"72 Quai de Jemmapes, 75010 Paris, France",75010,https://www.baofamily.co/grosbao,ChIJVbaSEqNv5kcRRCojUpAmUIQ,48.8714928,2.3657866
1263,HABILE.,10,,,,,"16 Rue de Lancry, 75010 Paris, France",75010,https://habile.com/,ChIJkeFl6w5u5kcRHj_W9bUZF6w,48.8697529,2.3607655
1162,HolyBelly,10,,cafe,casual,,"5 Rue Lucien Sampaix, 75010 Paris, France",75010,https://holybellycafe.com/,ChIJoUBj1Q1u5kcR2Jr5HrzpkYQ,48.8710383,2.3596596
1163,Jay's Pizza,10,,pizza,casual,,"20 Rue de Mazagran, 75010 Paris, France",75010,,ChIJhQa_awBv5kcRbuZs_A1VrfY,48.870905,2.3521183
1164,jjii restaurant,10,,,,,"92 Rue du Faubourg Poissonnière, 75010 Paris, France",75010,https://www.restaurantjjii.fr/,ChIJhaa5yeFv5kcR1CwvYTJdU5E,48.8778827,2.3492809
1341,JULO Paris - Pâtisserie artisanale,10,,bakery,casual,,"52 Rue de Lancry, 75010 Paris, France",75010,https://www.chezjulo.com/,ChIJjZTLN7Bv5kcRehTm0DdczL0,48.872039,2.3628367
1166,Jungle Palace,10,,wine_bar,casual,,"12 Rue de la Fidélité, 75010 Paris, France",75010,https://en.ephemera-group.com/jungle-palace-ephemera,ChIJqSmqRVdv5kcRWn3NXEJnXIg,48.8748014,2.35665
1168,KALI | Restaurant grec & Brunch Paris 10,10,,,,,"221 Rue Saint-Maur, 75010 Paris, France",75010,https://www.kaligreekfood.fr/,ChIJNfH30k5z5kcRnHlhi4HosOM,48.8733206,2.3705714
1258,Kamo,10,,,,,"17 Rue Martel, 75010 Paris, France",75010,,ChIJYf1pxgdv5kcRB7k4LRgzXnk,48.8743854,2.3528017
1169,Kim Yang,10,,wine_bar,casual,,"40 Rue Louis Blanc, 75010 Paris, France",75010,https://kimyangparis.com/,ChIJ328su3Zu5kcRQ9pB6qtSVrk,48.8815995,2.3645193
1170,Kolam Paris,10,,,,,"27 Rue de Lancry, 75010 Paris, France",75010,https://www.kolamparis.com/,ChIJVVKIrk9v5kcRDPWO9-gW6I0,48.8703349,2.3609882
1252,Kuti - Restaurant Paris 10,10,,,,,"6 R. des Petites Écuries, 75010 Paris, France",75010,https://linktr.ee/kutifood,ChIJmSoRet5v5kcRonDvbYDlA1U,48.8730875,2.353871
1173,La Bibimerie - Restaurant Franco-Coréen,10,,,,,"1 Rue Lucien Sampaix, 75010 Paris, France",75010,https://www.labibimerie.com/,ChIJX2JEfg5u5kcRrftYVUdopxY,48.8707991,2.3596114
1175,La Cave à Michel,10,,wine_bar,casual,,"36 Rue Sainte-Marthe, 75010 Paris, France",75010,https://www.lacaveamichel.fr/,ChIJx9j1wOBt5kcRJjc_3BBZ4Tk,48.8743571,2.3729006
1177,La Poutinerie,10,,,,,"Metro, 49 Rue d'Enghien, 75010 Paris, France",75010,https://lapoutinerie.fr/,ChIJ3w6d8l9v5kcR7cgOXLwc_80,48.8723609,2.3482269
1178,La Riviera,10,,"cafe, wine_bar",casual,,"118 Rue La Fayette, 75010 Paris, France",75010,https://www.lariviera.paris/,ChIJ3Soa7Jtv5kcRb7j3JknTXDM,48.8778222,2.352248
1179,La Scala Paris,10,,,,,"13 Bd de Strasbourg, 75010 Paris, France",75010,https://lascala-paris.fr/restaurant-bar-la-scala-paris,ChIJdY1SmhFu5kcReoGSyDApFFs,48.8703038,2.3543651
355,Le Collier de la Reine,10,,,,,"39 R. des Petites Écuries, 75010 Paris, France",75010,https://lecollierdelareine.paris/password,ChIJU6rPEdJv5kcRKSlOKpXayBM,48.8737932,2.3500136
1184,Le Comptoir des Résistants,10,,,,,"18 Rue du Château d'Eau, 75010 Paris, France",75010,https://www.lesresistants.fr/le-comptoir,ChIJLx6HlUNv5kcRk-ZtS3bpJZ8,48.8700777,2.3605279
1185,Le Comptoir Général,10,,wine_bar,casual,,"84 Quai de Jemmapes, 75010 Paris, France",75010,https://lecomptoirgeneral.com/en,ChIJZYI0ygtu5kcRdYe6wVTkZDQ,48.8724241,2.3649709
1186,Le daily syrien,10,,,,,"55 Rue du Faubourg Saint-Denis, 75010 Paris, France",75010,https://www.ledailysyrien.com/,ChIJKdeJzhNu5kcRJvxWn3fsN7g,48.8719008,2.353626
1188,Le Vaillant,10,,,,,"159 Quai de Valmy, 75010 Paris, France",75010,https://www.timeout.fr/paris/restaurants/le-vaillant,ChIJEd-SqcVv5kcRSCLWTKmNWwQ,48.8783814,2.3658643
1374,Le Verre Volé,10,,,,,"67 Rue de Lancry, 75010 Paris, France",75010,https://www.leverrevole.fr/,ChIJa-ILkAtu5kcRiVfpDYzyG6A,48.8728531,2.3635187
1253,Les 4 Frères Bedri,10,,,,,"38 Rue Louis Blanc, 75010 Paris, France",75010,,ChIJlVMXo3Zu5kcRvZpd04tsaYQ,48.8815441,2.3646668
1189,Les Arlots,10,,,,,"136 Rue du Faubourg Poissonnière, 75010 Paris, France",75010,https://www.facebook.com/lesarlots,ChIJFS3VxGtu5kcRAPBU4W_HJLQ,48.8806222,2.3500034
1191,Les Rupins,10,,,,,"35 Bd de Magenta, 75010 Paris, France",75010,https://www.lesrupins.fr/,ChIJ38_szA1u5kcRtZZK4AhbCpQ,48.8718847,2.3596954
1190,Les Résistants,10,,,,,"16 Rue du Château d'Eau, 75010 Paris, France",75010,https://www.lesresistants.fr/,ChIJ1bKGkQ5u5kcRguOo3ddfbEE,48.8699749,2.3606736
1192,Levantine,10,,,,,"36 Rue Bichat, 75010 Paris, France",75010,https://www.levantine.paris/,ChIJsYIXCApu5kcR4-9C0_727uo,48.8715414,2.3682092
1193,Libertino,10,,,,,"44 Rue de Paradis, 75010 Paris, France",75010,https://www.bigmammagroup.com/fr/trattorias/libertino,ChIJ7dUFgHZv5kcRAq45bWjYkTY,48.8755757,2.3502332
1194,Loui's Corner,10,,"cafe, wine_bar",casual,,"49 Rue Bichat, 75010 Paris, France",75010,https://www.louiscorner.fr/,ChIJveXCWgpu5kcRZO5axZhmU9U,48.8726587,2.3664744
1199,Mamagoto,10,,,,,"5 Rue des Petits Hôtels, 75010 Paris, France",75010,https://mamagoto.paris/,ChIJmbbX3mxu5kcRKP3Q9q5f2jI,48.877225,2.3544677
1200,Marcus Pizze Amore,10,,,,,"4 Rue Bichat, 75010 Paris, France",75010,https://marcusparis.com/,ChIJy4ZPFOJt5kcRxxE6jOjnxE4,48.8697665,2.3692487
1260,Mazmez,10,,wine_bar,casual,,"70 Rue René Boulanger, 75010 Paris, France",75010,https://www.mazmez.fr/,ChIJhRphTthv5kcRvKcxdCJzbmY,48.869253,2.358131
1205,Mulino Mulé,10,,,,,"25 Rue Sainte-Marthe, 75010 Paris, France",75010,https://www.mulinomule.com/,ChIJqd_oUtVt5kcRQo44BmFV1ag,48.874196,2.3723359
1207,Muniyandi Vilas,10,,,,,"207 Rue du Faubourg Saint-Denis, 75010 Paris, France",75010,https://muniyandivilas.shop/,ChIJ-9aaM3Bu5kcRvJGqHK1fv70,48.8838477,2.3591062
1208,Neni Paris,10,,,,,"12 Bd de Denain, 75010 Paris, France",75010,https://www.neniparis.fr/,ChIJez0ieFBv5kcRgrPXZhy93pg,48.8795258,2.3549398
1187,New Soul Food Le Maquis · et FoodTruck,10,,,,,"177 Quai de Valmy, 75010 Paris, France",75010,https://www.newsoulfood.fr/restaurant,ChIJW4nw-eIN5kcRX_gZzCElMVA,48.879951,2.366947
1209,NOORI,10,,,,,"20 Rue du Faubourg Saint-Martin, 75010 Paris, France",75010,https://linktr.ee/noori.streetfood,ChIJqaKCgK5v5kcRFhP-_l2HkwQ,48.8698525,2.3561967
1262,Oh My Jerk!,10,,,,,"3 Rue Eugène Varlin, 75010 Paris, France",75010,https://ohmyjerk.com/,ChIJNWDG3tlv5kcRMfbIeutyBmA,48.8778058,2.3650967
1211,Panda Panda,10,,,,,"21 Rue Juliette Dodu, 75010 Paris, France",75010,https://mamahuhuparis.com/panda-panda,ChIJxfYu6Ndt5kcR71kcxZTEHLI,48.875408,2.369104
1212,Pardi,10,,,,,"85 bis boulevard Magenta Marché Saint Quentin, 75010 Paris, France",75010,https://www.restaurant-pardi.fr/,ChIJ96U7a4Nv5kcRo0aizQBle2o,48.8769233,2.3550371
1172,Pedzouille L'Etable,10,,,,,"66 Rue du Faubourg Poissonnière, 75010 Paris, France",75010,https://www.pedzouille.fr/copie-de-la-grange,ChIJL_3OLRVu5kcRyzUeO-caWtQ,48.8760115,2.3484108
1215,Plan D - DWICH & GLACE,10,,,,,"22 Rue des Vinaigriers, 75010 Paris, France",75010,https://daimantcollective.com/,ChIJqcm0XHVv5kcRAdg_SFD1ZZQ,48.8732284,2.3631547
1216,PNY FAUBOURG SAINT-DENIS,10,,,,,"50 Rue du Faubourg Saint-Denis, 75010 Paris, France",75010,https://www.pnyburger.com/pny-burger-faubourg-saint-denis,ChIJLYfvzBNu5kcRW2ZfP1fdAcE,48.8719232,2.3539949
1217,Pouliche - Amandine Chaignot,10,,,,,"11 Rue d'Enghien, 75010 Paris, France",75010,https://www.poulicheparis.com/,ChIJn7oZtDxv5kcR9efLDbsQz88,48.8716256,2.3522491
1261,Red Sauce,10,,,,,"9 Cr des Petites Écuries, 75010 Paris, France",75010,https://www.redsauce.fr/,ChIJDbNR4dJv5kcRyLaoGHC6ACc,48.8726255,2.3523166
1144,Restaurant Derya,10,,wine_bar,casual,,"16 Rue du Faubourg Saint-Denis, 75010 Paris, France",75010,https://www.restaurantderya.com/,ChIJg8kIZRFu5kcRZXveIFnMU78,48.8705803,2.3532389
1151,Restaurant Eels,10,,,,,"27 Rue d'Hauteville, 75010 Paris, France",75010,https://www.restaurant-eels.com/,ChIJxax0XRRu5kcRltIfk0EGhdU,48.87321,2.3502669
1203,Restaurant Martin Paris,10,,wine_bar,casual,,"40 bis Rue René Boulanger, 75010 Paris, France",75010,https://www.restaurantmartinparis.com/fr,ChIJs6fiHw9u5kcRAmzCfXfQU4A,48.8685045,2.3608988
1196,Restaurant Mâche,10,,,,,"61 Rue de Chabrol, 75010 Paris, France",75010,https://mache.restaurant/,ChIJJa2zzUFv5kcRb84DZAWvWX0,48.8769636,2.3509406
1218,Round Egg Buns Paris 10,10,,,,,"25 Rue Louis Blanc, 75010 Paris, France",75010,https://www.roundeggbuns.com/,ChIJ9zg_z-Vv5kcRCQkM44RGtgY,48.8801863,2.3666679
1219,SAaM,10,,,,,"59Bis Rue de Lancry, 75010 Paris, France",75010,,ChIJHzwLdQxu5kcRO2LyfiNRBeE,48.8722233,2.3627683
1222,Siseng,10,,,,,"82 Quai de Jemmapes, 75010 Paris, France",75010,https://siseng.paris/,ChIJSe5GtAtu5kcRexwNbKBBwC4,48.8722503,2.3651569
1224,Sold Out Burger,10,,,,,"2 Rue Lucien Sampaix, 75010 Paris, France",75010,https://soldoutburger.com/,ChIJq9237u1v5kcRYBJJZQIIpr0,48.8707223,2.3597704
1225,Soré - Cantine africaine / République,10,,,,,"6 Rue de Marseille, 75010 Paris, France",75010,https://epicerie-sore.com/fr/etablissements/4868649518356234364,ChIJ8ei8DpBv5kcRZ3GsVe0kKt8,48.8713948,2.3632996
1226,Sur Mer,10,,,,,"1 Rue de Marseille, 75010 Paris, France",75010,https://surmer.restaurant/,ChIJZd33m2Zv5kcRDA_zRfnImIU,48.8714133,2.3626527
1242,Taco Mesa,10,,,casual,,"40 Rue du Faubourg Poissonnière, 75010 Paris, France",75010,https://tacomesa.fr/,ChIJT3S9CYhv5kcRQbdZVUPGYak,48.8735985,2.3480095
1229,Tempête,10,,wine_bar,casual,,"5 Cr des Petites Écuries, 75010 Paris, France",75010,http://tempete-paris.fr/,ChIJOXD9HPZv5kcRIEiUeMz0p6o,48.8724227,2.3531897
1231,TonTonMao毛大爷撸小串,10,,,,,"24 Rue d'Enghien, 75010 Paris, France",75010,https://www.instagram.com/tonton_mao/?hl=fr,ChIJdec2oSdv5kcRqMZbwbVAO-A,48.8720397,2.3509897
1233,Urfa Durum,10,,,,,"58 Rue du Faubourg Saint-Denis, 75010 Paris, France",75010,http://www.facebook.com/pages/Urfa-Durum/240014419359256,ChIJY-1XtRNu5kcR6cJga57p0dg,48.872382,2.3542836
1244,Vafamoc,10,,,,,"39 Rue des Vinaigriers, 75010 Paris, France",75010,https://vafamoc.fr/,ChIJ9UI0FgBv5kcR6S8bV3f67eg,48.8731097,2.3616677
1433,Valma Brasserie Provençale - Paris 10,10,,wine_bar,casual,,"45 Quai de Valmy, 75010 Paris, France",75010,https://www.valma.paris/,ChIJ3eIklglu5kcRpX9JYrT_Vlc,48.8696677,2.3661525
1234,Vendredi Soir,10,,wine_bar,casual,,"140 Rue du Faubourg Saint-Martin, 75010 Paris, France",75010,https://www.vendredi-soir.paris/,ChIJA8z6M2lv5kcRj6gF8MCKD3k,48.8748464,2.359258
1236,Vivant 2,10,,,casual,,"43 R. des Petites Écuries, 75010 Paris, France",75010,https://vivantparis.com/,ChIJ6Tfl_Lhv5kcRMr5NkAy_pGg,48.8738226,2.3497774
1257,Wukong The Grand Master,10,,wine_bar,casual,,"32 Rue Beaurepaire, 75010 Paris, France",75010,https://www.wukongrestaurant.com/thegrandmaster/home,ChIJ64rCAxNv5kcRp0WLKP9nbB4,48.8713765,2.3644516
1239,ZAZZA,10,,,casual,,"18 Rue du Faubourg Poissonnière, 75010 Paris, France",75010,https://www.zazza.paris/,ChIJX7cFzxVu5kcRJUTQQXkVD-U,48.8720653,2.3480293
1240,Zinga,10,,wine_bar,casual,,"10 R. des Petites Écuries, 75010 Paris, France",75010,https://zinga.bykomdab.com/,ChIJ5ZiYNllv5kcRlaRcQ3cyZ5M,48.8732901,2.3533652
1111,ÅKE - Table & Vin,10,,,,,"8 Rue Marie et Louise, 75010 Paris, France",75010,https://www.akeparis.fr/,ChIJP8ofonVv5kcRgtGn-1DTzEM,48.8719807,2.3668728
1268,21G Dumpling,11,,,,,"167 Rue du Faubourg Saint-Antoine, 75011 Paris, France",75011,https://21g-dumpling.com/#dimsum,ChIJuar21Ahy5kcRiV8h1eTWGuo,48.850597,2.380291
1453,A La Renaissance,11,,"cafe, wine_bar",casual,,"87 Rue de la Roquette, 75011 Paris, France",75011,https://www.alarenaissance.com/,ChIJbSGWjvdt5kcRTZPgPTeuDPA,48.8571955,2.3787317
122,Adar - Traiteur & épicerie,11,,,,,"11 Rue Faidherbe, 75011 Paris, France",75011,https://adar-paris.com/,ChIJiUSqaDNz5kcRRN1LO0xAFsQ,48.8512933,2.3837103
1270,Aglio e Olio - Paris 11,11,,,,,"5 Rue Guillaume Bertrand, 75011 Paris, France",75011,https://www.aglioeolio.fr/,ChIJm_uIJ_dt5kcRwABkDmSqco8,48.8633406,2.3797486
1271,Alluma,11,,,,,"151 Rue Saint-Maur, 75011 Paris, France",75011,https://alluma-paris.com/,ChIJPxGQOx9t5kcRmczlkAOj3Ps,48.8681517,2.3749043
1441,APSARA - Tabac & Banh Mi,11,,"cafe, wine_bar",casual,,"30 bis Rue Sedaine, 75011 Paris, France",75011,https://linktr.ee/apsarafamily,ChIJbfeYuvht5kcRKp6azHDQtXc,48.8563536,2.373447
1274,Astier,11,,,,,"44 Rue Jean-Pierre Timbaud, 75011 Paris, France",75011,http://www.restaurant-astier.com/,ChIJl7wVSONt5kcRoHde85_JmhI,48.8662143,2.37203
1276,Au petit Panisse,11,,cafe,casual,,"35 Rue de Montreuil, 75011 Paris, France",75011,,ChIJT7bvfAty5kcR-Sls7rcwHJg,48.8505542,2.3866997
1277,Auberge Pyrénées Cévennes,11,,,,,"106 Rue de la Folie Méricourt, 75011 Paris, France",75011,https://www.auberge-pyrenees-cevennes.fr/,ChIJefB79Qhu5kcR8JGnXLP6u0I,48.867897,2.3688557
1440,AUCIEL,11,,,,,"FR, 97 Rue de Charonne, 75011 Paris, France",75011,https://www.restoauciel.fr/,ChIJhw4z8Qly5kcRovwopVciBUY,48.854435,2.383595
1278,AVE Pizza Romana - République,11,,pizza,casual,,"90 Rue de la Folie Méricourt, 75011 Paris, France",75011,https://www.avepizzaromana.com/,ChIJp5lAwuJt5kcR4IXZ-PKxOlI,48.8669478,2.3696267
1279,Ayahuma Restaurant,11,,,,,"74 Rue Léon Frot, 75011 Paris, France",75011,https://www.ayahuma.fr/,ChIJM9-35zlt5kcRllSr_L4eSKg,48.8572528,2.3851462
2255,BAMBINO,11,,wine_bar,casual,,"25 Rue Saint-Sébastien, 75011 Paris, France",75011,https://bambinoparis.com/,ChIJB0eTdh9t5kcRU5WG-sCo3bs,48.8613821,2.3697899
401,BENTI - Restaurant / Street Food Tunisien Paris 11,11,,,,,"31 Rue Léon Frot, 75011 Paris, France",75011,https://benti-paris.fr/en/locations/5307915583369510934,ChIJ-8NucBVz5kcRhlyGaH7Qqtc,48.8549005,2.3871115
1285,Bidoche Oberkampf,11,,,,,"7 Rue Jean-Pierre Timbaud, 75011 Paris, France",75011,http://bidoche.fr/,ChIJMdg38Adu5kcRCYKyrWurSOQ,48.865019,2.3669121
1287,Biondi,11,,,,,"118 Rue Amelot, 75011 Paris, France",75011,https://www.biondi-restaurant.fr/,ChIJsRa6hQdu5kcRjccVObllC1Q,48.8638315,2.3671144
497,Bistrot Ordinaire,11,,bistro,"casual, classic",,"19 Rue Keller, 75011 Paris, France",75011,,ChIJTYQHwpxz5kcRgCFlMBK-qic,48.854862,2.3756013
1359,Bistrot Paul Bert,11,,bistro,"casual, classic",,"18 Rue Paul Bert, 75011 Paris, France",75011,https://bistrotpaulbert.fr/en/home,ChIJnYPdmaZz5kcR80ulUF3wtjQ,48.8522102,2.3850177
1288,Blanca Restaurant,11,,,,,"34 Rue Keller, 75011 Paris, France",75011,https://www.restaurantblanca.fr/,ChIJN4EGozVz5kcRcL9OSHhiPWE,48.8553057,2.375595
1289,BMK Folie-Bamako,11,,,,,"40 Rue Jean-Pierre Timbaud, 75011 Paris, France",75011,https://www.bmkparis.com/bmk-folie-bamako,ChIJ9TBUxm1t5kcR-6s5Y-0Frjg,48.8661451,2.3718125
1290,BOBI - Filipino Food,11,,,,,"17 Rue Oberkampf, 75011 Paris, France",75011,https://www.bobiparis.com/,ChIJX1F3zJxt5kcRz8LArmKeQKE,48.8633617,2.3688913
1291,Borgo Delle Tovaglie,11,,,,,"4 Rue du Grand Prieuré, 75011 Paris, France",75011,https://www.borgodelletovaglie.com/it/bistrot,ChIJBchTOf1t5kcRColn4P714JE,48.864865,2.3693952
1294,Bouche Paris,11,,,,,"85 Rue Jean-Pierre Timbaud, 75011 Paris, France",75011,https://www.boucheparis.com/,ChIJOVTwFt5t5kcRvIpKiXQKGi8,48.8682045,2.3783885
1295,Brasserie Martin,11,,,casual,,"24 Rue Saint-Ambroise, 75011 Paris, France",75011,https://nouvellegardegroupe.com/brasserie-martin/infos-reservations,ChIJuU_y2Spt5kcR4zgRjp_YWEc,48.8626501,2.3786996
1296,Brasserie Rosie,11,,,,,"53 Rue du Faubourg Saint-Antoine, 75011 Paris, France",75011,https://brasserierosie.com/,ChIJpxiIIGdz5kcRw6DgrF-erAA,48.8521656,2.3731937
1297,Brutos,11,,,,,"5 Rue du Général Renault, 75011 Paris, France",75011,https://www.brutosparis.com/,ChIJq6qeDvpt5kcRPPxnMCpRZdQ,48.8615021,2.3781765
1298,Buck - Fried Chicken & More - Restaurant Poulet frit Paris,11,,,casual,,"25 Rue de la Forge Royale, 75011 Paris, France",75011,https://buck.restaurant/,ChIJQ023JUFz5kcRAFV4OpOuvk4,48.852248,2.380826
1300,Cadence Paris,11,,wine_bar,casual,,"117 Ave Parmentier, 75011 Paris, France",75011,https://cadencecadence.fr/,ChIJOzfAloFt5kcRG8STMajRvjo,48.868493,2.372043
1304,Cafe Singuliers,11,,cafe,casual,,"2 Rue Titon, 75011 Paris, France",75011,https://instagram.com/cafe.singuliers?igshid=OGQ5ZDc2ODk2ZA==,ChIJI9IqMyJz5kcRjsi39AuhAsg,48.8506611,2.3867109
1305,Caffé Créole,11,,,casual,,"62 Bd Beaumarchais, 75011 Paris, France",75011,https://caffecreole.com/,ChIJI8fwxf9t5kcROA_d9FqABv8,48.8578839,2.368369
1301,Café de l'Usine,11,,cafe,casual,,"5 Pass. Piver, 75011 Paris, France",75011,https://www.cafedelusine.fr/,ChIJzyaUHORt5kcRS10HROzJGzo,48.8700884,2.3742928
1302,Café du coin,11,,"cafe, wine_bar",casual,,"9 Rue Camille Desmoulins, 75011 Paris, France",75011,http://cafeducoinparis.net/,ChIJofW_Hvdt5kcR0i4nA42Cw8Q,48.8590628,2.3810386
1306,Cantine Yemma,11,,,,,"119 Rue du Chemin Vert, 75011 Paris, France",75011,https://cantine-yemma-paris.com/,ChIJXV7FFPFt5kcR44zYycSmqhA,48.8618007,2.3829664
674,Cherry Paris,11,,,,,"30 Bis Rue Popincourt, 75011 Paris, France",75011,https://www.cherryparis.com/,ChIJZUZ_0BBu5kcRZnuIziXr3gA,48.858575,2.3768397
1310,Chez Aline,11,,,,,"85 Rue de la Roquette, 75011 Paris, France",75011,https://lefooding.com/restaurants/restaurant-chezaline-paris-2,ChIJP5fci_dt5kcRQkbuWJmgqoI,48.8571274,2.3784078
1353,Chez Clo,11,,"cafe, wine_bar",casual,,"62 Rue Jean-Pierre Timbaud, 75011 Paris, France",75011,https://www.ladatchaparis.com/,ChIJzxEaCwBt5kcR4wbMpgyplpI,48.8667,2.3741
1311,Chez Mamy,11,,,,,"3 Rue Jules Vallès, 75011 Paris, France",75011,https://restaurant-chez-mamy.fr/fr,ChIJlUcnxGZz5kcRiF2tJCf0NLw,48.852854,2.385038
1312,Chez Paul,11,,,,,"13 Rue de Charonne, 75011 Paris, France",75011,https://chezpaul.com/,ChIJU7fr_AZy5kcRAGgjMC05WUk,48.85282,2.374342
1314,Clamato,11,,wine_bar,casual,,"80 Rue de Charonne, 75011 Paris, France",75011,https://www.clamato-charonne.fr/,ChIJCfaiUghy5kcRKzJORkFX-sk,48.8535539,2.3808208
1316,Clutch,11,,,,,"62 Rue de Montreuil, 75011 Paris, France",75011,https://www.restaurant-clutch.fr/,ChIJmXGkuHhz5kcRyMo3H5jIVeE,48.8503913,2.3902475
1319,Da Vito,11,,,,,"5 Rue Sedaine, 75011 Paris, France",75011,https://davitopizzeria.fr/,ChIJC63iX_9t5kcRtvu8-ENaAA8,48.8557081,2.3711899
1321,Delhi Bazaar,11,,,casual,,"71 Rue Servan, 75011 Paris, France",75011,https://www.tandoor-club.com/,ChIJG6qb9Udt5kcR_i-B42z72So,48.8636994,2.3811489
1322,Deux Restaurant : Bistrot de chefs,11,,bistro,"casual, classic",,"58 Rue de la Fontaine au Roi, 75011 Paris, France",75011,https://www.deux-restaurant.fr/,ChIJSQwPxwdt5kcRbleMxeNvh1Y,48.8681523,2.3739343
1323,Dong Huong Restaurant,11,,,,,"14 Rue Louis Bonnet, 75011 Paris, France",75011,https://pho-donghuong.fr/fr,ChIJpUyVfOZt5kcR2gQIUb0KM28,48.871216,2.3768997
1324,Double Dragon,11,,,,,"52 Rue Saint-Maur, 75011 Paris, France",75011,https://www.doubledragonparis.com/,ChIJ53_L_qpt5kcRxyLNzsOYfg0,48.8626015,2.3798916
1325,Erso Restaurant,11,,,,,"18 Rue Saint-Ambroise, 75011 Paris, France",75011,https://erso-restaurant.fr/,ChIJ5xLQUi5t5kcRm28wzY19NIQ,48.8623934,2.3781824
1326,Eunoé,11,,,,,"6 Rue Rochebrune, 75011 Paris, France",75011,https://www.eunoe-restaurant.com/,ChIJOUI0wipt5kcR8PGfUPvkm4g,48.8607713,2.378991
1327,FACE B,11,,,,,"7 Rue Pache, 75011 Paris, France",75011,https://www.instagram.com/faceb___,ChIJjR5mn5pt5kcR75Kr7M02a38,48.8586174,2.3821919
1328,FIEF / Fait Ici En France,11,,,casual,,"44 Rue de la Folie Méricourt, 75011 Paris, France",75011,https://www.fiefrestaurant-commande.fr/order#/restaurant/11330/collection/11289,ChIJA_9pJnVt5kcRf7FroqePNw4,48.8636616,2.3724591
1329,FURIA,11,,,,,"2 Rue Lacharrière, 75011 Paris, France",75011,,ChIJhUJ1385t5kcRdJpDpXAUuKk,48.8608429,2.3758837
1331,GIBON,11,,wine_bar,casual,,"52 Rue Richard Lenoir, 75011 Paris, France",75011,https://www.gibonrestaurant.com/,ChIJNzQnjcJt5kcRWk8z1P-abGo,48.8567214,2.381203
1332,Giclette,11,,,,,"13 Rue Keller, 75011 Paris, France",75011,,ChIJl5ewFaOsHqwRaZEZEPn6kuA,48.8542825,2.3760746
1450,Gourou,11,,,,,"42 Rue Léon Frot, 75011 Paris, France",75011,https://www.gourouindianfood.fr/,ChIJG9pBcgBt5kcRCbSWozjFG_c,48.8556329,2.3867419
343,GRAMME PARIS,11,,,,,"96 Rue Jean-Pierre Timbaud, 75011 Paris, France",75011,https://www.grammeparis.fr/,ChIJR8uwROJt5kcR_8BfBGXFgzY,48.8677871,2.3779795
1330,Géosmine,11,,,,,"71 Rue de la Folie Méricourt, 75011 Paris, France",75011,https://geosmine.com/?AspxAutoDetectCookieSupport=1,ChIJ0YZ8pABt5kcRusXBA2KP8uU,48.8656635,2.3703891
1334,Haikara Deep Fried,11,,,,,"60 Bd Voltaire, 75011 Paris, France",75011,http://www.haikarafood.com/,ChIJc1zTKttt5kcRqUHL2-77MvQ,48.8618141,2.3730746
1452,Hanaa,11,,,,,"123 Rue du Chemin Vert, 75011 Paris, France",75011,,ChIJ5QIbGJRt5kcRnsgsWfA856Q,48.862016,2.3834905
1336,Il Bacaro,11,,,,,"9 Rue Auguste Laurent, 75011 Paris, France",75011,https://www.ilbacaroparis.com/,ChIJ8TxnRPZt5kcRHew2Kk6-D9s,48.8571639,2.3820579
1337,IMPACT BERLINER KEBAP,11,,,,,"119 Rue du Chemin Vert, 75011 Paris, France",75011,,ChIJYdb214lt5kcRfewr8U8Iiss,48.8617852,2.3828718
1439,JAMROCK PARIS,11,,,,,"16 Rue de Candie, 75011 Paris, France",75011,https://jamrock-paris.com/,ChIJibErbg9z5kcRdWTOJsW6lFI,48.8512276,2.3801922
1438,jip.paris,11,,,,,"112 Rue de la Roquette, 75011 Paris, France",75011,https://www.jip.paris/,ChIJoZf9DwBt5kcRsbcd1zLP4L4,48.8569152,2.3783946
1339,Jolia,11,,wine_bar,casual,,"123 Rue du Chemin Vert, 75011 Paris, France",75011,https://www.jolia-paris.com/,ChIJ_fYMsiVt5kcR_ElRbOjYTRc,48.862016,2.3834905
1340,Jones,11,,,,,"43 Rue Godefroy Cavaignac, 75011 Paris, France",75011,http://www.jonescaferestaurant.com/,ChIJDXxdvwly5kcRIKCw1301aTc,48.856584,2.380064
1342,Justine,11,,,,,"96 Rue Oberkampf, 75011 Paris, France",75011,https://justineparis.fr/,ChIJ2al2S-Vt5kcRcfurdLIB4DA,48.8656532,2.3778495
1343,Karaage-ya Charonne,11,,,,,"46 Rue Léon Frot, 75011 Paris, France",75011,https://karaage-ya-charonne.fr/fr,ChIJUamdgvVt5kcR4iAV_ZdepfM,48.8558893,2.3865977
1344,Kubri,11,,,,,"108 Rue Amelot, 75011 Paris, France",75011,https://www.kubri-restaurant.com/,ChIJE3_8yTBv5kcRNtfiFlNQ8s8,48.86305,2.3673334
1345,Kushikatsu Bon,11,,,,,"24 Rue Jean-Pierre Timbaud, 75011 Paris, France",75011,https://www.kushikatsubon.fr/,ChIJXUEBSv1t5kcR4U9H31WExx8,48.8654159,2.3691219
1449,L'Antica Pizzeria Da Michele,11,,,,,"19 Rue du Faubourg Saint-Antoine, 75011 Paris, France",75011,http://www.damicheleparis.com/,ChIJda6SMgBz5kcRsIdfyi4r5wg,48.8528973,2.3712643
1348,L'Echoppe de Paris,11,,"cafe, wine_bar",casual,,"16 Rue Léon Frot, 75011 Paris, France",75011,http://www.echoppedeparis.fr/,ChIJOU00wApy5kcR30-Tz7FdYEE,48.853985,2.3880104
1349,L'Orillon,11,,wine_bar,casual,,"35 Rue de l'Orillon, 75011 Paris, France",75011,,ChIJ-VnxLORt5kcRe72j1-JVvyY,48.8702919,2.3764121
1351,La Buvette,11,,wine_bar,casual,,"67 Rue Saint-Maur, 75011 Paris, France",75011,https://www.labuvette.paris/,ChIJjYcMh_Bt5kcROjCZiaJiKDQ,48.8628972,2.3792058
1352,La Casbah,11,,wine_bar,casual,,"20 Rue de la Forge Royale, 75011 Paris, France",75011,https://lacasbah.paris/,ChIJAQAEHgly5kcReHD567NzgJc,48.8515308,2.3806671
1444,La Joie,11,,,,,"117 Rue du Chemin Vert, 75011 Paris, France",75011,https://www.lajoierestaurant.com/,ChIJLYIUz2pt5kcRehXlmbe0mq8,48.8617574,2.3826776
1354,La Maison du Daya,11,,,,,"115 Rue du Chemin Vert, 75011 Paris, France",75011,https://lamaisondudaya.com/,ChIJy3B2w8Ft5kcRpW1F1uBBn5w,48.861682,2.382438
1355,La Mercerie,11,,wine_bar,casual,,"98 Rue Oberkampf, 75011 Paris, France",75011,http://lamerceriebar.com/,ChIJhylkTOVt5kcRfHYVrs4c1c0,48.865788,2.378261
1357,Lago par Chloé Charles,11,,,,,"25 Rue Sedaine, 75011 Paris, France",75011,https://www.lago.paris/,ChIJyUjWRPNt5kcRSUBkrtkjoAw,48.8565614,2.3735125
1358,Laïa Voltaire,11,,,casual,,"226 Bd Voltaire, 75011 Paris, France",75011,http://laia-restaurant.com/en/home-en,ChIJCbwaj0lz5kcReRqb9xvYEFc,48.8526255,2.388279
1361,Le Chalet Savoyard,11,,,,,"58 Rue de Charonne, 75011 Paris, France",75011,http://www.chalet-savoyard.fr/,ChIJi4iPfAhy5kcR_tC0bEzPm38,48.853158,2.3784115
1362,Le Chardenoux,11,,,,,"1 Rue Jules Vallès, 75011 Paris, France",75011,https://restaurantlechardenoux.com/,ChIJL9eeygty5kcRBJgRHblbXkw,48.8527778,2.385
1315,Le Clown Bar - Restaurant,11,,,,,"114 Rue Amelot, 75011 Paris, France",75011,http://www.clown-bar-paris.com/,ChIJ_aCXeQBy5kcR4ZxoRALxHhY,48.8636036,2.3672314
1364,Le Dauphin,11,,wine_bar,casual,,"131 Ave Parmentier, 75011 Paris, France",75011,http://www.restaurantledauphin.net/,ChIJjcveyeNt5kcR5xm7bVyEib0,48.8694795,2.3711865
1365,Le Goncourt,11,,wine_bar,casual,,"10 Rue des Goncourt, 75011 Paris, France",75011,,ChIJ00XN915t5kcR71PSRfwDwkg,48.869652,2.3721807
1281,LE GRAND BALLS | Cuisine méditerranéenne,11,,,,,"47 Rue Saint-Maur, 75011 Paris, France",75011,http://www.ballsrestaurant.fr/,ChIJg1756fBt5kcR82KOYx4NyZI,48.8618632,2.3803055
1366,Le Grand Bol(Belleville),11,,,,,"7 Rue de la Présentation, 75011 Paris, France",75011,https://le-grand-bol.business.site/,ChIJKcmifuZt5kcRs8As1J4gDBA,48.8709509,2.3768641
1637,Le Jardin Paris,11,,,casual,,"108 Rue de Montreuil, 75011 Paris, France",75011,https://www.le-jardin-restaurant.com/fr/home,ChIJb5teAnNz5kcRMuoKpJX15RU,48.8509928,2.3972857
1368,Le Repaire de Cartouche,11,,,,,"8 Bd des Filles du Calvaire, 75011 Paris, France",75011,https://www.lerepairedecartouche.com/,ChIJF_DYVQdu5kcRtXukaOgHKhc,48.861117,2.3674861
1369,Le Rigmarole,11,,,,,"10 Rue du Grand Prieuré, 75011 Paris, France",75011,https://www.lerigmarole.com/,ChIJq6qeN_1t5kcRBB41bdSmwgc,48.8651388,2.3691109
1370,Le Rigodon,11,,,,,"10 Rue des Trois Bornes, 75011 Paris, France",75011,https://lerigodon.fr/en,ChIJCxv3v5Rt5kcRg2oTJUvAGBI,48.8666704,2.3729945
1371,Le Saint Sébastien,11,,wine_bar,casual,,"42 Rue Saint-Sébastien, 75011 Paris, France",75011,https://www.lesaintsebastien.paris/,ChIJfeigXs9t5kcRtpeq9DfcWXk,48.8615061,2.3710352
1372,Le Servan,11,,,,,"32 Rue Saint-Maur, 75011 Paris, France",75011,https://leservan.com/,ChIJDxNp1_Bt5kcRfBQ1nlGxQoQ,48.8610156,2.3814506
1373,LE TAGINE RESTAURANT,11,,,,,"13 Rue de Crussol, 75011 Paris, France",75011,http://letagine.fr/,ChIJfWDeZf1t5kcRSjBizd_qWng,48.864249,2.3679603
1375,Le Villaret,11,,,,,"13 Rue Ternaux, 75011 Paris, France",75011,https://www.levillaret-restaurant.fr/,ChIJRV4qmfxt5kcR8htPBNXSGKE,48.864319,2.372838
1376,Les Mascareignes,11,,,,,"202 Bd Voltaire, 75011 Paris, France",75011,https://www.mascareignes-restaurant.com/,ChIJodFZPPVz5kcRLppNAz96mRQ,48.853766,2.3865781
70,Liquideo,11,,,,,"82 Rue de la Folie Méricourt, 75011 Paris, France",75011,https://www.liquideo.com/fr/,ChIJQ3spmXFy5kcRom8d5Fpejrg,48.8664,2.37
1378,Los Güeros-Tacos in Paris from México,11,,wine_bar,casual,,"28 Rue Saint-Ambroise, 75011 Paris, France",75011,https://www.losguerosparis.fr/en,ChIJu35cgfBt5kcRwBdZy7wWXNQ,48.8627803,2.3790086
1379,Louie Louie,11,,,casual,,"78 Rue de Charonne, 75011 Paris, France",75011,https://www.louielouie.paris/,ChIJcXILUQhy5kcRDna-_beMoB4,48.8535073,2.3803616
1380,Lyoom Cantine Street Food tunisienne,11,,,,,"50 Rue Jean-Pierre Timbaud, 75011 Paris, France",75011,https://www.lyoom-cantine.com/,ChIJq7yP0tdt5kcRyho1ZPfc4mM,48.866383,2.3727926
1381,Magma,11,,,casual,,"9 Rue Jean-Pierre Timbaud, 75011 Paris, France",75011,https://restaurantmagma.com/,ChIJjx3AVi1v5kcRegkMkjuBFa8,48.8651114,2.3672331
1383,"Mala Boom, A Spicy Love Story",11,,,,,"42 Rue Jean-Pierre Timbaud, 75011 Paris, France",75011,https://www.malaboom.com/,ChIJcY4RWHNt5kcRzHRGd14zivQ,48.8661493,2.3718822
1031,Mangez et cassez-vous,11,,,,,"64 Rue Alexandre Dumas, 75011 Paris, France",75011,https://www.instagram.com/mangezetcassezvous,ChIJjQHiyE5z5kcRnpi269qIHDs,48.8540214,2.395007
1384,Marchon,11,,,,,"161 Rue Saint-Maur, 75011 Paris, France",75011,https://marchon-restaurant.fr/,ChIJsyXbsB5t5kcRicz6RsyzMj8,48.868937,2.3741672
2348,Martin,11,,wine_bar,casual,,"24 Bd du Temple, 75011 Paris, France",75011,http://bar-martin.fr/,ChIJjxJBwQdu5kcRq6Qu598M5Gk,48.864849,2.365981
1445,Masaikuta,11,,,,,"26 bis Rue de la Fontaine au Roi, 75011 Paris, France",75011,https://www.masaikuta.fr/,ChIJu5WzfwBt5kcR59pglaMThqE,48.8682517,2.3712067
1386,Mokoloco,11,,,,,"74 Rue de Charonne, 75011 Paris, France",75011,https://www.mokoloco.fr/,ChIJseadIG1z5kcR0GvBsNWHgd8,48.8534122,2.3799023
1387,Mokonuts,11,,,,,"5 Rue Saint-Bernard, 75011 Paris, France",75011,https://www.mokonuts.com/,ChIJlSThMQly5kcR1fXHGctIH88,48.8507906,2.3813834
1389,Mori café,11,,cafe,casual,,"2 Rue des Taillandiers, 75011 Paris, France",75011,https://www.moricafeparis.com/,ChIJsV6fjq9z5kcRPAUi1NQc3SI,48.853453,2.375751
1390,New Hawaienne,11,,,,,"15 Rue Louis Bonnet, 75011 Paris, France",75011,https://www.yelp.com/biz/new-hawaienne-paris,ChIJnxDQhuZt5kcRmhmkkqiSwqI,48.8710473,2.3765084
1392,NOUR Comptoir,11,,,,,"38 Rue Jean-Pierre Timbaud, 75011 Paris, France",75011,https://www.nour-comptoir.com/,ChIJzUKcuUlt5kcRtWLuMQSduSY,48.8660926,2.3716971
1393,OOBATZ,11,,,,,"4bis Av. Jean Aicard, 75011 Paris, France",75011,https://www.oobatz.fr/,ChIJr9u4KKtt5kcRNwiGaAm9JYw,48.8647346,2.3818384
1395,Ossek Garden,11,,,,,"14 Rue Rampon, 75011 Paris, France",75011,https://www.ossekgarden.fr/,ChIJI_uvqOJt5kcRJKklxftuxs4,48.8663757,2.368104
1396,Osteria Ferrara,11,,,,,"7 Rue du Dahomey, 75011 Paris, France",75011,https://www.osteriaferrara.com/,ChIJP4_7zAhy5kcRbb5uWi2ie1M,48.8512483,2.3832944
1451,OTE Ingénierie Paris,11,,,,,"4 Rue St Sabin, 75011 Paris, France",75011,https://ote-restaurant.com/,ChIJm1BNVRpu5kcRSYTg64R8xcY,48.8547,2.3717
1397,OTÉ,11,,,,,"46 Rue Jean-Pierre Timbaud, 75011 Paris, France",75011,https://ote-restaurant.com/,ChIJWV6Gw3Ft5kcRqqwJ3Hy6DmY,48.8663418,2.3724642
1398,"P'tit Deux, comptoir de chefs",11,,wine_bar,casual,,"57 Rue de la Fontaine au Roi, 75011 Paris, France",75011,https://www.deux-restaurant.fr/ptit-deux,ChIJ0XQUyoBt5kcR1Oaq9cONEsE,48.8682878,2.3739718
1399,Paperboy Paris,11,,,,,"137 Rue Amelot, 75011 Paris, France",75011,,ChIJjyyf6wdu5kcRasfjsaDXsxo,48.8646671,2.3665304
1403,PERSIL - Cuisine Pesco-Végétarienne et Gastronomie Healthy Paris 11e,11,,,,,"120 Rue Amelot, 75011 Paris, France",75011,https://persil-restaurant.com/,ChIJSVqJEaVv5kcR6relvwiEqxE,48.8639705,2.3669721
1404,Petit Nuage Paris,11,,wine_bar,casual,,"51 Rue Basfroi, 75011 Paris, France",75011,https://petitnuageparis.fr/,ChIJYTlnkv1t5kcRCRMYO7I03wE,48.8564745,2.3779003
1406,Pianovins,11,,,,,"46 Rue Trousseau, 75011 Paris, France",75011,https://www.pianovins.com/,ChIJp8ypkghy5kcRB-RvBC7_Lp8,48.8523649,2.379242
1407,Picotte,11,,,,,"42 Rue de Malte, 75011 Paris, France",75011,https://www.picotte.fr/accueil,ChIJgQhmfqZv5kcR1G6PhtJwf40,48.8662365,2.3675038
1408,Project Sausage,11,,bakery,casual,,"57 Rue du Chemin Vert, 75011 Paris, France",75011,https://projectsausage.com/,ChIJjal8_NRt5kcRM8fK9eYf3WA,48.8596593,2.3764179
1409,Recoin,11,,,,,"60 Rue St Sabin, 75011 Paris, France",75011,https://recoinparis.fr/,ChIJnzTJyMht5kcRAYhOcNIhSLw,48.8591331,2.3688686
1410,Reyna,11,,,,,"41 Rue de Montreuil, 75011 Paris, France",75011,https://reyna.paris/,ChIJ3zdcq7tz5kcRfW6Zro7wWgk,48.8504979,2.3879234
1413,RORI,11,,,,,"96 Rue Jean-Pierre Timbaud, 75011 Paris, France",75011,https://www.roriparis.com/,ChIJN5JqcwBt5kcR1R6pwYrQwxo,48.8678175,2.378077
1414,Sama bistro,11,,bistro,"casual, classic",,"5 Rue Guillaume Bertrand, 75011 Paris, France",75011,https://samabistro.com/,ChIJT44azFdt5kcRW9SkR88ibk0,48.8633905,2.379782
1415,Sammy and Joe paris,11,,,,,"124 Rue du Chemin Vert, 75011 Paris, France",75011,https://www.instagram.com/sammyandjoeparis/,ChIJi1M1lqdt5kcRVLVbXZMRHEU,48.8620162,2.3841422
1416,Sando Club,11,,,,,"1-3 Pass. Thiéré, 75011 Paris, France",75011,https://sandoclub.fr/,ChIJXSEme1Zz5kcR7HXGd_FTeWA,48.8534056,2.3746694
1417,Santa Carne,11,,wine_bar,casual,,"3 Bd Richard-Lenoir, 75011 Paris, France",75011,https://santacarne.com/contact,ChIJA0qhGwBy5kcRBAY9UpBGXT0,48.8548062,2.3693831
1418,Scaria Paris,11,,wine_bar,casual,,"88 Ave Parmentier, 75011 Paris, France",75011,https://scaria.fr/en,ChIJ0cF8Oftt5kcRyyS3Ax2es4M,48.8648502,2.375032
1421,Septime,11,,,,,"80 Rue de Charonne, 75011 Paris, France",75011,https://www.septime-charonne.fr/,ChIJE6kCUghy5kcRmWSg3RUHIwM,48.8535723,2.3809333
1446,Shuzo Tropical Izakaya,11,,,,,"44 Rue Saint-Sébastien, 75011 Paris, France",75011,https://www.shuzo.fr/,ChIJkRpbGPdt5kcRVs1yoW_oTHw,48.8616112,2.3712352
443,SoumSoum,11,,,,,"144 Bd Voltaire, 75011 Paris, France",75011,http://www.soumsoum.online/,ChIJuxC8kpJt5kcR144e7BJDcSo,48.8564882,2.3820394
1423,Superposé,11,,,,,"103 Rue Saint-Maur, 75011 Paris, France",75011,,ChIJCVzssZht5kcR2riD17tlAJE,48.8652644,2.3774699
1424,Suzie Wong,11,,,,,"24 Rue des Taillandiers, 75011 Paris, France",75011,https://www.pandapandagroup.com/fr/suzie-wong,ChIJyWH-q6tz5kcRn4ZRaiL1XSY,48.85536,2.374846
1227,Sürpriz,11,,,casual,,"110 Rue Oberkampf, 75011 Paris, France",75011,https://surpriz.paris/pages/story,ChIJS3pDR-9t5kcRMc9G7WPYbCA,48.86596,2.3790803
1425,Taverna,11,,,,,"56 Rue Amelot, 75011 Paris, France",75011,https://instagram.com/taverna.paris,ChIJ5zxor6Nt5kcR5z0VmMk1J4A,48.8594159,2.3683755
1427,Tempilenti,11,,,,,"13 Rue Gerbier, 75011 Paris, France",75011,,ChIJ8zFpNU5t5kcRKpnMKG2kbyU,48.8588135,2.3860139
1428,Terre Rosse pizzeria traiteur,11,,,,,"14 Rue des Goncourt, 75011 Paris, France",75011,https://terre-rosse.business.site/,ChIJzXgCxeNt5kcRQxt1g3qWJ-U,48.8699421,2.3719108
1429,The Hood,11,,cafe,casual,,"80 Rue Jean-Pierre Timbaud, 75011 Paris, France",75011,https://www.thehoodparis.com/,ChIJ6-J-HeVt5kcRlnGjJ2eZzlE,48.8673417,2.3763556
1174,Théâtre du Roi René,11,,,,,"12 Rue Édouard-Lockroy, 75011 Paris, France",75011,https://www.theatreduroirene.com/,ChIJUVJetORt5kcRr38mFS4l9ao,48.8658185,2.3745794
1447,TI DODO GOURMAND - Street Food Mauricien,11,,,,,"4 Rue de Lappe, 75011 Paris, France",75011,https://www.tidodogourmand.fr/,ChIJneUzFVBz5kcR-QwzvD2h1-w,48.8541903,2.3715362
1431,TRÂM 130,11,,wine_bar,casual,,"130 Rue Saint-Maur, 75011 Paris, France",75011,http://instagram.com/tramtramtramtramtram,ChIJIyCodwBt5kcRb1tE1izyXos,48.8680202,2.3754187
1432,Vaisseau,11,,,,,"35 Rue Faidherbe, 75011 Paris, France",75011,https://www.restaurant-vaisseau.com/adresse,ChIJA73L0W9z5kcRqULmP_W05uw,48.8531489,2.3826207
1434,Vantre,11,,wine_bar,casual,,"19 Rue de la Fontaine au Roi, 75011 Paris, France",75011,https://vantre.fr/,ChIJ34SrV-Jt5kcR9ZAebuU_c5Q,48.8684957,2.3701262
1761,Victor Paris,11,,,,,"33 Rue du Faubourg Saint-Antoine, 75011 Paris, France",75011,https://www.restaurant-victor.com/,ChIJn8rmLQFy5kcRvodJ233dxyU,48.8525827,2.3719347
1442,Waly-Fay,11,,,,,"6 Rue Godefroy Cavaignac, 75011 Paris, France",75011,https://www.walyfay.fr/,ChIJx7lYxwly5kcRMU8YmD3miKM,48.8542519,2.3819387
1448,Yup Thaï,11,,,,,"13 Rue Léon Frot, 75011 Paris, France",75011,https://www.instagram.com/yupthai_paris/,ChIJl_5Lo-Zz5kcRm21c2fsA5NE,48.8539637,2.3877138
1454,Agrology,12,,wine_bar,casual,,"15 R. de Prague, 75012 Paris, France",75012,https://agrology.fr/,ChIJWUL5xAVy5kcRVKPC4gMY0OI,48.8497467,2.3757248
1455,Amarante,12,,,casual,,"4 Rue Biscornet, 75012 Paris, France",75012,https://www.amarante.paris/,ChIJiWbPxwNy5kcRYr0ZXPbpXdY,48.8496338,2.3700566
1515,ANCO,12,,,,,"108 Rue de Bercy, 75012 Paris, France",75012,,ChIJPRfxu-Bz5kcRlVGPQaPyUVM,48.8393277,2.3806376
1273,Arlette,12,,,,,"20 Rue Saint-Nicolas, 75012 Paris, France",75012,https://www.arlettebistro.com/,ChIJuW75hQZy5kcRXPrzbGDWKzE,48.8511451,2.3746695
1456,Bacioni,12,,,,,"11bis Rue de Cotte, 75012 Paris, France",75012,https://bacioni-restaurant.com/,ChIJIzANjAVy5kcRQg6Oc737vHc,48.8490937,2.377196
1514,Baja brunch paris,12,,,,,"34 All. Vivaldi, 75012 Paris, France",75012,https://lebaja.com/,ChIJd5XY_Hhz5kcRB1t6GylrDlY,48.8418567,2.3903699
1457,Bar à momos,12,,,,,"218 Rue du Faubourg Saint-Antoine, 75012 Paris, France",75012,https://www.baramomos.fr/,ChIJX2sbkgxy5kcRvY0GXeVaVO0,48.8496063,2.3870686
1458,Bistro S,12,,bistro,"casual, classic",,"7 Rue Saint-Nicolas, 75012 Paris, France",75012,https://www.bistros.fr/,ChIJBZelTGpz5kcRukAhjolGzIk,48.8509389,2.3742997
1464,Grand Bleu,12,,wine_bar,casual,,"67 Bd de la Bastille, 75012 Paris, France",75012,https://grandbleu-bastille.com/,ChIJ0c46iwJy5kcRkzZrIReMjcU,48.851017,2.368606
344,Guefen,12,,,,,"212 bis Rue de Charenton, 75012 Paris, France",75012,https://guefen.fr/,ChIJwROWw8Bv5kcRb1SRKEJ4cXU,48.8409438,2.3873713
1500,HuThoPi,12,,,,,"53 Rue de Charenton, 75012 Paris, France",75012,https://www.huthopi.fr/,ChIJcxnwAjpz5kcRwBq06XXVJ0M,48.8509447,2.3729395
1466,JINCHAN Shokudo,12,,,,,"154 Rue du Faubourg Saint-Antoine, 75012 Paris, France",75012,https://www.jinchan.fr/,ChIJKx5y_NVz5kcRw5AOIz_3lsE,48.8502985,2.3806007
1467,Jouvence,12,,wine_bar,casual,,"172 Bis Rue du Faubourg Saint-Antoine, 75012 Paris, France",75012,https://www.jouvence.paris/#1,ChIJSRmutQ5y5kcRIPnSJ8cG0l4,48.850231,2.3821274
1346,L' Artisan Libanais,12,,,,,"180 Rue du Faubourg Saint-Antoine, 75012 Paris, France",75012,http://artisan-libanais.com/contact,ChIJX-_vqYJz5kcRiP3_t4SRQGM,48.8501512,2.3826441
1468,L'Ébauchoir,12,,,,,"43-45 Rue de Cîteaux, 75012 Paris, France",75012,https://www.lebauchoir.com/,ChIJ37Xhzw5y5kcRr2FfxIiIF_w,48.8498715,2.3811387
1502,La Cantine du Siam,12,,,,,"12 Rue Emilio Castelar, 75012 Paris, France",75012,https://www.lacantinedusiam.fr/,ChIJnZ8clgVy5kcRyMtPuKSgNbI,48.8489317,2.376205
1470,La Ruche à Miel,12,,,casual,,"19 Rue d'Aligre, 75012 Paris, France",75012,https://la-ruche-a-miel-restaurant-paris.eatbu.com/?lang=en,ChIJccDLRQ9y5kcRRbY2mJ-KL80,48.8498209,2.3785801
1472,Le Charolais,12,,,,,"15 Rue de Cotte, 75012 Paris, France",75012,https://www.tripadvisor.com.br/Restaurant_Review-g187147-d4788206-Reviews-Le_Charolais-Paris_Ile_de_France.html,ChIJf2C69AVy5kcRP4nJjF7-ops,48.8493031,2.3774396
1473,Le Cotte Rôti,12,,,casual,,"1 Rue de Cotte, 75012 Paris, France",75012,https://lecotteroti.fr/#view-r1,ChIJKS_InAVy5kcRDBXHxcmlhD0,48.8481646,2.3766494
1474,Le Picotin,12,,,casual,,"35 Rue Sibuet, 75012 Paris, France",75012,https://lepicotin.fr/fr,ChIJ8xxyHmVy5kcRZBHmNN0Q7vQ,48.843501,2.402304
1506,Le Quincy,12,,,,,"28 Av. Ledru Rollin, 75012 Paris, France",75012,https://www.timeout.fr/paris/restaurants/le-quincy,ChIJ9WamFgNy5kcRwcqROwLtknU,48.8470716,2.3701354
1476,Le Square Trousseau,12,,,casual,,"1 Rue Antoine Vollon, 75012 Paris, France",75012,https://www.squaretrousseau.com/,ChIJ8TiNQ6xz5kcRXl7jsfUd0-o,48.8502844,2.3765739
1505,Le Train Bleu,12,,wine_bar,casual,,"Gare de Lyon, Pl. Louis Armand hall 1, 75012 Paris, France",75012,https://www.le-train-bleu.com/fr,ChIJzev2rBxy5kcRYsCGyZ-UMRs,48.8448989,2.3732694
1478,Mama Jackson Soul Food Paris,12,,,,,"12 Rue Claude Tillier, 75012 Paris, France",75012,https://www.instagram.com/mamajackson_restaurant/?hl=fr,ChIJMcXU_BFy5kcRagV4QKC38iU,48.8479999,2.3879809
1479,Mazali,12,,,,,"4 Rue Crozatier, 75012 Paris, France",75012,https://mazaliparis.fr/,ChIJG_fgM8Vz5kcRyof2L5hfXLA,48.8453879,2.3830605
1481,Morry's Bagels,12,,,,,"246 ter, Rue du Faubourg Saint-Antoine, 75012 Paris, France",75012,https://morrysbagel.wixsite.com/website,ChIJAeohfq1z5kcRD9_5ZaZ3-MU,48.8490744,2.3903723
1460,New Chalet du Lac,12,,,,,"Bois de Vincennes, 2 Av. Anna Politkovskaïa Orée du, 75012 Paris, France",75012,https://chaletdulac.fr/restaurant,ChIJxYCuI3By5kcR2va6TDSFMv4,48.8428073,2.4221133
1501,OLGA - Sandwichs et Fromages,12,,,,,"3 Rue Michel Chasles, 75012 Paris, France",75012,,ChIJ8ZXGQpxz5kcRofLaK4P1xQQ,48.8461869,2.3737441
1499,Parisii,12,,"cafe, wine_bar",casual,,"1 Pl. d'Aligre, 75012 Paris, France",75012,https://www.parisii-aligre.fr/,ChIJf4Se3fxz5kcRKZyObvX2aZE,48.8494068,2.37778
1497,Passerina,12,,,,,"44 Rue Traversière, 75012 Paris, France",75012,https://www.passerini.paris/passerina/infos-pratiques,ChIJ40d9Nadz5kcR5zO3T7E6YbA,48.8493254,2.3749658
1486,Pizza Julia,12,,,casual,,"43 Rue de Charenton, 75012 Paris, France",75012,https://www.pizzajulia75.fr/,ChIJdwk0swZy5kcRLnyYsbKeI9g,48.8516901,2.3720328
1487,Pizzou Aligre,12,,,,,"14 Rue de Cotte, 75012 Paris, France",75012,https://pizzou.fr/pizzerias/aligre,ChIJhYolpzNz5kcRqxf0qMPirKQ,48.8496231,2.3779654
1485,Restaurant Passerini,12,,,casual,,"65 Rue Traversière, 75012 Paris, France",75012,https://www.passerini.paris/,ChIJG_fMygVy5kcRCLfpTD8eflk,48.8494046,2.3747944
1494,Roberta Ristorante,12,,,casual,,"30 Cr Saint-Emilion, 75012 Paris, France",75012,https://roberta.fr/restaurants/roberta-bercy,ChIJLRxfnD9y5kcRm3op4SL6mzw,48.832962,2.3865712
1489,Sardegna a Tavola,12,,,casual,,"1 Rue de Cotte, 75012 Paris, France",75012,https://sardegna.paris/,ChIJdUhTgwVy5kcRPFHbSnE-Q-I,48.8482898,2.3767423
1496,Table Bruno Verjus,12,,,,,"3 R. de Prague, 75012 Paris, France",75012,https://table.paris/,ChIJoSONvAVy5kcRiFFvBHOUYv8,48.8488016,2.3758487
1491,TOWA Restaurant,12,,,,,"75 Rue Crozatier, 75012 Paris, France",75012,https://www.towarestaurantparis.fr/,ChIJfe0cOQ9y5kcRa69y4RFpF_s,48.849591,2.3793134
1492,Trois Crabes,12,,,,,"19 Rue Claude Tillier, 75012 Paris, France",75012,https://troiscrabes.fr/,ChIJpRKd0Axy5kcR7GCN-LgyN6k,48.8483637,2.3881028
1493,Virtus,12,,,casual,,"29 Rue de Cotte, 75012 Paris, France",75012,https://virtus-paris.com/,ChIJ__-zAA5y5kcRqLoe0pGwlcw,48.8502976,2.3781289
1518,Auberge Etchegorry,13,,,,,"41 Rue de Croulebarbe, 75013 Paris, France",75013,https://etchegorry.fr/zh,ChIJ0YAMtpNx5kcRet2zGGWI5Fg,48.8322271,2.3505747
1519,Aupa Caminito - croissant burger,13,,"cafe, wine_bar",casual,,"48-50 Rue du Dessous des Berges Angle, 31 Rue Cantagrel, 75013 Paris, France",75013,https://www.aupacaminito.com/,ChIJN0xlPyVy5kcRSSQowtcp8dw,48.8269461,2.3744167
1521,BORIA,13,,wine_bar,casual,,"43 Rue du Château des Rentiers, 75013 Paris, France",75013,https://boria-paris.fr/fr,ChIJ2SOBsihy5kcR8YD18eXezzg,48.8248698,2.3698077
1522,Chez Mamane,13,,,,,"27 Rue des Cinq Diamants, 75013 Paris, France",75013,https://lefooding.com/restaurants/restaurant-chez-mamane-paris-16,ChIJ7fV4qZFx5kcRUHp9ayb4ZkE,48.8286063,2.3506281
1523,Chez Trassoudaine,13,,wine_bar,casual,,"3 Pl. nationale, 75013 Paris, France",75013,https://www.cheztrassoudaine.com/,ChIJr36aZSdy5kcRAddTio5dOrQ,48.8286967,2.3651479
1524,Coupi bar,13,,cafe,casual,,"48 Av. de la Prte d'Ivry, 75013 Paris, France",75013,http://www.coupibar.fr/,ChIJK-ofsi5y5kcRA8Q6uWtfoa0,48.8213805,2.3700988
1525,Dame Augustine,13,,,,,"32 Av. des Gobelins, 75013 Paris, France",75013,https://www.dameaugustine.com/,ChIJ75Si4fdx5kcR9y7ygtTd-dk,48.8357263,2.3522766
1527,Fleurs de Mai,13,,,,,"61 Av. de Choisy, 75013 Paris, France",75013,https://fleursdemai-13.fr/fr,ChIJQ7SDCYdx5kcRy1kiOkRyxeI,48.8230743,2.3621623
1529,Impérial Choisy 美丽都,13,,,,,"32 Av. de Choisy, 75013 Paris, France",75013,https://drive.google.com/file/d/1etqeeAtGXC_PtI0LpeTrGTXy1hSjSKl9/view,ChIJH7bObodx5kcRZvKndkGRXQo,48.8222222,2.3633333
1530,L'Hommage,13,,,,,"36 Av. de Choisy, 75013 Paris, France",75013,http://www.lhommageparis.com/,ChIJDzdubodx5kcRsW4IdxJzRA0,48.8223962,2.3631203
1531,La Felicità,13,,,casual,,"5 Parv. Alan Turing, 75013 Paris, France",75013,https://www.lafelicita.fr/,ChIJk16wp8Fz5kcRkHv9uQxB30M,48.8334295,2.3718736
1532,Lao Lane Xang Restaurant,13,,,,,"102 Av. d'Ivry, 75013 Paris, France",75013,http://www.facebook.com/Lao-Lane-Xang-2-24474506332/,ChIJwym-LIZx5kcRgA1fevt2Qjo,48.8256088,2.3614423
1537,Le Maasaï Lounge,13,,,,,"34 Av. Pierre Mendès-France, 75013 Paris, France",75013,https://cafemaasai.fr/,ChIJuftGYDlu5kcRujTfTnlVkrc,48.8388808,2.3702822
1534,Le Verbalon,13,,,,,"198 bis Rue de Tolbiac, 75013 Paris, France",75013,https://leverbalon.fr/,ChIJCWw0eUpx5kcRvEdNsedJ6yo,48.8258798,2.3487722
1535,Les Cailloux,13,,,casual,,"58 Rue des Cinq Diamants, 75013 Paris, France",75013,http://lescailloux.fr/,ChIJdaz56JBx5kcRODTkablC1Tc,48.8277075,2.3493087
1018,Les Frangins,13,,"cafe, wine_bar",casual,,"3 Rue des Gobelins, 75013 Paris, France",75013,https://bistronomie-paris.fr/fr,ChIJazZ_zZJx5kcRsgsQEGJh6Mc,48.8357304,2.3521632
1536,Les Maquereaux - Rive Gauche,13,,,,,"36 Quai d'Austerlitz, 75013 Paris, France",75013,https://www.lesmaquereaux.com/les-maquereaux-rive-gauche,ChIJoe4m-K1z5kcRIBanD6yNF6o,48.8416576,2.3692066
1195,LÜKS Kebab Paris 13,13,,,,,"6 Rue du Père Guérin, 75013 Paris, France",75013,https://luks-kebab.fr/en/homepage,ChIJ0Tk7Gotx5kcREtPFlGY3lFc,48.8304986,2.3543762
1538,Marso & co,13,,,,,"16 Rue Vulpian, 75013 Paris, France",75013,https://www.tomygousset.com/marso-and-co,ChIJQSSMGnRx5kcRbs3Jd6p9uSk,48.8316639,2.3462764
1039,Miam Miam Cool,13,,,,,"11 Rue Primatice, 75013 Paris, France",75013,https://www.miammiamcool.fr/,ChIJm7sNhFJx5kcRYsR0OHLjzK0,48.833418,2.355712
1539,MORTENSEN,13,,,,,"11 Bd Saint-Marcel, 75013 Paris, France",75013,https://mortensenrestaurant.fr/,ChIJP0wDO5Fx5kcR9PERqtPrOxs,48.839162,2.3601667
1546,PLAT/FORM,13,,wine_bar,casual,,"14 Port de la Gare, 75013 Paris, France",75013,https://plat-form.fr/,ChIJt5YCewBz5kcRAesDd9j4qZ4,48.8349559,2.376872
994,Restaurant KISS,13,,,,,"3 Rue Abel Hovelacque, 75013 Paris, France",75013,https://www.kissparis.com/,ChIJFe2feJJx5kcRs0A0IzJjW38,48.8330283,2.3538839
1541,Restaurant Nosso,13,,,casual,,"22 Prom. Claude Lévi-Strauss, 75013 Paris, France",75013,https://www.nosso-restaurant.fr/,ChIJOXlENjhz5kcRHYsDcJiD9Gc,48.8316698,2.3745149
1548,Sellae,13,,,,,"18 Rue des Wallons, 75013 Paris, France",75013,https://sellae-restaurant.com/,ChIJS3pghvNx5kcR_IrxmcDc0lA,48.8387795,2.3596058
1965,Sukhothai Restaurant,13,,,,,"12 Rue du Père Guérin, 75013 Paris, France",75013,https://sukhothaiparis.com/,ChIJhTseBY5x5kcRGCF5WZ7atvU,48.8303761,2.35398
1550,Tadam,13,,,,,"14 Rue du Jura, 75013 Paris, France",75013,https://www.tadam-paris.fr/,ChIJ1Tjg6fJx5kcROWdRcwWgerU,48.8371113,2.3559688
1551,Thaï Yim 2,13,,,,,"70 Rue du Château des Rentiers, 75013 Paris, France",75013,https://thaiyim2.business.site/,ChIJ8wISESZy5kcRghpkIuV1pVU,48.8263889,2.3691667
1552,Thieng Heng,13,,,,,"50 Av. d'Ivry, 75013 Paris, France",75013,,ChIJSfpaNyhy5kcRHKTsHWVG17U,48.823824,2.3651178
1238,Yi Bowl Noodle 小黄碗胡辣汤·羊汤,13,,,casual,,"80 Rue Regnault, 75013 Paris, France",75013,https://www.yibowlnoodle.com/en,ChIJ8yVPLeNz5kcRI9rYg-IsGsg,48.8236835,2.3716237
1554,Armand Bar & Cantine,14,,,,,"33 Rue de la Gaité, 75014 Paris, France",75014,https://armand-bar-cantine.eatbu.com/,ChIJlxJkqstx5kcR8iPyxKeFn6I,48.8392916,2.3233637
1556,Augustin,14,,,,,"79 Rue Daguerre, 75014 Paris, France",75014,https://www.augustin-bistrot.fr/,ChIJjRK57rVx5kcRGrW2O9Bq6XQ,48.8355176,2.3249363
1557,Aux Plumes,14,,,,,"45 Rue Boulard, 75014 Paris, France",75014,https://www.auxplumes.com/,ChIJsVtS27Zx5kcRNPqIHyz4o-o,48.8322895,2.3278004
1607,Barbo - Bistronomie de saison,14,,bistro,"casual, classic",,"15 Rue Boyer-Barret, 75014 Paris, France",75014,https://barbo.paris/,ChIJOcDEdUlx5kcRGqsCgsMsb4I,48.8326186,2.3183629
2354,Barbo - Bistronomie de saison,14,,bistro,"casual, classic",,"15 Rue Boyer-Barret, 75014 Paris, France",75014,https://barbo.paris/,ChIJOcDEdUlx5kcRGqsCgsMsb4I,48.8326186,2.3183629
1604,Brasserie Partage,14,,,casual,,"79 Rue Didot, 75014 Paris, France",75014,https://www.partagebrasserie.fr/,ChIJp1NwddJx5kcRYrTwm9odg8U,48.8294495,2.3178323
1558,BRUTUS - Gaîté,14,,wine_bar,casual,,"28 Rue de la Gaité, 75014 Paris, France",75014,http://www.brutus-paris.com/,ChIJHx8jj69x5kcR2jO62sN5GLE,48.8392049,2.3229858
2337,Café noisette,14,,cafe,casual,,"26 Rue Delambre, 75014 Paris, France",75014,https://www.lecafenoisette.com/,ChIJdQOHqs5x5kcRboDXaZfkOyw,48.8415562,2.3265202
1605,Capsule Restaurant,14,,wine_bar,casual,,"2 Rue Cassini, 75014 Paris, France",75014,https://capsule.restaurant/,ChIJCZ-gYhJx5kcRCVN1pLbpoQY,48.8368302,2.3381604
1560,Fetapita,14,,,,,"86 Rue Didot, 75014 Paris, France",75014,,ChIJU-Jy27Vx5kcRNfdOTZbxmeo,48.8285365,2.316172
1564,I Grappoli,14,,,,,"22 Pl. Denfert-Rochereau, 75014 Paris, France",75014,https://www.igrappoli.fr/,ChIJu3t9ZLVx5kcRxSvcyGOmQm0,48.8338697,2.3308772
1602,Inizio,14,,,,,"41 Rue du Montparnasse, 75014 Paris, France",75014,https://www.inizioparis.com/,ChIJQfVEQZRx5kcR8Xn_vGRkNZs,48.8425866,2.3260938
348,INKA BISTROT,14,,bistro,"casual, classic",,"34 Rue Pierre Larousse, 75014 Paris, France",75014,https://www.inka-restaurant.fr/,ChIJneWlSXhx5kcRGyFOamiUAM0,48.829424,2.3137917
487,Kokodak,14,,,,,"39 Rue de la Gaité, 75014 Paris, France",75014,https://restaurants-kokodak.com/,ChIJU0wdbwBx5kcRspD3BRyZrUk,48.838934,2.3231318
1555,L'As du Poulet,14,,,,,"19 Rue Delbet, 75014 Paris, France",75014,https://asdupoulet.com/,ChIJs1Hq1kxw5kcRDSZDrMlctKw,48.8292703,2.3193391
1567,L'Assiette,14,,,,,"181 Rue du Château, 75014 Paris, France",75014,https://restaurant-lassiette.paris/,ChIJkc5OT7Rx5kcRJx30EIJaxvM,48.833419,2.324069
1568,L'Entrepôt Restaurant,14,,,,,"7 Rue Francis de Pressensé, 75014 Paris, France",75014,https://fulgurances.com/les-restaurants/lentrepot-en,ChIJbWYjnaBx5kcR2GLcrOR_LgY,48.8339719,2.3165548
1570,L'Imprévu,14,,wine_bar,casual,,"35 Rue Didot, 75014 Paris, France",75014,https://l-imprevu-paris.eatbu.com/?lang=fr,ChIJ8-pIt7Rx5kcRpwgzTmg1MCQ,48.832499,2.3207328
1571,L'opportun,14,,,,,"62 Bd Edgar Quinet, 75014 Paris, France",75014,https://www.opportunparis.com/,ChIJMegTi8tx5kcRs2jy_IIojG0,48.841626,2.3241884
1572,La Cantine des Arbustes,14,,,,,"5 Rue des Arbustes, 75014 Paris, France",75014,https://refugee-food.org/la-cantine-des-arbustes-nouveau-restaurant-social-et-engage-dans-le-14eme-a-paris,ChIJFbqjc6lx5kcRjqcuTdXDgrg,48.8286879,2.3084424
1573,La Coupole,14,,"cafe, wine_bar",casual,,"102 Bd du Montparnasse, 75014 Paris, France",75014,https://www.lacoupole-paris.com/,ChIJYafZxs5x5kcRiDaXQXadCBY,48.8422546,2.3279506
1574,La Goutte d’Eau,14,,wine_bar,casual,,"26 Rue de l'Amiral Mouchez, 75014 Paris, France",75014,https://lagouttedeau.paris/,ChIJYd8nc2Vx5kcRvGpwSowfnkM,48.8247959,2.3412052
1719,La Manifattura,14,,,,,"106 Bd du Montparnasse, 75014 Paris, France",75014,https://lamanifattura-paris.fr/fr,ChIJI6zZEPNx5kcRt4SwvVs2WV4,48.8421114,2.3285434
60,La Taverne de Zhao,14,,,,,"FR, 11 Rue Delambre, 75014 Paris, France",75014,https://www.zhaogroupe.com/nos-restos/la-taverne-de-zhao-louvre,ChIJTxzcA9Nx5kcRJyR_2DjInGY,48.8416463,2.3283367
1575,Land&Monkeys Pernety,14,,"bakery, cafe",casual,,"85 Rue Raymond Losserand, 75014 Paris, France",75014,https://www.land-and-monkeys.com/adresses,ChIJRejsKGBx5kcRaRn_w8x18eE,48.8335725,2.3177011
1181,Le 17.45 Paris Daguerre - Planches à composer,14,,wine_bar,casual,,"21 Rue Gassendi, 75014 Paris, France",75014,https://www.le17-45.fr/contact,ChIJc7i4DsZx5kcR8MYlBBKkFnA,48.8347889,2.3268067
1363,Le Cornichon,14,,,,,"34 Rue Gassendi, 75014 Paris, France",75014,https://www.lecornichon.paris/,ChIJi994frZx5kcRKNYXb8J4sEg,48.8341243,2.326115
1577,Le Duc,14,,wine_bar,casual,,"243 Bd Raspail, 75014 Paris, France",75014,http://restaurantleduc.com/,ChIJqXbHfMhx5kcRT_MHosKnfWw,48.8387481,2.3312101
1836,Le Mocca Lounge,14,,,,,"181 Rue du Château, 75014 Paris, France",75014,https://www.moccarestaurant.fr/,ChIJG9mJSLRx5kcRRSuG6QxiNNc,48.8334089,2.3241501
1578,Le petit sommelier de Paris,14,,"cafe, wine_bar",casual,,"49 Av. du Maine, 75014 Paris, France",75014,https://www.lepetitsommelier-paris.fr/,ChIJK-0NQMtx5kcRT2guyXzQChc,48.8402877,2.3220475
363,Le Ruisseau Burger Alésia,14,,,,,"8 Rue Brézin, 75014 Paris, France",75014,https://www.leruisseauburger.com/paris-14,ChIJV4S6eNdx5kcRlwchD_OyMGo,48.8311455,2.3286448
1581,Les Petits Parisiens (Bistrot de bons goûts),14,,bistro,"casual, classic",,"49 Av. Jean Moulin, 75014 Paris, France",75014,https://petits-parisiens.fr/,ChIJ65kTdVNx5kcRb34kg2awxac,48.8249105,2.3203546
165,L’EMPREINTE,14,,,,,"5 Rue Mouton-Duvernet, 75014 Paris, France",75014,https://www.empreinte-paris.com/,ChIJEcUSM7dx5kcRo3kHqPKmfao,48.8314653,2.3292324
1569,L’Essentiel - Restaurant Paris 14,14,,"cafe, wine_bar",casual,,"168 Rue d'Alésia, 75014 Paris, France",75014,https://www.lessentiel-bistrot.fr/,ChIJvW_a_ktw5kcR-H-c9tgHuGQ,48.8317284,2.3147053
164,Maison Edgar,14,,wine_bar,casual,,"232 Bd Raspail, 75014 Paris, France",75014,http://www.edgarparis.com/accueil.html#restaurant,ChIJp_sg6oVx5kcRIPvHJVhrHoo,48.8395849,2.3301681
1587,Mosuke par Mory Sacko,14,,,,,"11 Rue Raymond Losserand, 75014 Paris, France",75014,https://mosuke-restaurant.com/en/home,ChIJZf2wJx9x5kcRTD2DAPk3rP0,48.8362615,2.3224834
1609,MR CHOW - Cuisine chinoise,14,,,,,"12 Rue Delambre, 75014 Paris, France",75014,https://www.pandapandagroup.com/fr/mr-chow,ChIJ-TuAl2Bx5kcR2J-p0Yw_zYk,48.8418261,2.3281676
245,NOUS épicerie anti-gaspi Paris Montparnasse,14,,,,,"11 Rue de l'Ouest, 75014 Paris, France",75014,https://www.nousrestaurant.fr/reservationnous,ChIJWwMFux5x5kcRkrkUiQbDc0Q,48.8372815,2.3221932
1606,Opla - Banh Mi & more,14,,,,,"59 Rue Daguerre, 75014 Paris, France",75014,http://instagram.com/opla_banhmi,ChIJH_8AMstx5kcRDS3W59alP0M,48.8350444,2.3265392
1588,Partages - Restaurant Montparnasse,14,,"cafe, wine_bar",casual,,"116 Bd du Montparnasse, 75014 Paris, France",75014,https://www.partages-restaurant.fr/,ChIJxdVYNTtx5kcRm7KOPOj9IWw,48.8416364,2.3303896
1589,PNY GAITÉ,14,,,,,"15 Rue de la Gaité, 75014 Paris, France",75014,https://www.pnyburger.com/pny-burger-gaite,ChIJ0Vck9gNx5kcRo7b695PxpV4,48.8401353,2.3241842
1603,Pocha!,14,,,,,"82 Bd du Montparnasse, 75014 Paris, France",75014,https://pocha-restaurant.fr/,ChIJ9QE8UQBx5kcRNGqb0iHn92w,48.8429977,2.3259624
1590,Poinçon Paris,14,,"cafe, wine_bar",casual,,"124 Av. du Général Leclerc, 75014 Paris, France",75014,https://poinconparis.com/,ChIJBcqIjGNx5kcR2Ed-JuDhAPo,48.8245803,2.3256074
1563,Restaurant HaTaYa Paris 14,14,,,,,"5/7 Pl. de Catalogne, 75014 Paris, France",75014,https://hataya-restaurant-paris.eatbu.com/?lang=en,ChIJPQYt5txx5kcRqqQX8aAjk28,48.8367888,2.31803
1586,Restaurant MONTÉE,14,,,,,"9 Rue Léopold Robert, 75014 Paris, France",75014,http://restaurant-montee.fr/,ChIJ__8ruMhx5kcRYaR8gJpeAvo,48.8407977,2.3306888
1594,Tavola di gio,14,,wine_bar,casual,,"210 Bd Raspail, 75014 Paris, France",75014,https://tavoladigio.fr/cs,ChIJ93XF0shx5kcR_HgReZYRHOs,48.8411586,2.3296079
1595,The Copper Pub,14,,wine_bar,casual,,"4 Imp. de la Gaité, 75014 Paris, France",75014,http://thecopperpub.com/,ChIJS77dWFNx5kcRGdAWlsTjmyM,48.8404484,2.3246457
1597,Ti Case Créole,14,,,,,"115 Rue Didot, 75014 Paris, France",75014,https://www.ti-case-creole.com/,ChIJbwgmfiBx5kcRRO1ZMyKIVdg,48.8277756,2.3154188
1599,Tripletta Gaité,14,,,,,"1 Imp. de la Gaité, 75014 Paris, France",75014,https://triplettagaite.fr/,ChIJlaEwLn9x5kcRLsh7q_LCDkM,48.8405655,2.3247326
1246,Wingstop Paris 14 (livraison uniquement),14,,,,,"36 Av. Reille, 75014 Paris, France",75014,https://www.wingstop.paris/,ChIJU57p-sVx5kcRxWWxVxy4U2o,48.8247536,2.338923
1601,Yaai Thaï Daguerre,14,,,,,"22 Rue Daguerre, 75014 Paris, France",75014,https://www.yaai-thai.com/,ChIJJ3mIO_lx5kcRACFpGtC2gWk,48.8340998,2.3294212
898,Yatai Ramen Montparnasse,14,,ramen,casual,,"11 Rue de la Gaité, 75014 Paris, France",75014,https://yatairamen.fr/,ChIJ2YusqEJx5kcRjeIoO27OMCg,48.8403171,2.3243059
1610,750g La Table,15,,,,,"397 Rue de Vaugirard, 75015 Paris, France",75015,https://www.750glatable.com/,ChIJ-2rO0Wpw5kcRUxkyLZaRCmU,48.8337683,2.2903701
1611,Abstinence - Restaurant & Bar,15,,wine_bar,casual,,"47 Av. de la Motte-Picquet, 75015 Paris, France",75015,https://abstinenceparis.com/,ChIJiyWKCSpx5kcRrxn0lPzLc7k,48.8505603,2.3005279
1673,Amanie Paris,15,,wine_bar,casual,,"1 Pl. Etienne Pernet, 75015 Paris, France",75015,https://www.amanieparis.fr/,ChIJm9tSjT5x5kcR-lc6lVnZ5DY,48.8434267,2.2933915
1638,ANCORA au Perchoir Porte de Versailles,15,,wine_bar,casual,,"2 Av. de la Prte de la Plaine, 75015 Paris, France",75015,https://leperchoir.fr/location/le-perchoir-porte-de-versailles,ChIJr242L4Jx5kcRmyQkIeGDf7Y,48.8302489,2.2920136
1669,Annette K. Seine,15,,,,,"Port de Javel Bas, 75015 Paris, France",75015,https://www.annettek.fr/#food,ChIJP-q4gm175kcRe07AHUHq7qc,48.8412173,2.2713546
681,Armonia,15,,,,,"2 Rue du Capitaine Scott, 75015 Paris, France",75015,https://restaurant-armonia.fr/,ChIJ17KKZyZx5kcRhBLlekYD1J0,48.8543574,2.2944977
467,Au Bon Coin,15,,"cafe, wine_bar",casual,,"85 Rue Brancion, 75015 Paris, France",75015,http://auboncoin-bistrot.com/,ChIJRfoW-kNw5kcRboL23tIdBVc,48.8313618,2.3026304
1659,Chakaiseki Akiyoshi,15,,,,,"59 Rue Letellier, 75015 Paris, France",75015,https://chakaiseki-akiyoshi.fr/,ChIJXZOfs6Zx5kcRLQByGMVUS1A,48.8470136,2.2989248
1615,Chez Tonton,15,,,,,"20 Rue Gramme, 75015 Paris, France",75015,https://www.cheztonton.fr/,ChIJIX0tsMBx5kcRKLLuSDXu2Mc,48.8448559,2.2963743
1616,Claudia Paris,15,,,,,"51 Av. de la Motte-Picquet, 75015 Paris, France",75015,https://www.claudiaparis.com/,ChIJHcQ1291x5kcRT_2DVyLuSxA,48.8503092,2.3000819
1617,Crêperie Mad'eo!,15,,,,,"14 Rue de Cadix, 75015 Paris, France",75015,https://creperiemadeo.bzh/,ChIJaYNvXCnpC0ERtKpGxE6614Y,48.8338861,2.2894694
1462,DO ET RIZ CONVENTION,15,,,casual,,"333 Rue de Vaugirard, 75015 Paris, France",75015,,ChIJ1d3bBwBx5kcRku8YoAGEL4w,48.8375576,2.2974794
1665,Epifani Restaurant,15,,,,,"11-15 Rue André Lefebvre, 75015 Paris, France",75015,https://restaurantepifani.com/,ChIJm0I7jwlw5kcRXSRnCNU8z9E,48.8426782,2.2780822
1648,Fratelli Castellano,15,,,,,"43 Rue Fondary, 75015 Paris, France",75015,https://www.pizzeriafratellicastellanoparis.fr/,ChIJ4Yv3lDJx5kcRB1e3yk4S4-k,48.8476777,2.294511
1299,Grand Pacific Buffet à volonté - Tour Eiffel,15,,,,,"70 bis Av. de Suffren, 75015 Paris, France",75015,https://www.restaurantbuffet.fr/,ChIJy14Vij5x5kcRDDlIwA6RxTI,48.8525052,2.2984199
1620,Guillaume Grasso La Vera Pizza Napoletana,15,,pizza,casual,,"45 Rue Brancion, 75015 Paris, France",75015,https://www.guillaume-grasso.com/,ChIJV8Gmw0Zw5kcRtmbK7k0gZeY,48.8335903,2.3044725
1621,Habesha,15,,,,,"19 Rue Copreaux, 75015 Paris, France",75015,https://www.habeshaparis.fr/,ChIJT3-ogTlw5kcRFX7OhEWMn9c,48.8417736,2.3069471
1955,Hôtel Montcalm Paris 15 (Hôtel Paris 75015),15,,,,,"50 Av. Félix Faure, 75015 Paris, France",75015,http://montcalmhotel.com/,ChIJ3ytxdRJw5kcRF3yS1gd-iIo,48.8409277,2.287007
1622,IDA by Denny Imbroisi,15,,,,,"117 Rue de Vaugirard, 75015 Paris, France",75015,https://www.restaurant-ida.com/,ChIJz2Q_5TJw5kcRhxHcMZZdxVY,48.844752,2.31909
1624,L'Accolade,15,,,,,"208 Rue de la Croix Nivert, 75015 Paris, France",75015,https://www.laccoladeparis15.fr/,ChIJGZhFK21w5kcRd7IPRjt7aYA,48.8372654,2.289306
1625,L'Antre Amis,15,,,,,"9 Rue Bouchut, 75015 Paris, France",75015,https://www.lantreamis.com/,ChIJLXq2ATBw5kcRoqrUsJbvP8w,48.8467683,2.310242
1626,L'Ardoise du XV,15,,,,,"70 Rue Sébastien Mercier, 75015 Paris, France",75015,http://www.lardoiseduxv.fr/,ChIJddBBTQlw5kcR6UUY4-llRtc,48.8430821,2.2814294
1655,L'Os à moelle,15,,,,,"3 Rue Vasco de Gama, 75015 Paris, France",75015,https://www.instagram.com/losamoelle.restaurant?igsh=MXJ6NWN2bmlobWZpZw%3D%3D&utm_source=qr,ChIJBz2epQxw5kcR3mq65dpD9OM,48.8380908,2.2817284
1627,La Gauloise,15,,,,,"59 Av. de la Motte-Picquet, 75015 Paris, France",75015,https://menuonline.fr/lagauloise,ChIJ23IqeSJw5kcR2oPuQct1dXc,48.849584,2.298964
1629,La Plage Parisienne,15,,wine_bar,casual,,"Port de Javel Haut, 75015 Paris, France",75015,https://beaumarly.com/en/etablissement/la-plage-parisienne,ChIJqTEw_hhw5kcREzqGg44O1oo,48.8480507,2.2788945
1664,La Retraite du Père Claude,15,,,,,"89 Rue de la Convention, 75015 Paris, France",75015,https://www.paris-bistro.com/choisir/paris15/la-retraite-du-pere-claude,ChIJCz6DbiJw5kcRO2y-fue96tc,48.8420762,2.2861622
2242,La Source,15,,"cafe, wine_bar",casual,,"39 Rue Alain Chartier, 75015 Paris, France",75015,https://www.sourcerestaurant.fr/,ChIJcQviSxVw5kcRSZ7GnwwOGYE,48.8372814,2.2970686
1630,Le 41 Pasteur,15,,,,,"41 Bd Pasteur, 75015 Paris, France",75015,https://www.le41pasteur.com/,ChIJAcNuOzFw5kcRVxozhsPY7A8,48.8425775,2.3133216
1613,Le Beurre Noisette,15,,,,,"68 Rue Vasco de Gama, 75015 Paris, France",75015,https://www.restaurantbeurrenoisette.com/,ChIJ35ar7nJw5kcRR2-Jh-Zj4Bs,48.835621,2.2847406
1670,Le Bistrot d'André,15,,bistro,"casual, classic",,"232 Rue St Charles, 75015 Paris, France",75015,https://lebistrotdandre.fr/,ChIJoQBaNHVw5kcR6Ra0qsowZNM,48.8372922,2.2771137
1674,Le Borobudur,15,,,,,"364 Bis Rue de Vaugirard, 75015 Paris, France",75015,https://www.leborobudur.fr/,ChIJ6SBm4wlx5kcR0L-t9IQUIs8,48.8348971,2.2914764
1612,Le Bélisaire,15,,,,,"2 Rue Marmontel, 75015 Paris, France",75015,https://www.restaurant-belisaire.paris/,ChIJP4CTeD9w5kcRhPlltZPUhJM,48.8374358,2.3010062
1632,Le Café du Commerce,15,,cafe,casual,,"51 Rue du Commerce, 75015 Paris, France",75015,https://www.lecafeducommerce.com/,ChIJRQaWcBdw5kcRGyBbSZDLhk8,48.8464167,2.2954806
1634,Le CasseNoix,15,,,,,"56bis Rue de la Fédération, 75015 Paris, France",75015,https://www.le-cassenoix.fr/en,ChIJe2R96h5w5kcRAHvnKznzO1w,48.8534707,2.295095
1635,Le Grand Pan,15,,,,,"20 Rue Rosenwald, 75015 Paris, France",75015,https://www.legrandpan.fr/,ChIJBecyi0Zw5kcR_tvz4xAL8_4,48.8330814,2.3057029
209,Le P'tit Gavroche paris,15,,wine_bar,casual,,"88 Rue Blomet, 75015 Paris, France",75015,,ChIJLbe2iD5w5kcRfbS3cpp04L4,48.8412763,2.3013333
1639,Le Radis Beurre,15,,,,,"51 Bd Garibaldi, 75015 Paris, France",75015,https://restaurantleradisbeurre.com/,ChIJcW0S0Dpw5kcRdQcfJivIDDw,48.8463564,2.3078283
1672,Les Canailles Vaugirard,15,,wine_bar,casual,,"358 Rue de Vaugirard, 75015 Paris, France",75015,https://canaillesbar.fr/,ChIJRx9jie5x5kcRcTMd2K2FAvU,48.8355055,2.2925427
1662,Les Petites Dalles,15,,,,,"357 Rue Lecourbe, 75015 Paris, France",75015,https://lespetitesdalles.fr/fr,ChIJrVcnvnBx5kcR5L4B3ziT7hE,48.8362628,2.2824462
1640,Les Pères Siffleurs,15,,,,,"15 Rue Gerbert, 75015 Paris, France",75015,https://lesperessiffleurs.com/,ChIJCRu1zMlx5kcRyQjE95LJQas,48.8393711,2.2989069
1641,Marie-Edith,15,,,,,"34 Rue du Laos, 75015 Paris, France",75015,https://www.paris-bistro.com/choisir/paris15/marie-edith,ChIJD91NWvBx5kcRU9VMYm8XWQQ,48.8487455,2.3012046
1642,Mazeh,15,,,casual,,"65 Rue des Entrepreneurs, 75015 Paris, France",75015,https://www.mazeh.com/nos-restaurants,ChIJIbH-URBw5kcRKCcGNtsflYc,48.8453099,2.2892323
1643,MELT Cambronne,15,,,casual,,"103 Rue Cambronne, 75015 Paris, France",75015,https://www.meltparis.com/r%C3%A9servation,ChIJm4WdAghx5kcRArEW1rLgWSk,48.841824,2.3034556
1645,Naturellement,15,,wine_bar,casual,,"33 Bis Rue Mademoiselle, 75015 Paris, France",75015,,ChIJF7-gJhZw5kcRgKkQyjONFyI,48.8437766,2.2967605
2223,Out Fry - Korean Fried Chicken by Taster,15,,,,,"23 Rue de la Croix Nivert, 75015 Paris, France",75015,https://www.taster.com/fr,ChIJWfwM-3Fx5kcRYog31JK0_I4,48.8466955,2.3000787
1666,Paris Bogota,15,,,,,"30 Av. du Maine, 75015 Paris, France",75015,https://parisbogota.fr/,ChIJV5wZ119x5kcRSHY-JQOHUSA,48.8427534,2.3201839
1628,Pedzouille La Grange,15,,wine_bar,casual,,"Novotel Paris Porte de Versailles, 4 Av. de la Prte de la Plaine Rooftop - 8ème étage, 75015 Paris, France",75015,https://www.pedzouille.fr/la-grange,ChIJx6FWq69x5kcRJ4EFegO5w0o,48.8300006,2.2918557
2300,PEPPE PIZZERIA Paris 15,15,,,,,"120 Rue St Charles, 75015 Paris, France",75015,https://www.peppeparis.fr/,ChIJ1Uhweppx5kcRRCKe0htHiLU,48.844441,2.2833159
1647,Picchetto,15,,"cafe, wine_bar",casual,,"50 Av. de la Motte-Picquet, 75015 Paris, France",75015,https://picchetto-paris.fr/fr,ChIJqa1lFFBx5kcRiqo4zDQHZYM,48.8508847,2.3001457
1214,Piou,15,,,,,"3 Pl. Cambronne, 75015 Paris, France",75015,http://pioupioubistro.fr/index,ChIJtdLSaclx5kcRdQEZq_51GJE,48.8475411,2.3012956
1614,Restaurant Biscotte,15,,,,,"22 Rue Desnouettes, 75015 Paris, France",75015,https://www.restaurant-biscotte.com/,ChIJB9SzTgZx5kcRp7lN4whrb3U,48.8361568,2.2912099
1576,Restaurant Bistrot Le dôme Paris 15,15,,"bistro, cafe, wine_bar","casual, classic",,"6 Rue du Hameau, 75015 Paris, France",75015,https://www.restaurant-ledome.com/,ChIJ_RQ0_Xpx5kcRIirH9sGHO2Q,48.8354878,2.2892689
1668,Restaurant Erawan depuis 1980,15,,,,,"76 Rue de la Fédération, 75015 Paris, France",75015,https://restaurant-erawan.com/,ChIJudzCJB9w5kcRcmQvK_GQR0I,48.8530174,2.2968372
1671,Restaurant L'Insoumise,15,,,,,"15 Rue Auguste Chabrières, 75015 Paris, France",75015,https://restaurant-linsoumise.com/en,ChIJHVwjAm1w5kcR1xca8zgv3eY,48.835028,2.2893174
1675,Restaurant Tipaza,15,,,,,"155 Rue St Charles, 75015 Paris, France",75015,https://www.tipaza.fr/,ChIJ2cncqQ5w5kcRFjxMaeTqFbU,48.8425005,2.2821356
1618,Ristorante Italiano da Pupetta,15,,,,,"55 Rue Brancion, 75015 Paris, France",75015,https://www.ristoranteitalianodapupetta.fr/,ChIJdQcker9x5kcRq_7xLQQnsE8,48.8331026,2.3039695
1652,Seoul Mama La Motte-Picquet - Grenelle,15,,,,,"33 Rue Violet, 75015 Paris, France",75015,https://seoulmama.fr/,ChIJ1dGP731x5kcRM6T8Ix0F6k0,48.8480339,2.2935901
1653,SHABESTAN - Grenelle,15,,,,,"98 Bd de Grenelle, 75015 Paris, France",75015,https://shabestan.paris/grenelle,ChIJn1VsoYFx5kcR5VmhfUlwKYI,48.8496043,2.2953628
1660,Sharma Ji,15,,,,,"16 Rue Frémicourt, 75015 Paris, France",75015,https://www.sharmaji.fr/,ChIJLZ3bUplx5kcREJJwwkZJIvg,48.847335,2.2983166
1657,Songsan Restaurant,15,,,,,"20 Rue Marmontel, 75015 Paris, France",75015,https://instagram.com/songsan.paris,ChIJzzP1dEBw5kcRmxfDVPuSTxw,48.836746,2.2993915
1661,Tonkatsu Tombo,15,,,,,"14 Rue de l'Arrivée, 75015 Paris, France",75015,https://www.facebook.com/pages/Tonkatsu-Tombo/269647273138831,ChIJ5b06tcxx5kcR4cJhbXPB0LI,48.843338,2.321688
1654,Trattoria Toscana,15,,,,,"101 Rue Brancion, 75015 Paris, France",75015,https://www.trattoriatoscana.paris/,ChIJ4wYoevtx5kcRTSMaFvhktdo,48.8305244,2.3022599
1678,Alfredo Positano,16,,,,,"7 Rue de Boulainvilliers, 75016 Paris, France",75016,https://www.alfredopositano.fr/,ChIJTbZsmVVx5kcRpk28nPvZIxU,48.851773,2.277409
1679,Alphonsine Paris XVI,16,,,,,"28 Rue du Dr Blanche, 75016 Paris, France",75016,https://www.privateaser.com/lieu/52381-alphonsine-paris-xvi,ChIJ_5BGWY975kcRKaPAEAKx5kI,48.854333,2.265276
1680,ANDIA,16,,wine_bar,casual,,"19 Chau. de la Muette, 75016 Paris, France",75016,https://andia-paris.com/,ChIJ6RIysFRl5kcRgTQU1vLwwWg,48.8581596,2.2722369
1682,Attabler,16,,,,,"148 Rue de la Pompe, 75016 Paris, France",75016,https://attabler-restaurant.fr/,ChIJ37siM05v5kcRqlraFJgROqg,48.8691333,2.282289
1715,Auberge du Bonheur,16,,,,,"Bois de Boulogne, All. de Longchamp, 75016 Paris, France",75016,https://www.restaurantsparisiens.com/auberge-du-bonheur,ChIJebNEr0dl5kcRaapkD0str5s,48.8620499,2.2402622
1683,Auteuil Brasserie,16,,wine_bar,casual,,"78 Rue d'Auteuil, 75016 Paris, France",75016,https://www.auteuil-brasserie.com/,ChIJEcNXrLB65kcR6leyh3yLQpk,48.848332,2.259869
1686,Bistro de l'Arc,16,,bistro,"casual, classic",,"11 Av. de la Grande Armée, 75016 Paris, France",75016,https://www.bistrodelarc.com/,ChIJ3-DnpO1v5kcR_dkXzj4aqgs,48.8744272,2.2917612
1687,Bistrot 31,16,,bistro,"casual, classic",,"31 Av. Théophile Gautier, 75016 Paris, France",75016,https://www.bistrot31.fr/,ChIJ96U23qh65kcRTAgsz7H2F0U,48.8498866,2.2725603
1700,Bistrot Chez Martine,16,,bistro,"casual, classic",,"54 Rue de Longchamp, 75016 Paris, France",75016,https://www.bistrot-chezmartine.fr/,ChIJn80l2QZv5kcRK441LvmwU9s,48.8651309,2.2874393
1692,Brasserie Victor Hugo,16,,wine_bar,casual,,"4 Pl. Victor Hugo, 75016 Paris, France",75016,https://brasserievictorhugoparis.business.site/,ChIJiWyX5NNv5kcRbb5gt7QvZ-Q,48.8701001,2.2855187
1693,Café de l’Homme,16,,cafe,casual,,"17 Pl. du Trocadéro et du 11 Novembre, 75016 Paris, France",75016,https://www.cafedelhomme.com/,ChIJlSwHnvxv5kcR2JG3yHEsjG4,48.8622057,2.2876293
1694,Café du Mexique,16,,"cafe, wine_bar",casual,,"3 Pl. de Mexico, 75016 Paris, France",75016,https://cafedumexique.com/,ChIJXTyMhvlv5kcRRcZFKxlH4s8,48.865254,2.283265
1778,Café San Francisco,16,,cafe,casual,,"1 Rue Mirabeau, 75016 Paris, France",75016,https://www.cafe-san-francisco.com/,ChIJ3bqGn1B75kcRzf5t7K0fJTY,48.8470773,2.2729295
1697,Casa Luisa,16,,wine_bar,casual,,"19 Chau. de la Muette, 75016 Paris, France",75016,https://casa-luisa.com/,ChIJtfhyPQBl5kcRCpxUioh6GRM,48.8581198,2.2722829
1770,Chez ma Poule,16,,,casual,,"7 Rue Gros, 75016 Paris, France",75016,https://instagram.com/chezmapoule16,ChIJ-2k8-PNx5kcRBMkCb4uIqF8,48.8512655,2.2773524
1777,Clodette,16,,"cafe, wine_bar",casual,,"73 Rue Boileau, 75016 Paris, France",75016,https://www.clodetteparis.com/,ChIJQWsOzYh75kcR27PTQfyoCu0,48.8413575,2.2627371
1701,Comice,16,,,,,"31 Av. de Versailles, 75016 Paris, France",75016,https://comice.paris/,ChIJAc56Jah65kcRPUvIVLIaIjI,48.8494621,2.2760438
1704,disciples,16,,,,,"136 Bd Murat, 75016 Paris, France",75016,https://disciples.paris/,ChIJs7eZzHZ75kcRWO4XbZmKBfA,48.8369699,2.2620373
1709,Girafe Restaurant,16,,wine_bar,casual,,"1 Pl. du Trocadéro et du 11 Novembre, 75016 Paris, France",75016,https://girafe-restaurant.com/en/paris,ChIJw7pLvsNv5kcRnYS9wwGfwsI,48.8630338,2.2885823
543,L'Auberge des Crus,16,,,casual,,"13 Rue Bosio, 75016 Paris, France",75016,https://www.aubergedescrus.com/,ChIJn3M3XEZ75kcRYHGlnkvVNFk,48.8496609,2.2654811
1716,La Causerie,16,,,,,"31 Rue Vital, 75016 Paris, France",75016,https://lacauserie.fr/,ChIJn3uDk_9v5kcRNGe7-f8GHIE,48.858974,2.2783888
1717,La Grande Cascade,16,,,,,"Rte de la Vge aux Berceaux, 75016 Paris, France",75016,https://www.restaurantsparisiens.com/la-grande-cascade/en/home-page-en,ChIJBU9a9RVl5kcRauGO7npEArM,48.8626993,2.2404366
1718,La Kontxa,16,,,,,"8 Quai Saint-Exupéry, 75016 Paris, France",75016,https://www.la-kontxa.fr/,ChIJl6oYGpB75kcRXNtdHucRIog,48.8379349,2.2650616
1720,La Rotonde de la Muette,16,,,,,"12 Chau. de la Muette, 75016 Paris, France",75016,https://www.rotondemuette.paris/,ChIJa_51uFRl5kcRkuGS2GFCFEY,48.8584116,2.2729331
1768,La Terrasse de Treize - au Clubhouse Paris Jean Bouin Tennis,16,,cafe,casual,,"5 Av. de la Prte Molitor, 75016 Paris, France",75016,https://treizeauclubhouse.com/fr,ChIJ09v_-eR75kcRy-Rr-qs-0CA,48.8450937,2.2546859
1769,Le Beaujolais d'Auteuil,16,,,,,"99 Bd de Montmorency, 75016 Paris, France",75016,,ChIJC_KVvLB65kcRjNsPd7rPTbU,48.8485567,2.2607571
1721,Le Brandevin,16,,wine_bar,casual,,"29 Rue du Dr Blanche, 75016 Paris, France",75016,https://www.lebrandevin.fr/,ChIJK_SoC7J65kcRhuH5A2L1QEc,48.8538588,2.2655563
1722,Le Chalet des Îles,16,,wine_bar,casual,,"Embarcadère du Chalet des Îles, Porte de la Muette Ceinture du lac inférieur du, Bois de Boulogne, 75016 Paris, France",75016,http://www.chalet-des-iles.com/fr-restaurant,ChIJeSlioU5l5kcRBJvtKz-YHzU,48.863479,2.2602401
1724,Le Jean Michel Breizh,16,,,,,"7 Rue Gros, 75016 Paris, France",75016,,ChIJT0FCDRNx5kcRCtEcyjH1PQ8,48.8512753,2.2774519
1727,Le Stella,16,,,,,"133 Av. Victor Hugo, 75016 Paris, France",75016,https://www.lestella.fr/,ChIJRcYOf_dv5kcRKbSYAwRYydE,48.867548,2.2807232
1732,Les Princes,16,,"cafe, wine_bar",casual,,"6 Pl. du Dr Paul Michaux, 75016 Paris, France",75016,http://les-princes.fr/en,ChIJT-mRyL965kcRNgFCaUFPKLc,48.8389891,2.2553699
1771,Little Bulles,16,,,,,"Pl. du Général Stefanik, 75016 Paris, France",75016,https://www.littlebulles.com/,ChIJBcd6U7565kcRNE4vMafL24M,48.8401519,2.2557739
1738,MAMO PARIS,16,,,,,"2 Rue La Pérouse, 75016 Paris, France",75016,http://www.mamoparis.com/,ChIJBaqmDe9v5kcRprOkESrb02o,48.8687624,2.2927095
1952,Marius,16,,,,,"82 Bd Murat, 75016 Paris, France",75016,https://restaurantmarius18.wixsite.com/food/home,ChIJ_UUAHL965kcROj45XLlJcRo,48.8413541,2.2558542
1744,Non Solo Pizze,16,,,,,"5 Rue Mesnil, 75016 Paris, France",75016,http://non-solo-pizze.fr/,ChIJkxeDwPBv5kcRQrkQsAnCJ2M,48.8687056,2.2848048
507,OKA SUSHI,16,,sushi,casual,,"8 Rue Duban, 75016 Paris, France",75016,https://www.okaparis.fr/,ChIJj1rZEQBw5kcR1jI8q4iiFGc,48.8567068,2.2778673
1746,Ortensia,16,,,,,"4 Rue Beethoven, 75016 Paris, France",75016,https://www.restaurantortensia.com/,ChIJUYo80Kxv5kcRsqQsipykxFM,48.8583784,2.2875713
1749,Petit Victor Hugo (PVH),16,,,,,"143 Av. Victor Hugo, 75016 Paris, France",75016,https://www.petitvictorhugo.fr/,ChIJM75MJPhv5kcR4UMSfRGhlQU,48.8671342,2.2799349
1751,Pinky Bloom,16,,,,,"68 Av. de New York, 75016 Paris, France",75016,https://pinky-bloom-paris.fr/en,ChIJc8nMvuVv5kcRJaQCzjdNtnI,48.8581729,2.2879094
1754,Radioeat,16,,wine_bar,casual,,"116 Av. du Président Kennedy, 75016 Paris, France",75016,https://www.radiofrance.com/restaurant-brasserie-radioeat,ChIJQfF2MAFw5kcRpc1lq1gz1c0,48.8520542,2.2790662
1757,SABLES,16,,,,,"35 BIS Rue Jean de la Fontaine, 75016 Paris, France",75016,https://sablesrestaurant.fr/en,ChIJGaaYMoR75kcRKKFm41-4M_g,48.8506276,2.271475
1764,Settebello,16,,,,,"9 Rue Duban, 75016 Paris, France",75016,https://www.settebello-restaurant.fr/,ChIJNzSHDwBw5kcRidqYbXaGCAA,48.856894,2.2776
1760,Unagi Paris,16,,,,,"118 Rue de Longchamp, 75016 Paris, France",75016,https://www.restaurant-unagi.fr/,ChIJnXZj6lBv5kcRD-XMJ6Ace2Q,48.8667984,2.279736
1817,3 Pièces Cuisine,17,,wine_bar,casual,,"101 Rue des Dames, 75017 Paris, France",75017,https://www.facebook.com/3PC75017/,ChIJfyPlW7Fv5kcREJzgSEJO_0M,48.88294,2.318099
1779,"Agapé, Restaurant gastronomique Paris 17ème",17,,,,,"51 Rue Jouffroy d'Abbans, 75017 Paris, France",75017,https://agape-paris.fr/,ChIJQ3-giLxv5kcRgYmfvT0hy6I,48.8848539,2.3069514
1781,ANONA,17,,,,,"80 Bd des Batignolles, 75017 Paris, France",75017,https://www.anona.fr/,ChIJhXXqWUZv5kcRIeS11clgDck,48.8819617,2.3186601
1782,Au Coin !,17,,,,,"2 Rue Hélène et François Missoffe, 75017 Paris, France",75017,https://www.aucoin-paris.fr/en,ChIJxdn4Jupv5kcRmpXhlT7Dlu8,48.8993261,2.3215137
686,Autana,17,,,,,"8 Rue de Logelbach, 75017 Paris, France",75017,https://www.autana.fr/,ChIJ2artXLlv5kcRHKyaXv9bwuo,48.8816078,2.3083515
1868,Bistro Djougo,17,,bistro,"casual, classic",,"15 Rue d'Armaillé, 75017 Paris, France",75017,https://www.bistrodjougo.fr/,ChIJ9fbfObFv5kcRcV5IBTyol9Y,48.8779287,2.2915172
1784,Bloom Sushi Wagram,17,,,casual,,"99 Rue Jouffroy d'Abbans, 75017 Paris, France",75017,https://bloomsushi.fr/,ChIJWYknG3dv5kcR5wjfCFNpc6s,48.881949,2.301809
1787,BRUTUS - Batignolles,17,,wine_bar,casual,,"99 Rue des Dames, 75017 Paris, France",75017,https://www.brutus-creperies.com/,ChIJVVUZX7Fv5kcRdSoRBT3M51U,48.8829788,2.3182574
1886,Café Gabrielle,17,,cafe,casual,,"70 Av. de Villiers, 75017 Paris, France",75017,https://www.cafegabrielleparis.com/,ChIJD3J8T7xv5kcRwbb2AOGAOjE,48.8838809,2.3051877
1789,Caves Pétrissans,17,,wine_bar,casual,,"30 bis Av. Niel, 75017 Paris, France",75017,"https://www.cavespetrissans.fr/fr,1,13688.html",ChIJ31BAi5Nv5kcRcdw5fTkEJC8,48.881323,2.295819
1308,Charbon,17,,,,,"12 Rue Bayen, 75017 Paris, France",75017,https://www.lecafecharbon.fr/,ChIJ0R7dNbhv5kcRlcaxHAvmOuA,48.8795095,2.2951109
1884,Chez Bertrand Bistrot,17,,bistro,"casual, classic",,"99 Av. des Ternes, 75017 Paris, France",75017,https://www.restaurantsparisiens.com/chez-bertrand/en/home-page-en,ChIJowHqFIdv5kcRMvfYEHbPEog,48.8803998,2.2857079
1790,"Chez Fred, depuis 1945",17,,,,,"190 bis Bd Pereire, 75017 Paris, France",75017,https://www.chezfreddepuis1945.com/,ChIJn9AJVKNv5kcReD66EJgUWVc,48.8813247,2.2896613
1809,Chez Karl et Erick,17,,,,,"20 Rue de Tocqueville, 75017 Paris, France",75017,http://karleterick.com/,ChIJaawcpbBv5kcRhpx9Spu28vM,48.8828634,2.3135728
1792,Chicahualco,17,,,,,"77 Rue la Condamine, 75017 Paris, France",75017,https://www.chicahualco.fr/,ChIJw6p5cU1v5kcRnYNJWy2zLNo,48.8844623,2.3195998
1793,Comme Chez Maman,17,,,,,"5 Rue des Moines, 75017 Paris, France",75017,https://comme-chez-maman.com/,ChIJo7MOEK5v5kcRilGQNw2mAKw,48.887646,2.318081
1794,Coretta,17,,,,,"151 bis Rue Cardinet, 75017 Paris, France",75017,https://www.restaurantcoretta.com/,ChIJieM35q5v5kcRSsWWTlMpbA0,48.89058,2.316977
1795,Dessirier,17,,,,,"9 Pl. du Maréchal Juin, 75017 Paris, France",75017,https://www.restaurantdessirier.com/,ChIJxViUKZdv5kcRqbcEd1ZzV80,48.8848129,2.2963494
1796,"ecume, comptoir marin",17,,wine_bar,casual,,"78 R. de Lévis, 75017 Paris, France",75017,https://www.ecume.paris/,ChIJ0WLIgCBv5kcRQhBDkwLE0KU,48.8845363,2.3122881
1797,En bas,17,,,,,"85 Av. des Ternes, 75017 Paris, France",75017,https://www.restaurantenbas.com/,ChIJVyGwRd1v5kcROB04WkRv8Gg,48.8797358,2.2884839
1800,Fagot Paris,17,,"cafe, wine_bar",casual,,"2 Pass. Geffroy-Didelot, 75017 Paris, France",75017,https://www.fagotparis.com/,ChIJnwR1k01v5kcRvMFqRkDqvdA,48.8819471,2.3176414
1801,FanFan,17,,"cafe, wine_bar",casual,,"3 Rue Georges Picquart, 75017 Paris, France",75017,https://www.fanfanlarome.com/,ChIJT3_tDAxv5kcRlW8ZazrV_zU,48.8880903,2.3118801
1863,Figuig,17,,,,,"13 Rue Brey, 75017 Paris, France",75017,https://www.aufiguig.fr/,ChIJLTnjeBpv5kcR8R8F_yv9lAI,48.8764217,2.2956902
1803,Gare au Gorille,17,,,casual,,"68 Rue des Dames, 75017 Paris, France",75017,https://www.gareaugorille.fr/,ChIJAdSBY8tv5kcRM4OHfSBjKZM,48.8835381,2.3199551
1805,Gueuleton - Paris,17,,wine_bar,casual,,"7 Rue Guersant, 75017 Paris, France",75017,https://www.gueuleton.fr/gueuleton-paris,ChIJdUrSUN5v5kcRPJZKuIYRFqo,48.8801444,2.2905045
1807,I Love Burger ❤️/ meilleur Burger de Paris /,17,,,,,"30 Rue des Acacias, 75017 Paris, France",75017,https://iloveburger.eu/,ChIJ64jugohv5kcRUT-tUb4enBg,48.8768129,2.2919104
1810,Krispy Korean Chicken I Poulet frit coréen,17,,,casual,,"22 Rue Biot, 75017 Paris, France",75017,https://www.krispykoreanchicken.com/,ChIJt71yVWBv5kcRtgfdajMSraI,48.8847558,2.3257419
1811,L'Entredgeu,17,,,,,"83 Rue Laugier, 75017 Paris, France",75017,https://lentredgeu.fr/fr,ChIJg5W7zZFv5kcRZKpLQhJUM-M,48.8847222,2.2913889
1812,La Buvette des Batignolles,17,,wine_bar,casual,,"40 Rue des Dames, 75017 Paris, France",75017,https://www.labuvettedesbatignolles.com/,ChIJ7wwFZsdv5kcR1LHLUmPSSUo,48.8842359,2.3231761
1813,La Cantine de Samuel,17,,,,,"11 Rue Fourcroy, 75017 Paris, France",75017,https://www.lacantinedesamuel.com/,ChIJA__0eZRv5kcR9Nr0fOkJwu4,48.8804189,2.2961878
1814,La Famiglia,17,,,casual,,"2 Rue Waldeck-Rousseau, 75017 Paris, France",75017,http://www.restaurantlafamiglia.com/,ChIJQywD8Yxv5kcRHEzJ_tkF4kQ,48.8796477,2.2865202
1865,La Fille du Boucher,17,,,,,"20 Rue Cardinet, 75017 Paris, France",75017,https://www.lafilleduboucher.fr/,ChIJS35iDb5v5kcRkV1tztoitDc,48.8816631,2.3027793
1815,La Trattoria di Bellagio,17,,,casual,,"101 Av. des Ternes, 75017 Paris, France",75017,https://www.restaurantsparisiens.com/la-trattoria-di-bellagio/en/home-page-en,ChIJlVBAZIxv5kcRyjyzCHT8uZE,48.8804554,2.28555
1802,Le Bistrot Flaubert,17,,bistro,"casual, classic",,"10 Rue Gustave Flaubert, 75017 Paris, France",75017,http://www.bistrotflaubert.com/,ChIJNVJhNJRv5kcR6uFVj1qSGSM,48.8814832,2.298731
1880,Le Café des Ternes,17,,cafe,casual,,"64 Av. des Ternes, 75017 Paris, France",75017,https://www.lecafedesternes.fr/,ChIJkW5UBRlv5kcRxIfQ2-W-OFA,48.8796304,2.2908948
1821,Le Cyrano,17,,wine_bar,casual,,"3 Rue Biot, 75017 Paris, France",75017,https://www.lecyranoparis.com/,ChIJHzVB-kxu5kcRdOIsAxTlxms,48.8837961,2.3265718
1822,Le Faham restaurant,17,,,casual,,"108 Rue Cardinet, 75017 Paris, France",75017,https://lefaham.com/,ChIJh7RqoiVv5kcR5w3Op2E4r2k,48.885508,2.3118679
1881,Le grand banquet,17,,,,,"2 Pl de la Pte Maillot, 75017 Paris, France",75017,https://le-grand-banquet.com/,ChIJGc4Mb4tv5kcRxuTrMZ46ByI,48.878529,2.284399
1823,Le Guersant,17,,,,,"30 Bd Gouvion-Saint-Cyr, 75017 Paris, France",75017,https://leguersant.fr/fr,ChIJsUb_iI5v5kcRSUvfiC5ZX9I,48.8835011,2.2874231
1887,Le Phalsbourg,17,,wine_bar,casual,,"3 Rue de Phalsbourg, 75017 Paris, France",75017,https://www.restaurantlephalsbourg.com/,ChIJ00A9bnZv5kcRzhzMTl6cQx8,48.881514,2.3088974
1824,Le Truffaut,17,,,,,"89 Rue Truffaut, 75017 Paris, France",75017,https://www.restaurantletruffaut.com/,ChIJ1QOpqRJv5kcRm39uJ43NJ24,48.8886814,2.3166724
1882,Le Wagon Bleu,17,,wine_bar,casual,,"7 Rue Boursault, 75017 Paris, France",75017,https://www.lewagonbleu.fr/,ChIJEzRem7Nv5kcRSL1QM_Qrzok,48.88301,2.3205382
625,Lebon Caviste,17,,,,,"7 Rue Lebon, 75017 Paris, France",75017,,ChIJL4yfBCFv5kcRw9H0kPgSPe0,48.8807818,2.2921636
1870,Madame FAN,17,,,,,"18 Rue Bayen, 75017 Paris, France",75017,https://www.madame-fan.com/,ChIJFcnDoZNv5kcRWrrtZpwiK4w,48.8801402,2.294368
1827,Magnum 150cl,17,,,,,"1 Rue de Phalsbourg, 75017 Paris, France",75017,https://www.magnum150cl-restaurant.com/,ChIJGWA8cSVv5kcRPcxFuh4FhtU,48.8811426,2.3088791
1873,Maison Albar - Le Champs-Elysées,17,,wine_bar,casual,,"3 Av. Mac-Mahon, 75017 Paris, France",75017,http://mobile.maison-albar-hotel-paris-champs-elysees.com/home-fr.html,ChIJA0jlvuxv5kcRjwofQsFlVQ8,48.875466,2.294527
1828,Maison Rostang,17,,,,,"20 Rue Rennequin, 75017 Paris, France",75017,http://www.maisonrostang.com/en/home-2,ChIJNVJhNJRv5kcRPUWaSPU5KZg,48.881428,2.2984965
1829,Mallory Gabsi,17,,,,,"28 Rue des Acacias, 75017 Paris, France",75017,https://mallory-gabsi.com/,ChIJM4_nbTpv5kcRFJubN2v3Cpw,48.876754,2.2915184
1831,Mamma Primi,17,,,,,"18 Rue Boursault, 75017 Paris, France",75017,https://www.bigmammagroup.com/fr/trattorias/mamma-primi,ChIJPz-2wLNv5kcRVxQUyTcZQfw,48.8835725,2.3205759
1832,Mantchouk,17,,,,,"106 Bd de Courcelles, 75017 Paris, France",75017,https://www.petrossian.fr/fr_fr/blog/mantchouk,ChIJX6HbEOFv5kcRT5iMlwaDKYQ,48.8791481,2.3020348
1833,MELT Batignolles,17,,,,,"83 Rue Legendre, 75017 Paris, France",75017,https://restaurants.meltslowsmokedbarbecue.com/fr/restaurant-barbecue-texan/paris-17-legendre/,ChIJj_nF7K1v5kcRZUic5FL2UpE,48.8877739,2.3203012
1835,MIURA,17,,,,,"15 Rue de l'Arc de Triomphe, 75017 Paris, France",75017,https://www.restaurantmiura.com/,ChIJZyuVIxpv5kcRtkDmqst7tQ4,48.8771053,2.2934112
1837,MOJO,17,,,,,"9 Rue du Général Lanrezac, 75017 Paris, France",75017,https://mojo-paris.com/,ChIJS1qbQthv5kcRKG3wzRYcy7c,48.8764782,2.2940899
1838,MONSIEUR MADAME - BRASSERIE RESTAURANT,17,,"cafe, wine_bar",casual,,"35 Av. des Ternes, 75017 Paris, France",75017,http://monsieurmadameparis.com/,ChIJrbePm1Jv5kcRTx9Fd4xYBvQ,48.8785454,2.2940368
1839,Montijo,17,,wine_bar,casual,,"167 Rue de Rome, 75017 Paris, France",75017,https://www.montijo.fr/,ChIJbWhJkClv5kcRoj5Weyc_8wA,48.8871977,2.3142174
1840,Mova,17,,,casual,,"39 Rue des Dames, 75017 Paris, France",75017,https://www.mova-paris.fr/,ChIJ-5A0x9Vv5kcRkHkE8Du_hw4,48.8841343,2.3232752
80,Nhomade Paris,17,,,,,"6 Rue Descombes, 75017 Paris, France",75017,https://nhomadeparis.com/,ChIJzc-cFEYeckMRQTDilgW34pc,48.8845693,2.2932496
1841,Nonno Nino Restaurant,17,,,casual,,"10 Rue Bremontier, 75017 Paris, France",75017,https://www.nonnonino.fr/,ChIJow0Soj1v5kcRRTr4S07xAyI,48.8846548,2.3042147
1843,Olives et Cacahuètes,17,,,,,"46 Rue Legendre, 75017 Paris, France",75017,,ChIJ1TJbUbBv5kcRMzokPqV2lAw,48.8847326,2.3154255
1866,OYA,17,,,,,"80 Rue Lemercier, 75017 Paris, France",75017,https://www.oya-paris.com/,ChIJNaWNlQ1v5kcREfdDUmhdf4M,48.8885626,2.3205293
1876,Pignon,17,,wine_bar,casual,,"9 Rue Brochant, 75017 Paris, France",75017,https://www.facebook.com/barpignon,ChIJb6MBR65v5kcR0Z2mA-OsJSg,48.8884019,2.3170763
1067,Pizza Di Loretta - Courcelles,17,,,casual,,"12 Bd de Courcelles, 75017 Paris, France",75017,https://www.pizzadiloretta.com/location/opera-bourse-lafayette,ChIJKf37Q7dv5kcR04WKTJcvSak,48.8812143,2.3141169
1860,Prima | Pizza Gourmet,17,,,casual,,"103 Rue des Dames, 75017 Paris, France",75017,https://www.prima-paris.fr/,ChIJ7V91Ildv5kcR9QlmCtcVfOg,48.8828679,2.3180007
1846,Prout Prout - Bistrot Paris 17,17,,bistro,"casual, classic",,"19 Rue Médéric, 75017 Paris, France",75017,https://www.proutprout17.fr/,ChIJBxMz845v5kcR3QiUgmCDnF8,48.8809267,2.3038122
1808,Restaurant Janine,17,,,,,"90 Rue des Dames, 75017 Paris, France",75017,https://restaurantjanine.fr/,ChIJT3fmjZtv5kcRWZi1wjSHm0M,48.8830652,2.317973
1167,Restaurant Junglii Indian Kitchen Paris 17,17,,,casual,,"78 Rue de La Jonquière, 75017 Paris, France",75017,https://www.junglii.fr/carte,ChIJgaQ1A4lv5kcRXmDJT6Mje6Y,48.8944964,2.3201487
1871,Restaurant La Table du Caviste bio Paris 17,17,,,,,"55 Rue de Prony, 75017 Paris, France",75017,https://www.latable.bio/,ChIJxbJB2L1v5kcR_UZ0psvxv-U,48.8824483,2.3036529
1889,Restaurant le Serpentine,17,,wine_bar,casual,,"11 Av. Mac-Mahon, 75017 Paris, France",75017,https://leserpentine-restaurant.com/,ChIJFTA-m3Rv5kcRnUwNPABW2Gs,48.8758501,2.2942294
1844,Restaurant OXTE,17,,,,,"5 Rue Troyon, 75017 Paris, France",75017,https://www.restaurant-oxte.com/,ChIJCU_1nuxv5kcRmfS3m_h6mCg,48.8758634,2.2953101
1848,Roco,17,,,casual,,"1 Rue Guillaume Tell, 75017 Paris, France",75017,http://www.rocoparis.com/,ChIJ3-8KopFv5kcR5g7DBugQGmA,48.8838044,2.2928972
1849,ROOSTER PAR FRÉDÉRIC DUCA,17,,,,,"137 Rue Cardinet, 75017 Paris, France",75017,https://www.rooster-restaurant.com/,ChIJsz8Sqrpv5kcRm1B61Dpq_t8,48.8867428,2.3130887
1850,Salicorne,17,,,,,"11 Rue Brochant, 75017 Paris, France",75017,https://www.salicorne-batignolles.com/,ChIJ4-PFEEJv5kcRytYMjbsJrEA,48.8886183,2.3173273
1851,SOLIS bar & restaurant Méditerranéen,17,,,,,"39 Av. de Wagram, 75017 Paris, France",75017,https://www.restaurantsolis.com/,ChIJqUtWRh9v5kcROPTBOi_FpiQ,48.8771496,2.2970215
1852,Sonata Pizzeria Brochant,17,,,,,"45 Rue Brochant, 75017 Paris, France",75017,https://www.sonata-pizzeria.com/brochant,ChIJhw8hQwRv5kcR97ciKFjo18I,48.8904377,2.319679
1869,Sonia,17,,,,,"115 Av. de Villiers, 75017 Paris, France",75017,https://www.sonia-restaurant.com/,ChIJk57nq05v5kcR-2D5jS3_gHA,48.8850243,2.295397
1853,Sormani,17,,,,,"4 Rue du Général Lanrezac, 75017 Paris, France",75017,http://sormanirestaurant.com/,ChIJb5-96-xv5kcRAFSoQZTfCc0,48.8759167,2.2938139
1890,Sornettes - Batignolles,17,,"cafe, wine_bar",casual,,"35 Rue la Condamine, 75017 Paris, France",75017,https://sornettes.fr/,ChIJZwenLDhv5kcRud9PzLNtf_4,48.88655,2.3227833
1854,Sushi Etoile,17,,sushi,casual,,"271 Bd Pereire, 75017 Paris, France",75017,https://sushietoile.wordpress.com/,ChIJgfzsnilv5kcR5IF49kxMtdE,48.8780453,2.2851586
1867,The Blossom Arms,17,,wine_bar,casual,,"17 Rue Guy Môquet, 75017 Paris, France",75017,https://theblossomarms.com/,ChIJnextjdhv5kcR6l7MGk8sELQ,48.8917366,2.3210431
1855,The Little Italy,17,,,casual,,"5 Pl. de Clichy, 75017 Paris, France",75017,https://www.thelittleitalyparis.fr/,ChIJb-DE8Exu5kcRDV4SGuFH4Fk,48.8836373,2.3265966
1856,The Place to...Wagram - Restaurant Pub Paris 17,17,,"cafe, wine_bar",casual,,"47 Av. de Wagram, 75017 Paris, France",75017,https://www.theplaceto.paris/,ChIJ54-Wy5Rv5kcRxW8auRe41GQ,48.8775016,2.2974792
1883,Vinello,17,,,,,"106 Rue Nollet, 75017 Paris, France",75017,https://vinello-restaurant.com/,ChIJY7HzKAdv5kcR3eg8uXFdXNw,48.8888429,2.3184017
1858,Wim a Table,17,,,,,"45 Rue des Moines, 75017 Paris, France",75017,https://wim-a-table.com/,ChIJAQDcNqxv5kcRgqGxwOq-EsY,48.8899008,2.3202369
1892,Abuela Pigalle,18,,wine_bar,casual,,"10 Bd de Clichy, 75018 Paris, France",75018,https://abuela.fr/,ChIJmXqvMUZu5kcRhwAZdpyXqL4,48.8824184,2.3386502
1893,adraba,18,,,,,"40 Rue Véron, 75018 Paris, France",75018,https://www.adraba-paris.com/,ChIJ81Z3EIhv5kcR-eurCHPgU14,48.8852372,2.3349937
1982,"Amaluna - Bar Festif De Nuit, Restaurant Paris 18",18,,wine_bar,casual,,"12 Espl. Nathalie Sarraute, 75018 Paris, France",75018,https://amalunarestaurant.fr/en/home,ChIJpViNmIFv5kcRh_YhE_HVm5I,48.888187,2.3624759
1894,Amonē,18,,,,,"13 Rue Chappe, 75018 Paris, France",75018,https://restaurants-amone.com/,ChIJ39JFWGVv5kcR1IXYU61ayfs,48.8846785,2.3416463
1895,Armande,18,,,,,"26 Rue Tholozé, 75018 Paris, France",75018,,ChIJ-5kHXjZv5kcRmPW0wRJ-8z4,48.8870236,2.3360831
1896,Au Paradis Tropical,18,,,,,"6 Rue Custine, 75018 Paris, France",75018,https://www.auparadistropical.com/en,ChIJpbWNuGdu5kcRn6W2vB7PNrY,48.8878283,2.3489379
1897,Bel-Ami,18,,"cafe, wine_bar",casual,,"128 Bd de Clichy, 75018 Paris, France",75018,https://www.lebelamicafe.com/,ChIJOxqYz01u5kcR0J23wEcwEiM,48.8847144,2.3292471
1935,Bistrot La Renaissance,18,,"bistro, wine_bar","casual, classic",,"112 Rue Championnet, 75018 Paris, France",75018,https://www.bistrotlarenaissance.fr/,ChIJ0xEkiVhu5kcRf4TdPHZRIMo,48.8958439,2.3397433
1899,Bob's Bake Shop,18,,,,,"12 Espl. Nathalie Sarraute, 75018 Paris, France",75018,http://www.bobsjuicebar.com/bake-shop.html,ChIJOf1opftv5kcRejSMahu6Vqg,48.8882152,2.3625319
1900,Bobby,18,,,,,"29 Rue Lambert, 75018 Paris, France",75018,https://lebobby.com/,ChIJs1Cy4cRv5kcRCbGxR9U7tx0,48.8891466,2.3447993
1901,Bouillon Pigalle,18,,,,,"22 Bd de Clichy, 75018 Paris, France",75018,https://bouillonlesite.com/bouillon-pigalle,ChIJVb7Sx0Vu5kcR5gDcYjssPWw,48.8826242,2.3374171
1903,Brasserie Barbès,18,,wine_bar,casual,,"2 Bd Barbès, 75018 Paris, France",75018,https://www.brasseriebarbes.com/,ChIJ4f7h_mhu5kcRtb3IkgcT7pU,48.884007,2.3497388
1977,Caboulot,18,,,,,"123 Rue Caulaincourt, 75018 Paris, France",75018,https://caboulot18.com/,ChIJE_0RjMBv5kcRW0JLbIJbU-8,48.8899272,2.3418504
1905,Café de Luce - Bistrot parisien,18,,"bistro, cafe","casual, classic",,"2 Rue des Trois Frères, 75018 Paris, France",75018,https://www.cafedeluce.com/,ChIJERDTe1xv5kcRYJ_ltcqznqY,48.883568,2.3417938
1906,Café des Deux Moulins,18,,cafe,casual,,"15 Rue Lepic, 75018 Paris, France",75018,https://cafedesdeuxmoulins.fr/en,ChIJt_Jyok9u5kcRRosujpFK-70,48.8849197,2.3336242
1908,Café Pimpin 18e,18,,cafe,casual,,"64 Rue Ramey, 75018 Paris, France",75018,https://www.cafepimpin.fr/,ChIJ3zypfl5u5kcRO_9l3tzrrg8,48.8917686,2.3449057
1909,Chantoiseau,18,,,,,"63 Rue Lepic, 75018 Paris, France",75018,https://www.chantoiseau-paris.fr/,ChIJF_F9KShv5kcRK4C7yvLdvxY,48.8877673,2.3347259
1910,Chez Eugène,18,,,,,"17 Pl. du Tertre, 75018 Paris, France",75018,https://chezeugene-paris.fr/fr,ChIJIb8RTVtu5kcRF-ICQ4vXAEY,48.8866176,2.3405409
1911,Chez Ginette,18,,wine_bar,casual,,"101 Rue Caulaincourt, 75018 Paris, France",75018,https://www.chezginette18.com/,ChIJw0A4TVpu5kcR1SGilUrau2o,48.8897895,2.3387442
1912,Chez Plumeau,18,,"cafe, wine_bar",casual,,"4 Pl. du Calvaire, 75018 Paris, France",75018,https://lydiasteven.wixsite.com/chezplumeau,ChIJIUrks0Ru5kcRSdNhNjJA9Dc,48.8863242,2.3402975
1313,Chez Pradel,18,,"cafe, wine_bar",casual,,"168 Rue Ordener, 75018 Paris, France",75018,https://chezpradel.shop/,ChIJ85emdFdu5kcR5gtx5HsSvSQ,48.8939453,2.3350601
1913,Chez Rita et Claudio,18,,,,,"70 Rue du Mont-Cenis, 75018 Paris, France",75018,https://chez-rita-et-claudio.business.site/,ChIJP7bABa9v5kcRbIu6_ky4tvU,48.8917342,2.3440081
1915,Double,18,,,,,"87 Rue Lamarck, 75018 Paris, France",75018,https://www.double-paris.fr/,ChIJdSfSJABv5kcRWC22GCWHiQs,48.8903015,2.3355179
1916,doublevie,18,,wine_bar,casual,,"2 Rue Poulet, 75018 Paris, France",75018,https://www.doublevieparis.com/,ChIJLTI490dv5kcRH30GDv8-hSk,48.8864409,2.3480096
1917,"Edmond, Restaurant Panoramique du Terrass'' Hotel",18,,,,,"12 Rue Joseph de Maistre, 75018 Paris, France",75018,https://www.terrass-hotel.com/restaurant,ChIJ2bHKvzlv5kcRV1HimUP9bnw,48.8866371,2.3328443
1979,Fana,18,,,,,"14 Rue Ferdinand Flocon, 75018 Paris, France",75018,https://www.fanabistro.fr/,ChIJCYasuEZv5kcRMx-tb1BzNeA,48.8916239,2.3461411
1919,Fichon,18,,wine_bar,casual,,"98 Rue Marcadet, 75018 Paris, France",75018,https://www.fichon.fr/,ChIJWRVy0V1u5kcRrLkncIkoq0s,48.8909806,2.3450426
1920,Fulano,18,,,,,"15 Rue Boinod, 75018 Paris, France",75018,https://casamariel.fr/,ChIJY7vBaEtv5kcRkWjTNCrPoR4,48.8929657,2.3503566
1921,GEMÜSE - Berliner Kebap,18,,,,,"61 Rue Ramey, 75018 Paris, France",75018,https://gemuseparis.fr/,ChIJJWZlZB9v5kcRBi5teyuum-M,48.8905911,2.3453152
1924,HIRU Paris Montmartre,18,,,,,"14 Rue Duc, 75018 Paris, France",75018,https://www.hiruparismontmartre.com/,ChIJs_t5wdVv5kcR2THNbZTrO9k,48.8922936,2.3427334
1927,L'Atelier Dürüm,18,,,,,"41 Rue de Clignancourt, 75018 Paris, France",75018,https://latelierdurum.fr/,ChIJBxeQyA5v5kcRQAoFVkGsZVU,48.886333,2.3474381
1928,L'Esquisse,18,,,,,"151 Bis Rue Marcadet, 75018 Paris, France",75018,https://www.esquisse-paris18.fr/de/,ChIJYb1UEl3sC0ERs8OjBWWVRhg,48.8912304,2.3386604
937,La Belle Maison,18,,wine_bar,casual,,"88 Rue Lepic, 75018 Paris, France",75018,https://www.lapantruchoise.com/bellemaison,ChIJs5FnbQBv5kcRqv75IMiKVmE,48.8872868,2.3362204
1930,La Bonne Franquette,18,,wine_bar,casual,,"18 Rue Saint-Rustique, 75018 Paris, France",75018,https://www.labonnefranquette.com/,ChIJ0yzFOVtu5kcRiITJiLo-hAs,48.8871616,2.3398183
1973,La Brasserie Thaï – Chez Thanatcha,18,,,,,"5 Rue Poulbot, 75018 Paris, France",75018,https://brasserie-thai.com/,ChIJr9y-NVtu5kcRf8KLAbPLpBU,48.8868097,2.3398184
1931,La Chingada,18,,,,,"5 Rue Versigny, 75018 Paris, France",75018,http://www.lachingada-paris.com/,ChIJbTCueCRv5kcRlQnXZ6k-UUk,48.8944052,2.3447811
1932,La Fa Brick,18,,,casual,,"20 Rue Myrha, 75018 Paris, France",75018,,ChIJ81kUTaBv5kcR7Mzti2YZang,48.8872764,2.3546087
1976,La Petite École,18,,wine_bar,casual,,"38 Rue Ramey, 75018 Paris, France",75018,https://www.la-petite-ecole.fr/,ChIJsTJSYQBv5kcRCBsyPAWyQ2Q,48.8897549,2.3462377
1980,La Traversée,18,,wine_bar,casual,,"2 Rue Ramey, 75018 Paris, France",75018,https://www.grandnordgroupe.com/home-1-2,ChIJsa-Q8Wdu5kcR7RS25Rfpe94,48.8872645,2.3475986
1936,Le 975,18,,,,,"185 Rue Marcadet, 75018 Paris, France",75018,https://www.le-975.com/,ChIJCRh3fqtv5kcRWFXOTsPzq8w,48.8915292,2.3353172
716,Le Basilic,18,,,,,"33 Rue Lepic, 75018 Paris, France",75018,https://www.lebasilicparis.com/,ChIJm6la3E9u5kcRdhJkVeJIZ3U,48.886198,2.3340469
1985,Le Bon Bock,18,,,,,"2 Rue Dancourt, 75018 Paris, France",75018,,ChIJDdIWk0Nu5kcR7952ymAavlg,48.8828067,2.3419587
1938,"Le bon, la butte",18,,,,,"102 ter Rue Lepic, 75018 Paris, France",75018,https://www.lebonlabutte.fr/,ChIJKYic42lv5kcR6lzpdVtUitQ,48.8869926,2.3378569
1939,Le Boréal,18,,,,,"39 Rue Montcalm, 75018 Paris, France",75018,https://www.leborealparis.com/,ChIJiTMMk0Zv5kcRFjhOJbFRgIg,48.8938526,2.3389802
1127,Le Boucan,18,,wine_bar,casual,,"108 Bd de Clichy, 75018 Paris, France",75018,https://leboucanbar.wixsite.com/leboucan,ChIJaXBMYU5u5kcRT10W6s3e-h0,48.8844266,2.331137
1941,Le Comptoir De Creme,18,,wine_bar,casual,,"5 Rue Versigny, 75018 Paris, France",75018,https://cremerestaurant.com/comptoir,ChIJYyEmNgNv5kcRourY0NDOzas,48.8943292,2.3447386
1942,Le Coq & Fils - the Poultry House,18,,,casual,,"98 Rue Lepic, 75018 Paris, France",75018,https://lecoq-fils.com/,ChIJTQ7TuVpu5kcRSvp5FZSHjzc,48.8871994,2.3371844
1943,Le Maquis,18,,,,,"53 Rue des Cloys, 75018 Paris, France",75018,http://lemaquisrestaurant.fr/,ChIJzfIaxFlu5kcRvu1q5E3sCjs,48.8932077,2.3373085
1944,Le Matré,18,,,,,"42 Rue Véron, 75018 Paris, France",75018,https://www.lematre.com/,ChIJj_jhijJv5kcR9gcsvsbORKQ,48.8853061,2.3347609
1945,Le vrai Paris,18,,,,,"33 Rue des Abbesses, 75018 Paris, France",75018,http://levraiparis-bistrot.com/,ChIJzZpoE0Vu5kcR0KUvRgGO56A,48.8849583,2.3370663
1947,Les Fines Lames,18,,,,,"35 Rue Lepic, 75018 Paris, France",75018,https://www.lesfineslames.fr/,ChIJ-bxYMEBv5kcRbcZR61DpXhQ,48.8862734,2.3339825
1951,MAMA KOSSA,18,,wine_bar,casual,,"8 Rue Myrha, 75018 Paris, France",75018,https://www.mamakossa.fr/,ChIJm2_X0Epv5kcR1FNVIA1G_zo,48.8873341,2.3556023
1974,Mamie Colette,18,,,,,"17 Rue des Trois Frères, 75018 Paris, France",75018,https://www.mamiecolette.fr/,ChIJmZ74GxVv5kcRRw9Xoi_6E9g,48.8844296,2.3411115
1953,Meha,18,,,,,"35 Rue Ramey, 75018 Paris, France",75018,https://www.meha.paris/,ChIJW1QKfnVv5kcRS5PpZeX40HE,48.8890908,2.3463016
1981,MEHMET - Döner Kebab & Wine,18,,wine_bar,casual,,"43 Rue Ramey, 75018 Paris, France",75018,https://mehmet75018.com/,ChIJ0xni1Ltv5kcRYW_mCKvXjjk,48.8895801,2.3458757
1954,MOKKO,18,,,,,"3 Rue Francœur, 75018 Paris, France",75018,http://mokko-restaurant.com/,ChIJ0Zhpclxu5kcRydh-T4CObxk,48.8900515,2.3422536
1956,Nakatsu - Karaage bar,18,,,,,"25 Rue Ramey, 75018 Paris, France",75018,https://nakatsu.fr/,ChIJW8bKgPJv5kcRV7X9qGsXCWo,48.8884527,2.3467268
1957,P1 Bouche,18,,,,,"151bis Rue Marcadet, 75018 Paris, France",75018,https://atelierp1.fr/p1-bouche-restaurant/,ChIJT5szon9v5kcRrnljD7T6e_0,48.8912411,2.338505
1978,PAGAILLE - Restaurant- Paris 18,18,,wine_bar,casual,,"46 Rue Ramey, 75018 Paris, France",75018,https://pagaille-restaurant.com/,ChIJq-BU7yFv5kcR05H3kPXxjtI,48.8903316,2.3458581
1958,Pantobaguette,18,,,casual,,"16 Rue Eugène Sue, 75018 Paris, France",75018,http://pantobaguette.fr/,ChIJ7d54995v5kcR9py3YclSxSY,48.891094,2.3468323
1961,Sapinho,18,,,,,"85 Rue Lamarck, 75018 Paris, France",75018,https://www.sapinho.fr/,ChIJQRcT4e9v5kcRn_pQudqxqC4,48.8901866,2.3356495
1984,Sobremesa,18,,wine_bar,casual,,"127 Rue Caulaincourt, 75018 Paris, France",75018,https://www.instagram.com/sobremesaparis,ChIJMYnEH3Nv5kcRDBihuAsDF1g,48.8899167,2.3421984
1964,Solyles Montmartre,18,,,,,"74 Rue Damrémont, 75018 Paris, France",75018,https://www.solyles.com/,ChIJc5P1s1Bu5kcR6lqOC-eHkPI,48.891418,2.3350643
1966,Sunset,18,,wine_bar,casual,,"100 Rue Ordener, 75018 Paris, France",75018,http://www.sunset-paris.com/,ChIJZQ1zM1lu5kcRZECku1RIcjA,48.8930428,2.3417201
1967,Superflu,18,,wine_bar,casual,,"227bis Rue Marcadet, 75018 Paris, France",75018,https://www.superfluparis.fr/,ChIJyXDs-ZBv5kcRYC7iL7bKGpc,48.8922055,2.3313352
1968,Sushi Shunei,18,,sushi,casual,,"3 Rue Audran, 75018 Paris, France",75018,https://www.sushishunei.com/,ChIJOZNwHS1v5kcRnO0W988mtRo,48.8851127,2.3357942
1969,Tentazioni,18,,"cafe, wine_bar",casual,,"10 Rue Aristide Bruant, 75018 Paris, France",75018,https://www.tentazioni.fr/,ChIJGYS5szVv5kcRscFbSWWzhvc,48.8854494,2.3353844
894,Un Amour de Bistro,18,,bistro,"casual, classic",,"24 Rue Caulaincourt, 75018 Paris, France",75018,https://unamourdebistro.fr/fr,ChIJCfgBp0tv5kcRntSheWro_jY,48.8874376,2.3335944
1739,16 Marcel Landowski,19,,,,,"16 Marcel Landowski, 75019 Paris, France",75019,,ChIJuyf6xNdt5kcRMrdvDGuWV1M,48.887599,2.3704869
1333,Casa Giorgio,19,,,,,"10 Rue du Général Brunet, 75019 Paris, France",75019,https://www.gruppodalmata.com/restaurant/giorgio,ChIJC1YRrcBt5kcRhyyIAl3bjh4,48.8803533,2.3908819
1988,Coup de Tête,19,,,,,"107 Rue de Belleville, 75019 Paris, France",75019,https://www.coupdetete-belleville.fr/,ChIJW4OvAvlt5kcRxAjgddRpc8c,48.874683,2.3868109
1989,Efendi Grill House,19,,,,,"Juste à côté du pont, 175 Av. de Flandre, 75019 Paris, France",75019,https://efendigrillhouse.com/,ChIJVdENFn5t5kcRNucd7RlDIYo,48.89477,2.381704
1991,L'Atlantide,19,,,,,"07 Av. de Laumière, 75019 Paris, France",75019,https://www.latlantide.fr/,ChIJ5duE18Rt5kcRMO-CClqLn00,48.8830308,2.3809725
1994,"La Marmite d’Afrique, restaurant social et solidaire",19,,,,,"116 Rue de Crimée, 75019 Paris, France",75019,https://lamarmitedafrique.org/,ChIJeUE7njFs5kcRlXaPF__zBz4,48.88528,2.3833053
1995,Lao Siam,19,,,,,"49 Rue de Belleville, 75019 Paris, France",75019,,ChIJbzglYOht5kcR3kcbx_uOXX0,48.8731472,2.3809389
1996,Le Bar Fleuri,19,,wine_bar,casual,,"1 Rue du Plateau, 75019 Paris, France",75019,,ChIJncqSKsJt5kcRnGNWsjRvfIA,48.8778562,2.3854427
1997,Le Barlu,19,,,,,"10 Quai de la Seine, 75019 Paris, France",75019,https://lebarlu.fr/fr,ChIJlcEJOdht5kcRIX2rbZH-PMk,48.8848604,2.3712924
1998,Le Cadoret,19,,"cafe, wine_bar",casual,,"1 Rue Pradier, 75019 Paris, France",75019,https://www.instagram.com/nouveaucadoret/,ChIJgV0tFuht5kcRbpN7ju0-Vho,48.8747781,2.3810074
1987,Le Cheval d'Or,19,,,,,"21 Rue de la Villette, 75019 Paris, France",75019,https://chevaldorparis.com/,ChIJGedv2cFt5kcRiLIcelO4-wk,48.8757064,2.3873235
2000,Le Pavillon des Canaux,19,,"cafe, wine_bar",casual,,"39 Quai de la Loire, 75019 Paris, France",75019,https://www.pavillondescanaux.com/infos,ChIJ5YzMRNBt5kcRube978t86bo,48.8874325,2.3786977
2001,Le Square,19,,,,,"7 Sq. Bolivar, 75019 Paris, France",75019,,ChIJN2w8RwBt5kcRidZiWuwWeA8,48.875802,2.3833681
2002,Les Bancs Publics,19,,,,,"2 Rue de Nantes, 75019 Paris, France",75019,https://les-bancs-publics-restaurant-paris.eatbu.com/?lang=en,ChIJd0bF1M1t5kcRh_G6Uho2coA,48.8909974,2.3839234
2003,Mensae,19,,wine_bar,casual,,"23 Rue Melingue, 75019 Paris, France",75019,https://www.mensae-restaurant.com/,ChIJFUqB_sFt5kcRWPU8lkviUVw,48.8757226,2.3855878
2004,Momo Tibet,19,,,,,"4 Rue Bellot, 75019 Paris, France",75019,https://fr.restaurantguru.com/Momo-Tibet-Paris,ChIJU5TG9Xdu5kcRd5jKgjcAyZE,48.8858862,2.3680537
2005,Ora Farmhouse - Pavillon du Lac,19,,,,,"63 Rue Manin, 75019 Paris, France",75019,https://orafarmhouse.com/,ChIJ254FmoRt5kcR45dOGiydt14,48.8807607,2.3809705
2006,Restaurant Quedubon,19,,wine_bar,casual,,"22 Rue du Plateau, 75019 Paris, France",75019,https://restaurantquedubon.fr/fr,ChIJ1d_XysNt5kcRc20ajeL9fYQ,48.8781682,2.3843452
2007,Simonetta,19,,,,,"32 Quai de la Marne, 75019 Paris, France",75019,https://simonetta-paris.com/,ChIJR4qlfc5t5kcRtSNB0k7Aqvw,48.8901952,2.3840034
2008,Soces,19,,,,,"8 Rue Fessart, 75019 Paris, France",75019,https://www.soces.fr/,ChIJHc0YiXdt5kcRqxr5cSr6m4o,48.8763046,2.3879091
2014,Vandal,19,,,,,"56 Rue des Alouettes, 75019 Paris, France",75019,https://www.instagram.com/vandal_paris/profilecard/?igsh=MW9mbDNyc3ZxazZheQ==,ChIJ5_cMgDdt5kcRTkeB5cpWH9w,48.8791773,2.3859007
2012,Wanted paris,19,,"cafe, wine_bar",casual,,"46Bis Rue de Meaux, 75019 Paris, France",75019,https://www.wanted-paris.com/,ChIJW2uQOdlt5kcR1eTky8m9hrs,48.8814945,2.3737228
2013,Yaya Secrétan - Restaurant méditerranéen & terrasse par Juan Arbelaez,19,,,casual,,"33 Av. Secrétan, 75019 Paris, France",75019,https://www.yayarestaurant.com/,ChIJySoFBa5t5kcRzAqsVnl1ZcI,48.8811531,2.3738512
2245,A Table,20,,bakery,casual,,"92 Rue de la Réunion, 75020 Paris, France",75020,https://www.atable-restaurant.fr/,ChIJwWoze4ht5kcRBUvPGQ6R7GE,48.857163,2.399892
2015,Amagat,20,,,,,"23 Villa Riberolle, 75020 Paris, France",75020,https://www.amagatparis.fr/,ChIJhz9qXldt5kcRGzJ2nlZzm2g,48.8580454,2.3966948
2016,Atelier Fratelli,20,,,,,"75020 Paris, France",75020,https://www.atelierfratelli.fr/restaurant,ChIJFzdIhJFt5kcRmnJUMUIUtcM,48.8673066,2.3964484
2017,BangBang Restaurant,20,,,,,"9 Rue du Liban, 75020 Paris, France",75020,https://www.spicybangbang.com/contact,ChIJmeVsScJt5kcRZeGCqAm1T2k,48.8686468,2.3853411
2018,Becquetance,20,,,,,"67 Rue de Ménilmontant, 75020 Paris, France",75020,https://instagram.com/becquetance_paris,ChIJW3lz7RZt5kcR1fxpr9IiDps,48.8682791,2.387711
2019,Belleville Sauvage,20,,wine_bar,casual,,"112 Boulevard de Belleville, 5 Rue Denoyez, 75020 Paris, France",75020,https://www.tousunpeusauvage.fr/belleville-sauvage,ChIJ2y13i-1t5kcRfLkmBMU5-9M,48.8712485,2.3786463
2020,Caché,20,,,,,"13 Villa Riberolle, 75020 Paris, France",75020,https://www.cache-paris.com/,ChIJHz8LNGRt5kcRuIV4hJfw9Kg,48.8581346,2.3970361
2035,Café Des Délices,20,,"cafe, wine_bar",casual,,"4 Rue Lemon, 75020 Paris, France",75020,,ChIJayZ7E-Zt5kcRMzLQKXypNrs,48.871561,2.3784466
2021,Chez Ramona,20,,,,,"17 Rue Ramponeau, 75020 Paris, France",75020,https://www.belleville-belleville.com/chez-ramona,ChIJPUO8qOht5kcRtNzOj95-9eM,48.8712805,2.3796745
2022,Chez Rita,20,,,,,"67 Rue des Orteaux, 75020 Paris, France",75020,https://www.facebook.com/chezrita75,ChIJPZKDDIdt5kcRMVM4Cdf7Q9U,48.8564584,2.4041542
1317,Come a Casa,20,,,casual,,"74-76 Bd de Ménilmontant, 75020 Paris, France",75020,,ChIJ9xFaqghu5kcRuLhOTQwwW3s,48.8641598,2.3864691
2023,Dandelion,20,,,,,"46 Rue des Vignoles, 75020 Paris, France",75020,https://www.restaurantdandelion.com/,ChIJ9_cKy7Zz5kcRNYRZ7LWNJvM,48.8544957,2.4006969
2024,Des Terres,20,,wine_bar,casual,,"82 Rue Alexandre Dumas, 75020 Paris, France",75020,https://www.instagram.com/desterres.paris/?hl=fr,ChIJEyUuGcpz5kcRUTU9FiqBmTU,48.8545931,2.3973699
2025,Dilia,20,,,,,"1 Rue d'Eupatoria, 75020 Paris, France",75020,https://www.dilia.fr/,ChIJ2xMOOOxt5kcRmDNZv-pydrg,48.8686439,2.3862279
2029,Il Posto,20,,,,,"356 Rue des Pyrénées, 75020 Paris, France",75020,https://www.ilposto.fr/,ChIJLaWjPupt5kcRfUh78D6c8uk,48.8739936,2.3864318
2030,KALANK,20,,wine_bar,casual,,"52 Boulevard de Charonne, 75020 Paris, France",75020,https://www.kalank-sud.fr/,ChIJ2fBeqR-lgIARHZ5qX7ETeGA,48.8519587,2.398296
2053,Kissproof Belleville,20,,wine_bar,casual,,"50 Rue de Belleville, 75020 Paris, France",75020,https://www.wisorshospitalitygroup.com/location/kissproof/,ChIJdVGh_r1t5kcRyu3UvmcAvGo,48.8730729,2.3814736
2054,La Colline,20,,,,,"15 Rue Malte Brun, 75020 Paris, France",75020,https://www.restaurantlacolline.fr/,ChIJpVWvJI5t5kcRqgBf4oQqbxM,48.864585,2.397561
2034,Le Baratin,20,,wine_bar,casual,,"3 Rue Jouye-Rouve, 75020 Paris, France",75020,https://lefooding.com/restaurants/restaurant-le-baratin-paris-14,ChIJCwHgqelt5kcRLOl2lR9_tVE,48.8730712,2.3828351
2036,Le Grand Bain,20,,,,,"14 Rue Denoyez, 75020 Paris, France",75020,http://www.legrandbainparis.com/fr,ChIJyzvdFuZt5kcRO_Gb84ElkbI,48.8716202,2.3786318
2037,Le Jourdain,20,,,,,"101 Rue des Couronnes, 75020 Paris, France",75020,https://www.lejourdain.fr/,ChIJt_jpAext5kcRaNTZmu6aZsE,48.8722095,2.3892143
632,Le montana - Bar Paris 20,20,,"cafe, wine_bar",casual,,"81 Rue des Pyrénées, 75020 Paris, France",75020,https://lemontana20.fr/,ChIJu8RG2Klz5kcRF_XWvjMtjPE,48.853808,2.405678
2038,Les Triplettes de Belleville,20,,wine_bar,casual,,"102 Bd de Belleville, 75020 Paris, France",75020,https://les-triplettes-de-belleville.fr/,ChIJRVEv_OVt5kcRuHC6iMg7oaU,48.8705506,2.3789906
2039,Mian Guan,20,,,,,"34 Rue de Belleville, 75020 Paris, France",75020,https://716lavie.com/mian-guan-paris-75020,ChIJIxrRheht5kcRqXBuL4lS_Q4,48.8727768,2.3801453
2043,Paulownia,20,,,,,"15 Rue des Vignoles, 75020 Paris, France",75020,https://www.instagram.com/paulownia.restaurant/,ChIJM8iUPY5z5kcR2eZYsD3CKtU,48.8536406,2.3988299
2045,Popine,20,,,,,"108 Bd de Ménilmontant, 75020 Paris, France",75020,,ChIJZVNhAPJt5kcRUwm17jH1vHs,48.865451,2.3849753
2028,Restaurant Galerna,20,,,,,"7 Rue du Cher, 75020 Paris, France",75020,https://www.galerna.fr/en,ChIJeQBSG05t5kcRkl_4l_Yk6oo,48.8644448,2.4001483
2048,Savy Savy,20,,wine_bar,casual,,"22 Bd de Ménilmontant, 75020 Paris, France",75020,https://mapstr.com/place/ZiNQ1ofQLn,ChIJAba3GExt5kcRkAhEcRaOXog,48.8592602,2.3895975
2050,Tunis-Tunis,20,,wine_bar,casual,,"116 Bd de Belleville, 75020 Paris, France",75020,https://fr-fr.facebook.com/pages/Tunis-Tunis/259099490861965,ChIJr2V4DeZt5kcRAR5pLxmiQlQ,48.8712447,2.3781908
2051,Wupisi,20,,,,,"54 Rue de Terre Neuve, 75020 Paris, France",75020,https://www.wupisi.com/,ChIJCzk9zRZt5kcRiTuRPOQZkjs,48.8553257,2.4003465
