Sheet Row Number,Name,Arrondissement,City,Postal Code,Status,Needs Review,Google Place ID,Latitude,Longitude,Exclusion Reasons,Location Concern
3,Restaurant Capitaine (@restaurant_capitaine) • Photos et vidéos Instagram,,,,to_review,TRUE,,,,inactive;needs_review;missing_place_id;invalid_coordinates;invalid_or_missing_arrondissement,
6,Source,,,,to_review,TRUE,,,,inactive;needs_review;missing_place_id;invalid_coordinates;invalid_or_missing_arrondissement,
7,Astara,1,Paris,75001,closed,FALSE,ChIJIz1Mhghv5kcRUGE96nC7cQU,48.8662418,2.3388051,inactive,
8,Balagan paris,1,Paris,75001,closed,FALSE,ChIJF-kMFS5u5kcR7uGBUJHHOGc,48.8654743,2.3296441,inactive,
9,Presqu'île,,,,to_review,TRUE,,,,inactive;needs_review;missing_place_id;invalid_coordinates;invalid_or_missing_arrondissement,
10,Ellis Gourmet Burger,,,,to_review,TRUE,,,,inactive;needs_review;missing_place_id;invalid_coordinates;invalid_or_missing_arrondissement,
11,Lovebird,,,,to_review,TRUE,,,,inactive;needs_review;missing_place_id;invalid_coordinates;invalid_or_missing_arrondissement,
12,Les Cuistots Migrateurs - Apéro,,,,to_review,TRUE,,,,inactive;needs_review;missing_place_id;invalid_coordinates;invalid_or_missing_arrondissement,
16,Café Joyeux Olympia,9,Paris,75009,closed,FALSE,ChIJyTRLLxtv5kcRZiUA2T2IeY4,48.8697133,2.327773,inactive,
18,Champeaux,,,,closed,FALSE,,,,inactive;missing_place_id;invalid_coordinates;invalid_or_missing_arrondissement,
20,Chez Lulu,1,Paris,75001,closed,FALSE,ChIJFbLmFKtv5kcRwjvMIgSZ_nI,48.8641703,2.3439768,inactive,
25,Damigiana,1,Paris,75001,closed,FALSE,ChIJd25Hf21v5kcRd9Eip7RFWlc,48.8639706,2.3435643,inactive,
26,Liberty's Burge,,,,to_review,TRUE,,,,inactive;needs_review;missing_place_id;invalid_coordinates;invalid_or_missing_arrondissement,
27,angosteria (Hôtel Cheval Blanc),,,,to_review,TRUE,,,,inactive;needs_review;missing_place_id;invalid_coordinates;invalid_or_missing_arrondissement,
29,Baltard au Louvre,,,,to_review,TRUE,,,,inactive;needs_review;missing_place_id;invalid_coordinates;invalid_or_missing_arrondissement,
30,Ellsworth,1,Paris,75001,closed,FALSE,ChIJVYzd2CRu5kcRh6jhX0cnVL4,48.8655806,2.3369467,inactive,
38,Brasserie du Louvre (Hôtel du Louvre by Hyatt),,,,to_review,TRUE,,,,inactive;needs_review;missing_place_id;invalid_coordinates;invalid_or_missing_arrondissement,
41,Hao Long,1,Paris,75001,closed,FALSE,ChIJq68A2SRu5kcRNThiBhwvg3k,48.8656581,2.3370011,inactive,
44,Elvecino,,,,to_review,TRUE,,,,inactive;needs_review;missing_place_id;invalid_coordinates;invalid_or_missing_arrondissement,
46,Izakaya Issé,,,,to_review,TRUE,,,,inactive;needs_review;missing_place_id;invalid_coordinates;invalid_or_missing_arrondissement,
47,TenZen,,,,to_review,TRUE,,,,inactive;needs_review;missing_place_id;invalid_coordinates;invalid_or_missing_arrondissement,
49,Kinugawa Vendôme,1,Paris,75001,closed,FALSE,ChIJRXuGDS5u5kcRH6Z1Wg64Qag,48.8654493,2.3289756,inactive,
52,L'Absinthe,1,Paris,75001,closed,FALSE,ChIJw9UX2C9u5kcRJjMYhVZX_3Y,48.8664836,2.3320624,inactive,
53,L'Aube Restaurant par Thibault Nizard,1,Paris,75001,closed,FALSE,ChIJjWREJfhv5kcRPapusljh0JA,48.8641804,2.3362479,inactive,
55,La Dame de Pic,1,Paris,75001,closed,FALSE,ChIJaWy42CNu5kcRSLqIejQtI7s,48.8614756,2.3413145,inactive,
56,La Guinguette d’Angèle,1,Paris,75001,closed,FALSE,ChIJici7DyNu5kcRbnftvw_zxmU,48.8643197,2.341499,inactive,
59,La Renommee,,,,to_review,TRUE,,,,inactive;needs_review;missing_place_id;invalid_coordinates;invalid_or_missing_arrondissement,
67,Salon des Manufactures,1,Paris,75001,closed,FALSE,ChIJlXc4OQ5v5kcRYLQBGCPU4NE,48.866321,2.338477,inactive,
71,Maslow - Vegeterian,,,,to_review,TRUE,,,,inactive;needs_review;missing_place_id;invalid_coordinates;invalid_or_missing_arrondissement,
73,Ma Cocotte aux Halles,1,Paris,75001,closed,FALSE,ChIJR1HYHGhv5kcRqz66YJqDxOA,48.8615269,2.3460943,inactive,
74,Maison Maison,1,Paris,75001,closed,FALSE,ChIJB5A4AiFu5kcRxI0GAdRsR2U,48.8584618,2.3413782,inactive,
75,PiQUE NiQUE,,,,to_review,TRUE,,,,inactive;needs_review;missing_place_id;invalid_coordinates;invalid_or_missing_arrondissement,
77,MARGÚS,1,Paris,75001,closed,FALSE,ChIJ_-GfHSJu5kcROIxiwdG9Imw,48.861328,2.3439758,inactive,
78,Pirouette,,,,to_review,TRUE,,,,inactive;needs_review;missing_place_id;invalid_coordinates;invalid_or_missing_arrondissement,
91,M. Printemps,,,,to_review,TRUE,,,,inactive;needs_review;missing_place_id;invalid_coordinates;invalid_or_missing_arrondissement,
92,Mer & Coquillage,,,,to_review,TRUE,,,,inactive;needs_review;missing_place_id;invalid_coordinates;invalid_or_missing_arrondissement,
94,Zucchini,,,,to_review,TRUE,,,,inactive;needs_review;missing_place_id;invalid_coordinates;invalid_or_missing_arrondissement,
102,Acte II,,,,to_review,TRUE,,,,inactive;needs_review;missing_place_id;invalid_coordinates;invalid_or_missing_arrondissement,
104,Addomme,,,,to_review,TRUE,,,,inactive;needs_review;missing_place_id;invalid_coordinates;invalid_or_missing_arrondissement,
106,Le Café Crème,,,,to_review,TRUE,,,,inactive;needs_review;missing_place_id;invalid_coordinates;invalid_or_missing_arrondissement,
108,Le Café Non Merci  – Merci Paris,,,,to_review,TRUE,,,,inactive;needs_review;missing_place_id;invalid_coordinates;invalid_or_missing_arrondissement,
109,Boubalé - Grand Mazarin,,,,to_review,TRUE,,,,inactive;needs_review;missing_place_id;invalid_coordinates;invalid_or_missing_arrondissement,
111,Restaurant Capitaine in Paris - Le Fooding®,,,,to_review,TRUE,,,,inactive;needs_review;missing_place_id;invalid_coordinates;invalid_or_missing_arrondissement,
114,Sucrepicé - Arras,,,,to_review,TRUE,,,,inactive;needs_review;missing_place_id;invalid_coordinates;invalid_or_missing_arrondissement,
129,Wakaze The Restaurant,,,,to_review,TRUE,,,,inactive;needs_review;missing_place_id;invalid_coordinates;invalid_or_missing_arrondissement,
137,Beau Regard,,,,to_review,TRUE,,,,inactive;needs_review;missing_place_id;invalid_coordinates;invalid_or_missing_arrondissement,
139,Emporio Armani Caffè & Armani Ristorante - Paris 6 - Italian,,,,to_review,TRUE,,,,inactive;needs_review;missing_place_id;invalid_coordinates;invalid_or_missing_arrondissement,
142,Forno Gusto,,,,to_review,TRUE,,,,inactive;needs_review;missing_place_id;invalid_coordinates;invalid_or_missing_arrondissement,
148,Chicky,2,Paris,75002,closed,FALSE,ChIJqwFLtnNv5kcRhr3WDoAXX_w,48.8702314,2.3350408,inactive,
153,COYO TACO,2,Paris,75002,closed,FALSE,ChIJ88K-4TZv5kcR7SVaF-evasU,48.8683682,2.3432593,inactive,
154,MARSAN par Hélène Darroze,,,,to_review,TRUE,,,,inactive;needs_review;missing_place_id;invalid_coordinates;invalid_or_missing_arrondissement,
157,Dame Jane,20,Paris,75020,closed,FALSE,ChIJy0K4uOht5kcR8T9wB6LppRM,48.871531,2.3807934,inactive,
173,Freddy's BBQ,2,Paris,75002,closed,FALSE,ChIJVVUF7hlu5kcRCfEk2CabUM8,48.8651952,2.3502532,inactive,
175,Goiko,2,Paris,75002,closed,FALSE,ChIJNbNw9gNv5kcRB4VoSMm1_sE,48.8713673,2.3399283,inactive,
177,Grillé,2,Paris,75002,closed,FALSE,ChIJv_ZX-Dpu5kcR8-ELbt_rsFM,48.8688354,2.3365698,inactive,
179,La Table de Mee,,,,to_review,TRUE,,,,inactive;needs_review;missing_place_id;invalid_coordinates;invalid_or_missing_arrondissement,
183,The Cod House,,,,to_review,TRUE,,,,inactive;needs_review;missing_place_id;invalid_coordinates;invalid_or_missing_arrondissement,
187,Clover by Jean François Piège,,,,to_review,TRUE,,,,inactive;needs_review;missing_place_id;invalid_coordinates;invalid_or_missing_arrondissement,
189,Kult - Le Saint Hotel,,,,to_review,TRUE,,,,inactive;needs_review;missing_place_id;invalid_coordinates;invalid_or_missing_arrondissement,
190,Les Parisiens - Pavillon Faubourg Saint Germain,,,,to_review,TRUE,,,,inactive;needs_review;missing_place_id;invalid_coordinates;invalid_or_missing_arrondissement,
192,Kabul Kitchen,2,Paris,75002,closed,FALSE,ChIJDczzs4Fv5kcRPP_7RpkClcQ,48.8658215,2.350238,inactive,
193,Newtable.com - Guide des nouveaux Restaurants à Paris,,,,to_review,TRUE,,,,inactive;needs_review;missing_place_id;invalid_coordinates;invalid_or_missing_arrondissement,
197,"L'Entente, Le British Brasserie",2,Paris,75002,closed,FALSE,ChIJrW2cYTpu5kcRJmiR0ES-zIs,48.8691392,2.3355104,inactive,
198,L'Oseille,2,Paris,75002,closed,FALSE,ChIJXyl1CDtu5kcR2cbHTZVc8Dw,48.8688311,2.3377927,inactive,
207,Il Sorrentino - Gastronomic Restaurant - Il Sorrentino,,,,to_review,TRUE,,,,inactive;needs_review;missing_place_id;invalid_coordinates;invalid_or_missing_arrondissement,
215,114 Faubourg - Bristol,,,,to_review,TRUE,,,,inactive;needs_review;missing_place_id;invalid_coordinates;invalid_or_missing_arrondissement,
221,Les Bols de Jean,2,Paris,75002,closed,FALSE,ChIJR7I3Xzpu5kcR1-A_zc-kagQ,48.8689438,2.336031,inactive,
227,Café Antonia - Bristol,,,,to_review,TRUE,,,,inactive;needs_review;missing_place_id;invalid_coordinates;invalid_or_missing_arrondissement,
229,Magniv restaurant,2,Paris,75002,closed,FALSE,ChIJfYhlY_9v5kcRf9_9_jbPH3Q,48.870135,2.3463038,inactive,
231,Mama Nissa,2,Paris,75002,closed,FALSE,ChIJ0WhliOtx5kcR6LNfRl-w824,48.8658227,2.3453006,inactive,
233,Restaurant Marcore / Restaurant Marcore l’Étage*,2,Paris,75002,closed,FALSE,ChIJ-bNqBktv5kcRJc6ixHA2vNY,48.8701326,2.3411305,inactive,
236,Café Renault,,,,to_review,TRUE,,,,inactive;needs_review;missing_place_id;invalid_coordinates;invalid_or_missing_arrondissement,
240,Epicure - Bristol,,,,to_review,TRUE,,,,inactive;needs_review;missing_place_id;invalid_coordinates;invalid_or_missing_arrondissement,
242,Il Carpaccio - Royal Monceau,,,,to_review,TRUE,,,,inactive;needs_review;missing_place_id;invalid_coordinates;invalid_or_missing_arrondissement,
243,Motek Restaurant - Cuisine Israélienne-Paris 2,2,Paris,75002,closed,FALSE,ChIJkecDY4lv5kcRguAtoxEjvqk,48.867208,2.3513514,inactive,
244,Juvia,,,,to_review,TRUE,,,,inactive;needs_review;missing_place_id;invalid_coordinates;invalid_or_missing_arrondissement,
251,Pizz'Aria Paris,2,Paris,75002,closed,FALSE,ChIJMR0CX25v5kcRQaIuTe09DfQ,48.8660008,2.3444538,inactive,
256,L'Atelier Etoile de Joël Robuchon,,,,to_review,TRUE,,,,inactive;needs_review;missing_place_id;invalid_coordinates;invalid_or_missing_arrondissement,
257,La Baronne,,,,to_review,TRUE,,,,inactive;needs_review;missing_place_id;invalid_coordinates;invalid_or_missing_arrondissement,
260,Le Collectionneur,,,,to_review,TRUE,,,,inactive;needs_review;missing_place_id;invalid_coordinates;invalid_or_missing_arrondissement,
263,Salatim,2,Paris,75002,closed,FALSE,ChIJA44fLBZu5kcR2ZbHcCfmwnY,48.869109,2.3460155,inactive,
264,Sarra Deli,2,Paris,75002,closed,FALSE,ChIJP-4OBRhu5kcRgCXmIqAr93A,48.8657311,2.3457726,inactive,
270,Sunday In Soho,2,Paris,75002,closed,FALSE,ChIJz5yXA0dv5kcRsfiU6id-Vuc,48.8703012,2.3413885,inactive,
273,Limon - Marignan Champs Elysées,,,,to_review,TRUE,,,,inactive;needs_review;missing_place_id;invalid_coordinates;invalid_or_missing_arrondissement,
281,Matsuhisa - Le Royal Monceau,,,,to_review,TRUE,,,,inactive;needs_review;missing_place_id;invalid_coordinates;invalid_or_missing_arrondissement,
285,Shirvan Café Métisse,,,,to_review,TRUE,,,,inactive;needs_review;missing_place_id;invalid_coordinates;invalid_or_missing_arrondissement,
286,Tosca - Hotel Splendide Royal,,,,to_review,TRUE,,,,inactive;needs_review;missing_place_id;invalid_coordinates;invalid_or_missing_arrondissement,
287,9ème Sauvage,,,,to_review,TRUE,,,,inactive;needs_review;missing_place_id;invalid_coordinates;invalid_or_missing_arrondissement,
290,L’italien de La Belle Époque,2,Paris,75002,closed,FALSE,ChIJfUHkef1v5kcRJYB5-a95rZA,48.8671689,2.3355698,inactive,
306,Atome,,,,to_review,TRUE,,,,inactive;needs_review;missing_place_id;invalid_coordinates;invalid_or_missing_arrondissement,
307,Bagnard by Yoni Saada,,,,to_review,TRUE,,,,inactive;needs_review;missing_place_id;invalid_coordinates;invalid_or_missing_arrondissement,
308,BB,,,,to_review,TRUE,,,,inactive;needs_review;missing_place_id;invalid_coordinates;invalid_or_missing_arrondissement,
314,BB Blanche,,,,to_review,TRUE,,,,inactive;needs_review;missing_place_id;invalid_coordinates;invalid_or_missing_arrondissement,
322,Café de la Poésie,3,Paris,75003,closed,FALSE,ChIJPUXF9gNv5kcRjHgSzEm3pSc,48.862405,2.351322,inactive,
324,Café Ineko,3,Paris,75003,closed,FALSE,ChIJAQBEJwVu5kcRWjJMCK1i5js,48.8635759,2.3572993,inactive,
332,Cinq Fois Plus,3,Paris,75003,closed,FALSE,ChIJ____khtu5kcRO-HVYqSdNp0,48.8623127,2.3521941,inactive,
347,Iemanja Paris Tapiocaria,3,Paris,75003,closed,FALSE,ChIJVVWh_QVu5kcRwS2c_mwuoQA,48.8654437,2.3619157,inactive,
349,Istr,3,Paris,75003,closed,FALSE,ChIJ38NQwg9u5kcR_BHPw0V7BDE,48.8674128,2.3575347,inactive,
352,Fimmina Pizzeria,,,,to_review,TRUE,,,,inactive;needs_review;missing_place_id;invalid_coordinates;invalid_or_missing_arrondissement,
353,Food Market - Chouchou Hotel,,,,to_review,TRUE,,,,inactive;needs_review;missing_place_id;invalid_coordinates;invalid_or_missing_arrondissement,
356,La Cloche d'Or - Open Late,,,,to_review,TRUE,,,,inactive;needs_review;missing_place_id;invalid_coordinates;invalid_or_missing_arrondissement,
357,Le JOÜY,3,Paris,75003,closed,FALSE,ChIJf71uEelv5kcRH7g2q0_PQOI,48.866076,2.3572691,inactive,
361,Restaurant Rochechouart - Hotel Rochechouart,,,,to_review,TRUE,,,,inactive;needs_review;missing_place_id;invalid_coordinates;invalid_or_missing_arrondissement,
364,Les chouettes (Grand Duc),3,Paris,75003,closed,FALSE,ChIJJ4fNQQZu5kcRUAC86Au9C5A,48.8643799,2.3635729,inactive,
367,Les Jardins d'Olympe,4,Paris,75004,closed,FALSE,ChIJTUosJAxv5kcR03ETWOSgHLA,48.8571764,2.3621588,inactive,
374,moeuf,3,Paris,75003,closed,FALSE,ChIJZaMtDtRv5kcRlsJSLY1Dkck,48.8627443,2.366237,inactive,
377,Mugiz,3,Paris,75003,closed,FALSE,ChIJr3Ljpnlv5kcRulj2tDqhw2Y,48.8611071,2.3541257,inactive,
383,POLY,3,Paris,75003,closed,FALSE,ChIJK7dg-gdv5kcR60bNVYvW6-A,48.8642891,2.3549729,inactive,
387,Tortuga – Galeries Lafayette,,,,to_review,TRUE,,,,inactive;needs_review;missing_place_id;invalid_coordinates;invalid_or_missing_arrondissement,
393,SUPPERBLUE par YONI SAADA,3,Paris,75003,closed,FALSE,ChIJb3AQ9ZFv5kcRzeNWvf-mm-8,48.8631868,2.3642854,inactive,
396,That's Life,3,Paris,75003,closed,FALSE,ChIJDRFGhQVu5kcRu2fXCjrKnw0,48.8653663,2.3601015,inactive,
398,Villa Yora,,,,to_review,TRUE,,,,inactive;needs_review;missing_place_id;invalid_coordinates;invalid_or_missing_arrondissement,
399,Yakuza - Maison Albar Hotel,,,,to_review,TRUE,,,,inactive;needs_review;missing_place_id;invalid_coordinates;invalid_or_missing_arrondissement,
406,5 Baht,4,Paris,75004,closed,FALSE,ChIJRyfprdNv5kcRUA_6k2zoPyU,48.8592089,2.3534303,inactive,
409,Neuvième Cru Paris,,,,to_review,TRUE,,,,inactive;needs_review;missing_place_id;invalid_coordinates;invalid_or_missing_arrondissement,
413,Farago PintxoClub,,,,to_review,TRUE,,,,inactive;needs_review;missing_place_id;invalid_coordinates;invalid_or_missing_arrondissement,
414,Goku Comedy - Bruce,,,,to_review,TRUE,,,,inactive;needs_review;missing_place_id;invalid_coordinates;invalid_or_missing_arrondissement,
416,Capitaine,4,Paris,75004,closed,FALSE,ChIJTeLskP9x5kcRBXIq8a0-lhE,48.8540404,2.365977,inactive,
419,LALÀ,,,,to_review,TRUE,,,,inactive;needs_review;missing_place_id;invalid_coordinates;invalid_or_missing_arrondissement,
429,La Mangerie,4,Paris,75004,closed,FALSE,ChIJH6OgIf5x5kcRI5zH49rwKTY,48.8557001,2.3628122,inactive,
430,Mediacafé,,,,to_review,TRUE,,,,inactive;needs_review;missing_place_id;invalid_coordinates;invalid_or_missing_arrondissement,
431,Le Perchoir Marais,4,Paris,75004,closed,FALSE,ChIJoWH6Ex1u5kcRg7XHRXA1dXM,48.8572702,2.3532773,inactive,
435,Les Pinces,4,Paris,75004,closed,FALSE,ChIJe76qzgJu5kcRuqsPy7Z7iBg,48.8576008,2.356244,inactive,
438,Nellu,4,Paris,75004,closed,FALSE,ChIJCcdBXhVx5kcRN7CId7MCK9c,48.8549492,2.3553847,inactive,
439,Bien Ficelé,,,,to_review,TRUE,,,,inactive;needs_review;missing_place_id;invalid_coordinates;invalid_or_missing_arrondissement,
441,Panozzi Marais,4,Paris,75004,closed,FALSE,ChIJ2Y9zlE1v5kcRQJMbP4RS-G0,48.8584198,2.3550387,inactive,
442,Pho Banh cuon 14 Beaubourg,4,Paris,75004,closed,FALSE,ChIJ9Ue2WNVv5kcRNgSPiGmOJgc,48.8598525,2.3508505,inactive,
448,Botanique,,,,to_review,TRUE,,,,inactive;needs_review;missing_place_id;invalid_coordinates;invalid_or_missing_arrondissement,
449,Homies Restaurant,4,Paris,75004,closed,FALSE,ChIJHcqhkRBx5kcRrrKzDhHKKsk,48.8535073,2.3645569,inactive,
450,Orgeuil,,,,to_review,TRUE,,,,inactive;needs_review;missing_place_id;invalid_coordinates;invalid_or_missing_arrondissement,
452,Patchanka,,,,to_review,TRUE,,,,inactive;needs_review;missing_place_id;invalid_coordinates;invalid_or_missing_arrondissement,
453,Il Goto Osteria d’Italia,,,,to_review,TRUE,,,,inactive;needs_review;missing_place_id;invalid_coordinates;invalid_or_missing_arrondissement,
459,Affinité,5,Paris,75005,closed,FALSE,ChIJW159qWhx5kcRfp3A6PEzz8M,48.8500128,2.3497364,inactive,
466,"La Demesure sur Seine – Restaurant, bar à coktail en bord de Seine. Quai de la Rapée. Paris 12eme",,,,to_review,TRUE,,,,inactive;needs_review;missing_place_id;invalid_coordinates;invalid_or_missing_arrondissement,
473,Restaurant Bar à momos in Paris - Le Fooding®,,,,to_review,TRUE,,,,inactive;needs_review;missing_place_id;invalid_coordinates;invalid_or_missing_arrondissement,
478,Chinaski,5,Paris,75005,closed,FALSE,ChIJkamy2uRx5kcRkRuF-KWEYck,48.8402191,2.3503378,inactive,
479,Cucina Mutualité,5,Paris,75005,closed,FALSE,ChIJndzC28Nx5kcRoVTaEZa3KtE,48.8485595,2.3508061,inactive,
482,Restaurant Molly's Bar (75012 Paris) - Newtable.com,,,,to_review,TRUE,,,,inactive;needs_review;missing_place_id;invalid_coordinates;invalid_or_missing_arrondissement,
484,Noi,,,,to_review,TRUE,,,,inactive;needs_review;missing_place_id;invalid_coordinates;invalid_or_missing_arrondissement,
488,L'Angolo 42,5,Paris,75005,closed,FALSE,ChIJFbi9betx5kcRnSD9lKpPcHM,48.8378388,2.3473736,inactive,
490,L'invitée,5,Paris,75005,closed,FALSE,ChIJmWeNGMRx5kcRCJGHibFuScI,48.849994,2.3458868,inactive,
515,Rotisserie Sauvage,5,Paris,75005,closed,FALSE,ChIJLxTlUVhx5kcReQXOWTDBzUs,48.8395045,2.3496821,inactive,
522,Ephemera,,,,to_review,TRUE,,,,inactive;needs_review;missing_place_id;invalid_coordinates;invalid_or_missing_arrondissement,
526,Fi'lia,,,,to_review,TRUE,,,,inactive;needs_review;missing_place_id;invalid_coordinates;invalid_or_missing_arrondissement,
527,Mam'y Rosa,,,,to_review,TRUE,,,,inactive;needs_review;missing_place_id;invalid_coordinates;invalid_or_missing_arrondissement,
529,Torticho,,,,to_review,TRUE,,,,inactive;needs_review;missing_place_id;invalid_coordinates;invalid_or_missing_arrondissement,
534,Umami Burger,,,,to_review,TRUE,,,,inactive;needs_review;missing_place_id;invalid_coordinates;invalid_or_missing_arrondissement,
547,Ischia by Cyril Lignac,,,,to_review,TRUE,,,,inactive;needs_review;missing_place_id;invalid_coordinates;invalid_or_missing_arrondissement,
550,Restaurant Hotel Villa M,,,,to_review,TRUE,,,,inactive;needs_review;missing_place_id;invalid_coordinates;invalid_or_missing_arrondissement,
555,Rosé,,,,to_review,TRUE,,,,inactive;needs_review;missing_place_id;invalid_coordinates;invalid_or_missing_arrondissement,
563,Cinnamon,6,Paris,75006,closed,FALSE,ChIJre_8oY5x5kcR2GjMRukDXWU,48.8544348,2.3392143,inactive,
564,Claus - Saint-Germain-des-Prés,6,Paris,75006,closed,FALSE,ChIJrZWqFNlx5kcRuMOtGqwIJ0g,48.8525766,2.3366728,inactive,
565,Alan Geaam Le restaurant,,,,to_review,TRUE,,,,inactive;needs_review;missing_place_id;invalid_coordinates;invalid_or_missing_arrondissement,
571,Desi Road,6,Paris,75006,closed,FALSE,ChIJBylNQ99x5kcRYqBpR1D2xl4,48.8556687,2.3399168,inactive,
576,Ensemble,,,,to_review,TRUE,,,,inactive;needs_review;missing_place_id;invalid_coordinates;invalid_or_missing_arrondissement,
578,Hanami (Seasonal),,,,to_review,TRUE,,,,inactive;needs_review;missing_place_id;invalid_coordinates;invalid_or_missing_arrondissement,
581,Holiday Paris - Holiday Vegan Diner,,,,to_review,TRUE,,,,inactive;needs_review;missing_place_id;invalid_coordinates;invalid_or_missing_arrondissement,
582,Gemini Odéon,6,Paris,75006,closed,FALSE,ChIJnYe1qENx5kcRYxrkKLAKjhc,48.8514489,2.3392571,inactive,
583,Gido,6,Paris,75006,closed,FALSE,ChIJdUFHpgZx5kcREyyOOtnVpzQ,48.8474597,2.3257628,inactive,
586,Non Solo Cucina,,,,to_review,TRUE,,,,inactive;needs_review;missing_place_id;invalid_coordinates;invalid_or_missing_arrondissement,
588,Prunier Victor Hugo by Yannick Alléno,,,,to_review,TRUE,,,,inactive;needs_review;missing_place_id;invalid_coordinates;invalid_or_missing_arrondissement,
592,Restaurants Hotel Brach by Starck,,,,to_review,TRUE,,,,inactive;needs_review;missing_place_id;invalid_coordinates;invalid_or_missing_arrondissement,
593,Summer by La Bauhinia - Shangri La - Ephemeral,,,,to_review,TRUE,,,,inactive;needs_review;missing_place_id;invalid_coordinates;invalid_or_missing_arrondissement,
596,Stéphanie Le Quellec va ouvrir sa « maison de cuisine » MAM (Paris 17e arr.) en décembre 2020 - ATABULA - Edition générale,,,,to_review,TRUE,,,,inactive;needs_review;missing_place_id;invalid_coordinates;invalid_or_missing_arrondissement,
598,OKA & Fogo,,,,to_review,TRUE,,,,inactive;needs_review;missing_place_id;invalid_coordinates;invalid_or_missing_arrondissement,
599,L'heure gourmande,6,Paris,75006,closed,FALSE,ChIJRy3dy9hx5kcRNZ6RXORmH7A,48.8549121,2.3383751,inactive,
601,La Boucherie Grégoire,6,Paris,75006,closed,FALSE,ChIJV9CmYPNx5kcRVs2HPyYt5D8,48.847911,2.3252989,inactive,
603,Mamine Batignolles,,,,to_review,TRUE,,,,inactive;needs_review;missing_place_id;invalid_coordinates;invalid_or_missing_arrondissement,
604,La Estancia,6,Paris,75006,closed,FALSE,ChIJ44H5Sw9x5kcRuQTmqhzz-Lo,48.8543809,2.3427199,inactive,
611,TAURUS I RESTAURANT DE VIANDES MATURÉES PARIS 17 75017,,,,to_review,TRUE,,,,inactive;needs_review;missing_place_id;invalid_coordinates;invalid_or_missing_arrondissement,
616,"Yansai: the Asian street food canteen in Les Batignolles, Paris - Sortiraparis.com",,,,to_review,TRUE,,,,inactive;needs_review;missing_place_id;invalid_coordinates;invalid_or_missing_arrondissement,
626,Little Miss Geisha,6,Paris,75006,closed,FALSE,ChIJqdJ8ggRx5kcRVdVgUM4_iRs,48.8479633,2.3400952,inactive,
634,"Restaurant Le Bistrot des Dames à Paris (75017), Saint-Lazare, Batignolles - Place de Clichy - Avis, menu et prix",,,,to_review,TRUE,,,,inactive;needs_review;missing_place_id;invalid_coordinates;invalid_or_missing_arrondissement,
637,"Restaurant En Face à Paris (75017), Ternes - Porte Maillot - Menu, avis, prix et réservation",,,,to_review,TRUE,,,,inactive;needs_review;missing_place_id;invalid_coordinates;invalid_or_missing_arrondissement,
639,Constantia Martyrs,,,,to_review,TRUE,,,,inactive;needs_review;missing_place_id;invalid_coordinates;invalid_or_missing_arrondissement,
640,Hardware Société,,,,to_review,TRUE,,,,inactive;needs_review;missing_place_id;invalid_coordinates;invalid_or_missing_arrondissement,
646,Pépin.,,,,to_review,TRUE,,,,inactive;needs_review;missing_place_id;invalid_coordinates;invalid_or_missing_arrondissement,
648,Ristorante Luigi,6,Paris,75006,closed,FALSE,ChIJyTMUNnxx5kcRj_CEBjpVios,48.8538744,2.3378068,inactive,
653,Silencio des Prés,6,Paris,75006,closed,FALSE,ChIJ80U9qD1u5kcRkUDEOq_16PE,48.8546623,2.3333172,inactive,
655,Itegue Taitu,,,,to_review,TRUE,,,,inactive;needs_review;missing_place_id;invalid_coordinates;invalid_or_missing_arrondissement,
656,La Mère Lachaise,,,,to_review,TRUE,,,,inactive;needs_review;missing_place_id;invalid_coordinates;invalid_or_missing_arrondissement,
659,Tripletta Belleville,,,,to_review,TRUE,,,,inactive;needs_review;missing_place_id;invalid_coordinates;invalid_or_missing_arrondissement,
661,Cafejoyeux - Paris 2 & 8 - Salads,,,,to_review,TRUE,,,,inactive;needs_review;missing_place_id;invalid_coordinates;invalid_or_missing_arrondissement,
662,Dumpling Queen - Paris 10 - Chinese,,,,to_review,TRUE,,,,inactive;needs_review;missing_place_id;invalid_coordinates;invalid_or_missing_arrondissement,
664,El Vecino - Paris 3 - Mexican,,,,to_review,TRUE,,,,inactive;needs_review;missing_place_id;invalid_coordinates;invalid_or_missing_arrondissement,
667,Gaijin Ramen Lab - Paris 14 - Japanese,,,,to_review,TRUE,,,,inactive;needs_review;missing_place_id;invalid_coordinates;invalid_or_missing_arrondissement,
668,Jium - Paris 15 - Korean,,,,to_review,TRUE,,,,inactive;needs_review;missing_place_id;invalid_coordinates;invalid_or_missing_arrondissement,
673,Kapunka - Paris 14 - Thai,,,,to_review,TRUE,,,,inactive;needs_review;missing_place_id;invalid_coordinates;invalid_or_missing_arrondissement,
689,Le Gourbi Paris 14 - Couscous,,,,to_review,TRUE,,,,inactive;needs_review;missing_place_id;invalid_coordinates;invalid_or_missing_arrondissement,
692,Café Lignac,7,Paris,75007,closed,FALSE,ChIJFVN4ViJv5kcRXhsZDE8qfvA,48.8581072,2.301642,inactive,
694,Le Saj - Paris 3 - Lebanese,,,,to_review,TRUE,,,,inactive;needs_review;missing_place_id;invalid_coordinates;invalid_or_missing_arrondissement,
696,MAM by Stéphanie Le Quellec - Paris 17 - French,,,,to_review,TRUE,,,,inactive;needs_review;missing_place_id;invalid_coordinates;invalid_or_missing_arrondissement,
697,COYA Paris,7,Paris,75007,closed,FALSE,ChIJ6XzwtbBx5kcRnds6OcU8lco,48.8543101,2.324097,inactive,
706,Mesita - Paris 9 - South American,,,,to_review,TRUE,,,,inactive;needs_review;missing_place_id;invalid_coordinates;invalid_or_missing_arrondissement,
709,Bistrot des Amis - 77300 Fontainebleau,,,,to_review,TRUE,,,,inactive;needs_review;missing_place_id;invalid_coordinates;invalid_or_missing_arrondissement,
721,Le Vin de Bellechasse,7,Paris,75007,closed,FALSE,ChIJ2Xtc3ipu5kcR2t_esGjjuE8,48.8589737,2.3233737,inactive,
724,Les Climats,7,Paris,75007,closed,FALSE,ChIJpSSqgylu5kcRK-RJTRI5f34,48.8588601,2.3281795,inactive,
725,Bistrot Pas Parisien - 92700 Colombes,,,,to_review,TRUE,,,,inactive;needs_review;missing_place_id;invalid_coordinates;invalid_or_missing_arrondissement,
729,Cambrousse - 95510 St Cyr en Arthies,,,,to_review,TRUE,,,,inactive;needs_review;missing_place_id;invalid_coordinates;invalid_or_missing_arrondissement,
737,Cantine Sauvage - 93210 Saint-denis,,,,to_review,TRUE,,,,inactive;needs_review;missing_place_id;invalid_coordinates;invalid_or_missing_arrondissement,
739,Dar Zamen - 93100 Montreuil,,,,to_review,TRUE,,,,inactive;needs_review;missing_place_id;invalid_coordinates;invalid_or_missing_arrondissement,
745,L'Andouille - 92800 Puteaux,,,,to_review,TRUE,,,,inactive;needs_review;missing_place_id;invalid_coordinates;invalid_or_missing_arrondissement,
749,La Guinguette des Maquereaux - 94130 Nogent-sur-Marne,,,,to_review,TRUE,,,,inactive;needs_review;missing_place_id;invalid_coordinates;invalid_or_missing_arrondissement,
754,Hémicycle,7,Paris,75007,closed,FALSE,ChIJpVNabrZv5kcRnkWMvNeVK4M,48.8599589,2.3183161,inactive,
758,La Pampa - 78150 Le Chesnay-Rocquencourt,,,,to_review,TRUE,,,,inactive;needs_review;missing_place_id;invalid_coordinates;invalid_or_missing_arrondissement,
771,Le Pastoral - B93500 Pantin,,,,to_review,TRUE,,,,inactive;needs_review;missing_place_id;invalid_coordinates;invalid_or_missing_arrondissement,
774,Le Perchoir Y - 92360 Meudon,,,,to_review,TRUE,,,,inactive;needs_review;missing_place_id;invalid_coordinates;invalid_or_missing_arrondissement,
779,Les Mérovingiens - 93160 Noisy-le-Grand,,,,to_review,TRUE,,,,inactive;needs_review;missing_place_id;invalid_coordinates;invalid_or_missing_arrondissement,
788,Monsieur Moulinot - 92130 Issy les Moulineaux,,,,to_review,TRUE,,,,inactive;needs_review;missing_place_id;invalid_coordinates;invalid_or_missing_arrondissement,
791,Moulin de la Galette - 95110 Sannois,,,,to_review,TRUE,,,,inactive;needs_review;missing_place_id;invalid_coordinates;invalid_or_missing_arrondissement,
795,Olivia - 91190 Meudon,,,,to_review,TRUE,,,,inactive;needs_review;missing_place_id;invalid_coordinates;invalid_or_missing_arrondissement,
796,Caffè Bellucci,8,Paris,75008,closed,FALSE,ChIJFVFF78hv5kcRzHw_n4OMWyg,48.8735396,2.3142289,inactive,
798,Osabak - 92100 Boulogne-Billancourt,,,,to_review,TRUE,,,,inactive;needs_review;missing_place_id;invalid_coordinates;invalid_or_missing_arrondissement,
803,Pizzeria César - 78000 Versailles,,,,to_review,TRUE,,,,inactive;needs_review;missing_place_id;invalid_coordinates;invalid_or_missing_arrondissement,
805,Reef Club - 92100 Boulogne-Billancourt,,,,to_review,TRUE,,,,inactive;needs_review;missing_place_id;invalid_coordinates;invalid_or_missing_arrondissement,
806,Restaurant Jean Chauvel - 92100 Boulogne Billancourt,,,,to_review,TRUE,,,,inactive;needs_review;missing_place_id;invalid_coordinates;invalid_or_missing_arrondissement,
814,Scumbags in Paris : James Henry en mode chinois - Food & Sens,,,,to_review,TRUE,,,,inactive;needs_review;missing_place_id;invalid_coordinates;invalid_or_missing_arrondissement,
815,A emporter & Livraison - MoSugo,,,,to_review,TRUE,,,,inactive;needs_review;missing_place_id;invalid_coordinates;invalid_or_missing_arrondissement,
817,Juste le Zinc,8,Paris,75008,closed,FALSE,ChIJBS6Qq0xu5kcRkXbBRgZ7drI,48.882068,2.324252,inactive,
818,Home,,,,to_review,TRUE,,,,inactive;needs_review;missing_place_id;invalid_coordinates;invalid_or_missing_arrondissement,
820,SimonSays,,,,to_review,TRUE,,,,inactive;needs_review;missing_place_id;invalid_coordinates;invalid_or_missing_arrondissement,
821,Cinnamone,,,,to_review,TRUE,,,,inactive;needs_review;missing_place_id;invalid_coordinates;invalid_or_missing_arrondissement,
822,La Plaine Sauvage - 93210 La Plaine Saint-Denis,,,,to_review,TRUE,,,,inactive;needs_review;missing_place_id;invalid_coordinates;invalid_or_missing_arrondissement,
823,El Vecino Taqueria,,,,to_review,TRUE,,,,inactive;needs_review;missing_place_id;invalid_coordinates;invalid_or_missing_arrondissement,
824,Jours de fermeture - Zen - Restaurant Japonais à Paris,,,,to_review,TRUE,,,,inactive;needs_review;missing_place_id;invalid_coordinates;invalid_or_missing_arrondissement,
825,La Belle Poule,8,Paris,75008,closed,FALSE,ChIJ_4_BHMBv5kcRW2TPQ3Urus0,48.8765966,2.3012107,inactive,
826,Carbon,,,,to_review,TRUE,,,,inactive;needs_review;missing_place_id;invalid_coordinates;invalid_or_missing_arrondissement,
827,Le Ruisseau Burger Joint,,,,to_review,TRUE,,,,inactive;needs_review;missing_place_id;invalid_coordinates;invalid_or_missing_arrondissement,
829,Emporio Armani Caffè & Armani/Ristorante,,,,to_review,TRUE,,,,inactive;needs_review;missing_place_id;invalid_coordinates;invalid_or_missing_arrondissement,
833,Gilberte,,,,to_review,TRUE,,,,inactive;needs_review;missing_place_id;invalid_coordinates;invalid_or_missing_arrondissement,
834,Kaïto,,,,to_review,TRUE,,,,inactive;needs_review;missing_place_id;invalid_coordinates;invalid_or_missing_arrondissement,
836,Le Chiberta,8,Paris,75008,closed,FALSE,ChIJgXsCyetv5kcRJ4XLZIZ0IPw,48.8735768,2.2978086,inactive,
837,Burger Père & Fils par Alléno,,,,to_review,TRUE,,,,inactive;needs_review;missing_place_id;invalid_coordinates;invalid_or_missing_arrondissement,
840,Bouillon 47,,,,to_review,TRUE,,,,inactive;needs_review;missing_place_id;invalid_coordinates;invalid_or_missing_arrondissement,
847,IZA by Moloko,,,,to_review,TRUE,,,,inactive;needs_review;missing_place_id;invalid_coordinates;invalid_or_missing_arrondissement,
848,Les Oreilles et La Queue,8,Paris,75008,closed,FALSE,ChIJYQxX9cZv5kcRciY--J1hFVI,48.8733352,2.30927,inactive,
849,Villa Mikuna,,,,to_review,TRUE,,,,inactive;needs_review;missing_place_id;invalid_coordinates;invalid_or_missing_arrondissement,
850,Melt Oberkampf,,,,to_review,TRUE,,,,inactive;needs_review;missing_place_id;invalid_coordinates;invalid_or_missing_arrondissement,
856,Malins Fish and Chips,8,Paris,75008,closed,FALSE,ChIJi8tumjRu5kcR5UyfwrzKf-E,48.8716756,2.3253812,inactive,
857,Pizza Restaurant Scotta 75012 Paris,,,,to_review,TRUE,,,,inactive;needs_review;missing_place_id;invalid_coordinates;invalid_or_missing_arrondissement,
861,Matilda,8,Paris,75008,closed,FALSE,ChIJMV4LzHdv5kcR-FDLp9jh3-c,48.8714168,2.3121157,inactive,
862,Le Cotte Rôti - Paris 12,,,,to_review,TRUE,,,,inactive;needs_review;missing_place_id;invalid_coordinates;invalid_or_missing_arrondissement,
865,Mam par Stéphanie Le Quellec,,,,to_review,TRUE,,,,inactive;needs_review;missing_place_id;invalid_coordinates;invalid_or_missing_arrondissement,
866,La Buvette des Batignolles - Bar à manger à Paris (75),,,,to_review,TRUE,,,,inactive;needs_review;missing_place_id;invalid_coordinates;invalid_or_missing_arrondissement,
870,Motto Burger,8,Paris,75008,closed,FALSE,ChIJId6NGsRv5kcRx2NgjwEoz3o,48.8715001,2.3072595,inactive,
872,Lai'Tcha - Paris 1 - Chinese,,,,to_review,TRUE,,,,inactive;needs_review;missing_place_id;invalid_coordinates;invalid_or_missing_arrondissement,
874,Bocca sur Seine - 92210 Saint-Cloud,,,,to_review,TRUE,,,,inactive;needs_review;missing_place_id;invalid_coordinates;invalid_or_missing_arrondissement,
876,Officina Belucci by Ivan Schenatti,8,Paris,75008,closed,FALSE,ChIJr5O9lFZv5kcRKFBT5YWpuz8,48.873512,2.3141655,inactive,
884,La Table De Cybele - 92100 Boulogne-Billancourt,,,,to_review,TRUE,,,,inactive;needs_review;missing_place_id;invalid_coordinates;invalid_or_missing_arrondissement,
886,Sage Paris,7,Paris,75007,closed,FALSE,ChIJRXfJJyZw5kcRhzOxjr6dFX8,48.8530354,2.3098381,inactive,
888,Fine Dining Restaurant in Dublin,,,,to_review,TRUE,,,,inactive;needs_review;missing_place_id;invalid_coordinates;invalid_or_missing_arrondissement,
889,Le Louis Vins,,,,to_review,TRUE,,,,inactive;needs_review;missing_place_id;invalid_coordinates;invalid_or_missing_arrondissement,
890,Peppe Paris 5,,,,to_review,TRUE,,,,inactive;needs_review;missing_place_id;invalid_coordinates;invalid_or_missing_arrondissement,
891,Suelo,,,,closed,FALSE,,,,inactive;missing_place_id;invalid_coordinates;invalid_or_missing_arrondissement,
892,Yakuza Katsu Sando & Coffee,,,,to_review,TRUE,,,,inactive;needs_review;missing_place_id;invalid_coordinates;invalid_or_missing_arrondissement,
893,RAN,,,,to_review,TRUE,,,,inactive;needs_review;missing_place_id;invalid_coordinates;invalid_or_missing_arrondissement,
895,Vanina Paris,8,Paris,75008,closed,FALSE,ChIJxYvvpVlv5kcR79gF80kqr3E,48.8722286,2.3040148,inactive,
897,Vivanda Burger,,,94390,active,FALSE,ChIJ9XDIXOZ15kcRtBcKuAMwXis,48.7273548,2.3635385,invalid_or_missing_arrondissement,
899,Restaurant Yoko Haussmann,8,Paris,75008,closed,FALSE,ChIJ4e3KEcdv5kcRY5JiLNRKK8s,48.8752921,2.3086511,inactive,
908,Café Berry x Panache - Hôtel Panache,,,,to_review,TRUE,,,,inactive;needs_review;missing_place_id;invalid_coordinates;invalid_or_missing_arrondissement,
909,Le Galopin,,,,to_review,TRUE,,,,inactive;needs_review;missing_place_id;invalid_coordinates;invalid_or_missing_arrondissement,
915,Restaurant Pouzenc in Paris - Le Fooding®,,,,to_review,TRUE,,,,inactive;needs_review;missing_place_id;invalid_coordinates;invalid_or_missing_arrondissement,
920,Brasserie Alesti,9,Paris,75009,closed,FALSE,ChIJ17k0pSdv5kcR6Q2xPqQZsbE,48.8724243,2.3430768,inactive,
921,"Le Picotin restaurant Paris 12e - cuisine bistrot produit frais, menu et carte",,,,to_review,TRUE,,,,inactive;needs_review;missing_place_id;invalid_coordinates;invalid_or_missing_arrondissement,
924,AT Olive,9,Paris,75009,closed,FALSE,ChIJR11r3Dxv5kcRY838P78He7g,48.8803928,2.3437817,inactive,
925,"Restaurant La Ruche à Miel à Paris (75012), Bastille - Menu, avis, prix et réservation",,,,to_review,TRUE,,,,inactive;needs_review;missing_place_id;invalid_coordinates;invalid_or_missing_arrondissement,
929,Le Cette,,,,to_review,TRUE,,,,inactive;needs_review;missing_place_id;invalid_coordinates;invalid_or_missing_arrondissement,
932,Sonata Pizzeria,,,,to_review,TRUE,,,,inactive;needs_review;missing_place_id;invalid_coordinates;invalid_or_missing_arrondissement,
933,Bar Italia Brasserie,9,Paris,75009,closed,FALSE,ChIJ2-7G2Utu5kcRoy_w5rC7BI0,48.8799603,2.3292659,inactive,
934,Barbot,9,Paris,75009,closed,FALSE,ChIJG8Dv-mdv5kcRJDZA3FldoYA,48.8806604,2.3411305,inactive,
935,"Restaurant Mova à Paris (75017), Saint-Lazare, Batignolles - Place de Clichy - Menu, avis, prix et réservation",,,,to_review,TRUE,,,,inactive;needs_review;missing_place_id;invalid_coordinates;invalid_or_missing_arrondissement,
936,"Restaurant Bronx Pizzeria Paris 17ème, métro Porte Maillot",,,,to_review,TRUE,,,,inactive;needs_review;missing_place_id;invalid_coordinates;invalid_or_missing_arrondissement,
940,Bistro Dam by Hanwadam,9,Paris,75009,closed,FALSE,ChIJb9i69dZv5kcRsqBg3Bn6S40,48.876604,2.3363382,inactive,
942,Boteco Vila Mada,9,Paris,75009,closed,FALSE,ChIJUcNdLqdv5kcRKkFzDKmftQM,48.8806663,2.3409673,inactive,
945,Bourrache Paris,9,Paris,75009,closed,FALSE,ChIJzyZaihVv5kcRidlhJFOqMdY,48.8785528,2.34273,inactive,
956,La Base - Hotel Fondation,,,,to_review,TRUE,,,,inactive;needs_review;missing_place_id;invalid_coordinates;invalid_or_missing_arrondissement,
964,Ajidulce - Paris 9 - Venezuela,,,,to_review,TRUE,,,,inactive;needs_review;missing_place_id;invalid_coordinates;invalid_or_missing_arrondissement,
966,Restaurant Dicoeur 晓春,9,Paris,75009,closed,FALSE,ChIJ6S6UPD9u5kcR3E1H4cO7kp8,48.8746108,2.3414025,inactive,
968,Dizen,9,Paris,75009,closed,FALSE,ChIJ10kcmkJv5kcRuYS31OqOAEs,48.8824478,2.3334003,inactive,
973,Fogon Ultramarinos - Paris 1 - Spanish,,,,to_review,TRUE,,,,inactive;needs_review;missing_place_id;invalid_coordinates;invalid_or_missing_arrondissement,
974,Le Coq & Fils - Paris 18 - Roast Chicken,,,,to_review,TRUE,,,,inactive;needs_review;missing_place_id;invalid_coordinates;invalid_or_missing_arrondissement,
975,FLESH restaurant,9,Paris,75009,closed,FALSE,ChIJ9VyJJU9u5kcRAYebHlECemM,48.8823023,2.3330626,inactive,
977,Livraison PLANTXA by Juan Arbelaez à Boulogne-Billancourt - Commandez avec Deliveroo,,,,to_review,TRUE,,,,inactive;needs_review;missing_place_id;invalid_coordinates;invalid_or_missing_arrondissement,
979,Gaijin Ramen Lab - Livraison uniquement,11,Paris,75011,closed,FALSE,ChIJMQxsrFtx5kcRsqhCNfnaIeI,48.8626328,2.3818517,inactive,
981,Restaurant Minh Chau in Paris - Le Fooding®,,,,to_review,TRUE,,,,inactive;needs_review;missing_place_id;invalid_coordinates;invalid_or_missing_arrondissement,
985,Restaurant Ô Divin in Paris - Le Fooding®,,,,to_review,TRUE,,,,inactive;needs_review;missing_place_id;invalid_coordinates;invalid_or_missing_arrondissement,
986,Moloko Paris,9,Paris,75009,closed,FALSE,ChIJb7uaN09u5kcR2kwf1RAyjQw,48.882206,2.3338158,inactive,
987,Jeanne-Aimée,9,Paris,75009,closed,FALSE,ChIJxZfWthJv5kcRO1gfxMGbxlk,48.8762982,2.3384371,inactive,
988,Jefe Burger,,Paris,75116,active,FALSE,ChIJYx13lElv5kcR1d9nnrKkT0M,48.8713003,2.2918339,invalid_or_missing_arrondissement,
989,La Brasserie Martin,,,,to_review,TRUE,,,,inactive;needs_review;missing_place_id;invalid_coordinates;invalid_or_missing_arrondissement,
990,Kafé Jean,9,Paris,75009,closed,FALSE,ChIJPyKSu8lv5kcRiVZmN1d7S_U,48.8731983,2.344972,inactive,
991,Kanna Tanna,9,Paris,75009,closed,FALSE,ChIJrXx4uhdu5kcRbzirjAGI9wg,48.8800058,2.3345288,inactive,
993,KERN,9,Paris,75009,closed,FALSE,ChIJP1ynnedv5kcR71J_0451ti0,48.8759269,2.3364864,inactive,
996,L'Elan 9,9,Paris,75009,closed,FALSE,ChIJVVWR4Wpu5kcRfEmdmnrVzh4,48.8776838,2.3487832,inactive,
997,l'enveloppe,9,Paris,75009,closed,FALSE,ChIJBdVQGKtv5kcRVM4y1d8JG9k,48.8742225,2.347038,inactive,
998,La Datcha,,,,to_review,TRUE,,,,inactive;needs_review;missing_place_id;invalid_coordinates;invalid_or_missing_arrondissement,
999,monsieurmadameparis.fr,,,,to_review,TRUE,,,,inactive;needs_review;missing_place_id;invalid_coordinates;invalid_or_missing_arrondissement,
1001,"The Little Italy - Restaurant Italien Branché, Paris - SITE OFFICIEL",,,,to_review,TRUE,,,,inactive;needs_review;missing_place_id;invalid_coordinates;invalid_or_missing_arrondissement,
1004,La Pépite,9,Paris,75009,closed,FALSE,ChIJ-2hmdUhv5kcRA6EbxzTJBZc,48.8734563,2.3430721,inactive,
1014,La Datcha,,,,to_review,TRUE,,,,inactive;needs_review;missing_place_id;invalid_coordinates;invalid_or_missing_arrondissement,
1016,Le Vaisseau Vert,9,Paris,75009,closed,FALSE,ChIJIWlUj0tu5kcRhlJl2_KuNeM,48.8813679,2.3276218,inactive,
1023,LOLO PARIS,10,Paris,75010,closed,FALSE,ChIJV99zhHBz5kcRJD7S_2Hmhhg,48.8817226,2.3620917,inactive,
1024,Lolo Bistrot,9,Paris,75009,closed,FALSE,ChIJk8TFrc1v5kcRBlnbzYxoDSI,48.8745995,2.3479283,inactive,
1026,La Datcha,,,,to_review,TRUE,,,,inactive;needs_review;missing_place_id;invalid_coordinates;invalid_or_missing_arrondissement,
1033,Marclee,9,Paris,75009,closed,FALSE,ChIJJ9uEvz9u5kcRVkT3X5XEPVI,48.8749691,2.3445613,inactive,
1035,Meriggio,9,Paris,75009,closed,FALSE,ChIJx4aD_xVu5kcR7o_FvMBQLFI,48.8714721,2.3456911,inactive,
1036,MERSEA Grands Boulevards,9,Paris,75009,closed,FALSE,ChIJgUVTez5u5kcR99xMMQxlTnk,48.8720288,2.343394,inactive,
1037,La Datcha,,,,to_review,TRUE,,,,inactive;needs_review;missing_place_id;invalid_coordinates;invalid_or_missing_arrondissement,
1038,Mi Kwabo,9,Paris,75009,closed,FALSE,ChIJfTu9j0dv5kcRcA_royWEnkk,48.8795214,2.3435569,inactive,
1040,A L'épi d'Or,,,,to_review,TRUE,,,,inactive;needs_review;missing_place_id;invalid_coordinates;invalid_or_missing_arrondissement,
1046,SimonSays | Le site de François Simon,,,,to_review,TRUE,,,,inactive;needs_review;missing_place_id;invalid_coordinates;invalid_or_missing_arrondissement,
1051,Minh Chau,,,,to_review,TRUE,,,,inactive;needs_review;missing_place_id;invalid_coordinates;invalid_or_missing_arrondissement,
1053,Pala Mia,9,Paris,75009,closed,FALSE,ChIJjdxWDfVv5kcRZKCCymmrfEo,48.8756827,2.3417012,inactive,
1055,Minh Chau,,,,to_review,TRUE,,,,inactive;needs_review;missing_place_id;invalid_coordinates;invalid_or_missing_arrondissement,
1058,Pastore,9,Paris,75009,closed,FALSE,ChIJ86_lZMNv5kcRRS7tVXfClLA,48.8725823,2.3446461,inactive,
1059,Restaurant KOKORO レストランココロ,,,,to_review,TRUE,,,,inactive;needs_review;missing_place_id;invalid_coordinates;invalid_or_missing_arrondissement,
1062,Localino,,,,to_review,TRUE,,,,inactive;needs_review;missing_place_id;invalid_coordinates;invalid_or_missing_arrondissement,
1063,Riviera Fuga,,,,to_review,TRUE,,,,inactive;needs_review;missing_place_id;invalid_coordinates;invalid_or_missing_arrondissement,
1065,PiouPiou!,9,Paris,75009,closed,FALSE,ChIJRQiaGSRv5kcRmE2BHKGDJ8E,48.8767768,2.3384829,inactive,
1069,Pompette,9,Paris,75009,closed,FALSE,ChIJ6ZpDmapv5kcRDJ5sGQT9TEU,48.8771048,2.3400667,inactive,
1074,Oh Vin Dieu !,,,,to_review,TRUE,,,,inactive;needs_review;missing_place_id;invalid_coordinates;invalid_or_missing_arrondissement,
1076,Benjamin Schmitt,,,,to_review,TRUE,,,,inactive;needs_review;missing_place_id;invalid_coordinates;invalid_or_missing_arrondissement,
1082,CoCo,,,,to_review,TRUE,,,,inactive;needs_review;missing_place_id;invalid_coordinates;invalid_or_missing_arrondissement,
1084,Quelque part,,,,to_review,TRUE,,,,inactive;needs_review;missing_place_id;invalid_coordinates;invalid_or_missing_arrondissement,
1086,Uncino,9,Paris,75009,closed,FALSE,ChIJ___bi0hu5kcRQJyMKDFC5iE,48.8793849,2.3340993,inactive,
1088,Kolam,,,,to_review,TRUE,,,,inactive;needs_review;missing_place_id;invalid_coordinates;invalid_or_missing_arrondissement,
1090,Brasserie Martin,,,,to_review,TRUE,,,,inactive;needs_review;missing_place_id;invalid_coordinates;invalid_or_missing_arrondissement,
1092,La Datcha,,,,to_review,TRUE,,,,inactive;needs_review;missing_place_id;invalid_coordinates;invalid_or_missing_arrondissement,
1094,Laïa,,,,to_review,TRUE,,,,inactive;needs_review;missing_place_id;invalid_coordinates;invalid_or_missing_arrondissement,
1100,Le Jardin,,,,to_review,TRUE,,,,inactive;needs_review;missing_place_id;invalid_coordinates;invalid_or_missing_arrondissement,
1108,Monsieur Madame,,,,to_review,TRUE,,,,inactive;needs_review;missing_place_id;invalid_coordinates;invalid_or_missing_arrondissement,
1109,99 Sauvage,10,Paris,75010,closed,FALSE,ChIJOX5P0uJv5kcRc2reMbFG6Og,48.8746905,2.3551181,inactive,
1116,BaraNaan Street Food & Cocktail Bar,10,Paris,75010,closed,FALSE,ChIJd9_vwxFu5kcRuAuzCj4wRO0,48.8694999,2.3556981,inactive,
1117,Beng Beng,10,Paris,75010,closed,FALSE,ChIJIQmVzT9v5kcR7ExtMLBpyns,48.8800486,2.366787,inactive,
1118,Bichettes,10,Paris,75010,closed,FALSE,ChIJfyd_j6xv5kcRFvNDm2tAgPI,48.8717923,2.3666146,inactive,
1126,Boteco Lapa,10,Paris,75010,closed,FALSE,ChIJ___vzhVu5kcRxgVy7KJEoP8,48.8720357,2.3481374,inactive,
1128,The Little Italy,,,,to_review,TRUE,,,,inactive;needs_review;missing_place_id;invalid_coordinates;invalid_or_missing_arrondissement,
1134,Loulou,,,,to_review,TRUE,,,,inactive;needs_review;missing_place_id;invalid_coordinates;invalid_or_missing_arrondissement,
1136,Candide,10,Paris,75010,closed,FALSE,ChIJ2ecYL5Zt5kcRMw0AsXsPEGo,48.8744778,2.3736954,inactive,
1139,Chiche,10,Paris,75010,closed,FALSE,ChIJFahScA5u5kcRkc4O8jVHjEc,48.8708009,2.3588147,inactive,
1142,Da Graziella,10,Paris,75010,closed,FALSE,ChIJtwFH9hRu5kcRDuGPXvaEDVo,48.8738173,2.3498519,inactive,
1149,L'Altro,,,,to_review,TRUE,,,,inactive;needs_review;missing_place_id;invalid_coordinates;invalid_or_missing_arrondissement,
1154,ZinZin,,,,to_review,TRUE,,,,inactive;needs_review;missing_place_id;invalid_coordinates;invalid_or_missing_arrondissement,
1155,ABRI,,,,to_review,TRUE,,,,inactive;needs_review;missing_place_id;invalid_coordinates;invalid_or_missing_arrondissement,
1157,CheZaline,,,,to_review,TRUE,,,,inactive;needs_review;missing_place_id;invalid_coordinates;invalid_or_missing_arrondissement,
1161,La Datcha,,,,to_review,TRUE,,,,inactive;needs_review;missing_place_id;invalid_coordinates;invalid_or_missing_arrondissement,
1165,John Viande,10,Paris,75010,closed,FALSE,ChIJkQhy4hJu5kcRtbWAz3CSWk8,48.8745346,2.3543152,inactive,
1171,L'Avant-Poste (nouvellement Les Résistants - La Table),10,Paris,75010,closed,FALSE,ChIJrc-XjtZv5kcR4K4bFkqqAhU,48.8743651,2.3559726,inactive,
1176,La Pointe du Groin,10,Paris,75010,closed,FALSE,ChIJgcCWEwBv5kcR-c8NS3tJ8vs,48.8794857,2.3523529,inactive,
1180,Martin,,,,to_review,TRUE,,,,inactive;needs_review;missing_place_id;invalid_coordinates;invalid_or_missing_arrondissement,
1182,Chez Georges,,,,to_review,TRUE,,,,inactive;needs_review;missing_place_id;invalid_coordinates;invalid_or_missing_arrondissement,
1197,Maddy's,10,Paris,75010,closed,FALSE,ChIJlw8cpL1v5kcRGCpxddxIl9g,48.875214,2.3482258,inactive,
1198,Les Chouettes,,,,to_review,TRUE,,,,inactive;needs_review;missing_place_id;invalid_coordinates;invalid_or_missing_arrondissement,
1202,MARROW,10,Paris,75010,closed,FALSE,ChIJi7jFEw1u5kcRZ1BeMbt4uYc,48.8743883,2.3589068,inactive,
1204,Brutus Paris,,,,to_review,TRUE,,,,inactive;needs_review;missing_place_id;invalid_coordinates;invalid_or_missing_arrondissement,
1206,Roco Paris,,,,to_review,TRUE,,,,inactive;needs_review;missing_place_id;invalid_coordinates;invalid_or_missing_arrondissement,
1210,Restaurant FIEF,,,,to_review,TRUE,,,,inactive;needs_review;missing_place_id;invalid_coordinates;invalid_or_missing_arrondissement,
1213,Penny Lane,10,Paris,75010,closed,FALSE,ChIJqRWFzvhv5kcR9r8PvuWkwY0,48.8721288,2.3480223,inactive,
1220,Sezono,10,Paris,75010,closed,FALSE,ChIJodWmNz9t5kcRocfBPD8BH_I,48.8711966,2.3696749,inactive,
1221,Shouk,10,Paris,75010,closed,FALSE,ChIJLTFcrMFv5kcRMs6zfG-_AQQ,48.8721303,2.3626646,inactive,
1223,SMØR PARIS,10,Paris,75010,closed,FALSE,ChIJb342CiRv5kcR4SGmKCXWB-s,48.8756975,2.3484463,inactive,
1228,La Datcha,,,,to_review,TRUE,,,,inactive;needs_review;missing_place_id;invalid_coordinates;invalid_or_missing_arrondissement,
1230,To Restaurant Paris,10,Paris,75010,closed,FALSE,ChIJeTi_d79v5kcR594Dps69mFw,48.8714419,2.3644847,inactive,
1232,Tounsia,10,Paris,75010,closed,FALSE,ChIJRyUzT0Nv5kcRgT1WRU3cJEQ,48.8755906,2.3488055,inactive,
1235,Aki Boulangerie - Aki Café,,,,to_review,TRUE,,,,inactive;needs_review;missing_place_id;invalid_coordinates;invalid_or_missing_arrondissement,
1237,Brasserie Emil - Chateau Voltaire,,,,to_review,TRUE,,,,inactive;needs_review;missing_place_id;invalid_coordinates;invalid_or_missing_arrondissement,
1243,Café des Marronniers - Jardin des Tuileries,,,,to_review,TRUE,,,,inactive;needs_review;missing_place_id;invalid_coordinates;invalid_or_missing_arrondissement,
1245,BABINES,10,Paris,75010,closed,FALSE,ChIJedFMGWVv5kcRfuJSHaZHeOY,48.8722498,2.3585395,inactive,
1249,Dandy Kitchen - Hôtel Dandy,,,,to_review,TRUE,,,,inactive;needs_review;missing_place_id;invalid_coordinates;invalid_or_missing_arrondissement,
1254,Doki Doki – Handroll Bar,,,,to_review,TRUE,,,,inactive;needs_review;missing_place_id;invalid_coordinates;invalid_or_missing_arrondissement,
1267,Hakuba - Hôtel Cheval Blanc,,,,to_review,TRUE,,,,inactive;needs_review;missing_place_id;invalid_coordinates;invalid_or_missing_arrondissement,
1269,Achi,11,Paris,75011,closed,FALSE,ChIJiVn1-DNt5kcRE4c0mb5jPwo,48.8599565,2.3786456,inactive,
1272,Iovine's Louvre,,,,to_review,TRUE,,,,inactive;needs_review;missing_place_id;invalid_coordinates;invalid_or_missing_arrondissement,
1275,Au nouveau nez,20,Paris,75020,closed,FALSE,ChIJXSHjsolt5kcREeNsgBsFFS8,48.8571659,2.3988647,inactive,
1282,Bambini,,Paris,75116,active,FALSE,ChIJt9VeXGRv5kcRA7kQ-xGju00,48.8645866,2.2966748,invalid_or_missing_arrondissement,
1283,Banh Me Tender,10,Paris,75010,closed,FALSE,ChIJDUMOJ6Rt5kcR_OqE5iiVGa8,48.8703081,2.3705339,inactive,
1284,Bao Bakery,11,Paris,75011,closed,FALSE,ChIJ43WYQCZt5kcRB3B0cov1cjU,48.8566329,2.3721396,inactive,
1286,Little Baobei (@littlebaobeiparis) • Photos et vidéos Instagram,,,,to_review,TRUE,,,,inactive;needs_review;missing_place_id;invalid_coordinates;invalid_or_missing_arrondissement,
1292,Maison Plisson Saint Honoré,,,,to_review,TRUE,,,,inactive;needs_review;missing_place_id;invalid_coordinates;invalid_or_missing_arrondissement,
1293,Boteco Comptoir,11,Paris,75011,closed,FALSE,ChIJrfelqCNv5kcRVgJmIZ1pNLo,48.8650423,2.3663657,inactive,
1303,Café Mirabelle,11,Paris,75011,closed,FALSE,ChIJnwbcMPRt5kcR8SdLPHmgTEc,48.8584072,2.3849879,inactive,
1307,Samsun,,,,to_review,TRUE,,,,inactive;needs_review;missing_place_id;invalid_coordinates;invalid_or_missing_arrondissement,
1309,Chez Alfred Lao Cuisine,11,Paris,75011,closed,FALSE,ChIJLUSSkP9t5kcRzR1hw6eGLJ8,48.851855,2.378755,inactive,
1318,Compadre,10,Paris,75010,closed,FALSE,ChIJwdCIX3hv5kcRs5-4CDUET-w,48.8701382,2.3514252,inactive,
1335,Havanita,11,Paris,75011,closed,FALSE,ChIJM2AdzQBy5kcRdMXq_tKcHtE,48.8539745,2.3723012,inactive,
1338,JAJAJA,11,Paris,75011,closed,FALSE,ChIJ88pvczxt5kcR-Cn7xA2jNDY,48.8620951,2.3780524,inactive,
1347,Tzantza,,,,to_review,TRUE,,,,inactive;needs_review;missing_place_id;invalid_coordinates;invalid_or_missing_arrondissement,
1350,La Bagarre,11,Paris,75011,closed,FALSE,ChIJr6ATbsBt5kcRthft9lhhinM,48.8695184,2.3742915,inactive,
1356,Vero Dodat,,,,to_review,TRUE,,,,inactive;needs_review;missing_place_id;invalid_coordinates;invalid_or_missing_arrondissement,
1360,Yakiniku1129,,,,to_review,TRUE,,,,inactive;needs_review;missing_place_id;invalid_coordinates;invalid_or_missing_arrondissement,
1367,Le Petit Keller,11,Paris,75011,closed,FALSE,ChIJnRZ_vQdy5kcRrB83kAx8WUw,48.854349,2.376084,inactive,
1377,Zébulon,,,,to_review,TRUE,,,,inactive;needs_review;missing_place_id;invalid_coordinates;invalid_or_missing_arrondissement,
1382,L'Escargot Montorgueil,,,,to_review,TRUE,,,,inactive;needs_review;missing_place_id;invalid_coordinates;invalid_or_missing_arrondissement,
1385,Adora La Friterie Parisienne,,,,to_review,TRUE,,,,inactive;needs_review;missing_place_id;invalid_coordinates;invalid_or_missing_arrondissement,
1388,L’Assaggio - Hotel Castille,,,,to_review,TRUE,,,,inactive;needs_review;missing_place_id;invalid_coordinates;invalid_or_missing_arrondissement,
1391,Babylone Bis - Open Late by Night,,,,to_review,TRUE,,,,inactive;needs_review;missing_place_id;invalid_coordinates;invalid_or_missing_arrondissement,
1394,Bonchon,,,,to_review,TRUE,,,,inactive;needs_review;missing_place_id;invalid_coordinates;invalid_or_missing_arrondissement,
1400,"PAPO, Street food a moda portuguesa",11,Paris,75011,closed,FALSE,ChIJIV0rTh5z5kcRcnsYE_tNtU4,48.8505548,2.3833985,inactive,
1401,Bravo La fabrique de pâtes,,,,to_review,TRUE,,,,inactive;needs_review;missing_place_id;invalid_coordinates;invalid_or_missing_arrondissement,
1402,Caffè Stern,,,,to_review,TRUE,,,,inactive;needs_review;missing_place_id;invalid_coordinates;invalid_or_missing_arrondissement,
1405,Pianoterra,11,Paris,75011,closed,FALSE,ChIJZUvRtJBt5kcRjvcSsd7ppGk,48.8596844,2.375657,inactive,
1411,Cuties Burgers,,,,to_review,TRUE,,,,inactive;needs_review;missing_place_id;invalid_coordinates;invalid_or_missing_arrondissement,
1412,Robert,11,Paris,75011,closed,FALSE,ChIJUbORCeNt5kcRh4E5TPD1ZTk,48.8681097,2.3717946,inactive,
1419,Gruppomino - Italian,,,,to_review,TRUE,,,,inactive;needs_review;missing_place_id;invalid_coordinates;invalid_or_missing_arrondissement,
1420,Sélune,11,Paris,75011,closed,FALSE,ChIJK8dKkmdz5kcRpMT_BAxEji0,48.8505071,2.3872782,inactive,
1426,Tawlet Restaurant,11,Paris,75011,closed,FALSE,ChIJ9SzCHPpt5kcRS7bMoCnPfC0,48.8685708,2.3683088,inactive,
1430,Totuma - Cuisine Vénézuélienne - Paris 11,11,Paris,75011,closed,FALSE,ChIJvyYO5E5z5kcRgTr23HAwBbQ,48.853219,2.3904417,inactive,
1436,Hanabi - Hotel Hana,,,,to_review,TRUE,,,,inactive;needs_review;missing_place_id;invalid_coordinates;invalid_or_missing_arrondissement,
1437,Isana Panoramas,,,,to_review,TRUE,,,,inactive;needs_review;missing_place_id;invalid_coordinates;invalid_or_missing_arrondissement,
1443,Joia,,,,to_review,TRUE,,,,inactive;needs_review;missing_place_id;invalid_coordinates;invalid_or_missing_arrondissement,
1459,Jtépadi,,,,to_review,TRUE,,,,inactive;needs_review;missing_place_id;invalid_coordinates;invalid_or_missing_arrondissement,
1461,Dersou,12,Paris,75012,closed,FALSE,ChIJ7UU1igZy5kcR8-BrVw9FzmQ,48.8513995,2.374616,inactive,
1465,Karaage-Ya Bourse,,,,to_review,TRUE,,,,inactive;needs_review;missing_place_id;invalid_coordinates;invalid_or_missing_arrondissement,
1469,Le Chardonnay Comptoir,,,,to_review,TRUE,,,,inactive;needs_review;missing_place_id;invalid_coordinates;invalid_or_missing_arrondissement,
1471,Le Pont de Sichuan,,,,to_review,TRUE,,,,inactive;needs_review;missing_place_id;invalid_coordinates;invalid_or_missing_arrondissement,
1475,RHINO ROUGE,12,Paris,75012,closed,FALSE,ChIJAQDk9QVy5kcRsMGahWy10N8,48.8495517,2.3775672,inactive,
1477,Miss Bánh mì,,,,to_review,TRUE,,,,inactive;needs_review;missing_place_id;invalid_coordinates;invalid_or_missing_arrondissement,
1480,Mori Venice Bar,,,,to_review,TRUE,,,,inactive;needs_review;missing_place_id;invalid_coordinates;invalid_or_missing_arrondissement,
1483,Nomikaï,12,Paris,75012,closed,FALSE,ChIJAQBUDw5y5kcRzPA7nCWM_r8,48.8460269,2.382587,inactive,
1484,Mr Zhao,,,,to_review,TRUE,,,,inactive;needs_review;missing_place_id;invalid_coordinates;invalid_or_missing_arrondissement,
1488,Pouzenc,12,Paris,75012,closed,FALSE,ChIJ77xiIQRy5kcR0dja8ktZZlk,48.8503112,2.3736464,inactive,
1490,Ramen Bar,,,,to_review,TRUE,,,,inactive;needs_review;missing_place_id;invalid_coordinates;invalid_or_missing_arrondissement,
1495,Rivié - The Hoxton,,,,to_review,TRUE,,,,inactive;needs_review;missing_place_id;invalid_coordinates;invalid_or_missing_arrondissement,
1498,The Frog & Rosbif - Frogpubs,,,,to_review,TRUE,,,,inactive;needs_review;missing_place_id;invalid_coordinates;invalid_or_missing_arrondissement,
1503,Slice Pizza Club,,,,to_review,TRUE,,,,inactive;needs_review;missing_place_id;invalid_coordinates;invalid_or_missing_arrondissement,
1504,L'Atelier de l'Entrecôte et de la Volaille,,,,to_review,TRUE,,,,inactive;needs_review;missing_place_id;invalid_coordinates;invalid_or_missing_arrondissement,
1507,Boni's Pizzeria,,,,to_review,TRUE,,,,inactive;needs_review;missing_place_id;invalid_coordinates;invalid_or_missing_arrondissement,
1508,Āfóe,,,,to_review,TRUE,,,,inactive;needs_review;missing_place_id;invalid_coordinates;invalid_or_missing_arrondissement,
1509,Baba Marais,,,,to_review,TRUE,,,,inactive;needs_review;missing_place_id;invalid_coordinates;invalid_or_missing_arrondissement,
1510,Le Derrière,,,,to_review,TRUE,,,,inactive;needs_review;missing_place_id;invalid_coordinates;invalid_or_missing_arrondissement,
1511,Le Progres Marais Bar Tabac,,,,to_review,TRUE,,,,inactive;needs_review;missing_place_id;invalid_coordinates;invalid_or_missing_arrondissement,
1513,Roxo - Les Bains,,,,to_review,TRUE,,,,inactive;needs_review;missing_place_id;invalid_coordinates;invalid_or_missing_arrondissement,
1516,Trois Fois Plus De Piment Beaubourg,,,,to_review,TRUE,,,,inactive;needs_review;missing_place_id;invalid_coordinates;invalid_or_missing_arrondissement,
1517,Temple & Chapon - Experimental Marais,,,,to_review,TRUE,,,,inactive;needs_review;missing_place_id;invalid_coordinates;invalid_or_missing_arrondissement,
1520,Benoit Paris - Michelin Star French Restaurant in Paris,,,,to_review,TRUE,,,,inactive;needs_review;missing_place_id;invalid_coordinates;invalid_or_missing_arrondissement,
1526,Bonnie - So Paris,,,,to_review,TRUE,,,,inactive;needs_review;missing_place_id;invalid_coordinates;invalid_or_missing_arrondissement,
1528,Grandcoeur,,,,to_review,TRUE,,,,inactive;needs_review;missing_place_id;invalid_coordinates;invalid_or_missing_arrondissement,
1540,Le P’tit Mousse,,,,to_review,TRUE,,,,inactive;needs_review;missing_place_id;invalid_coordinates;invalid_or_missing_arrondissement,
1542,Ny Hav,13,Paris,75013,closed,FALSE,ChIJXT3hm9DoC0ER0jOoG75RUOo,48.8248643,2.3606553,inactive,
1543,Persillé - Comptoir à Viande,13,Paris,75013,closed,FALSE,ChIJ5YVgpyRy5kcRlgmfoWrb2hI,48.8307248,2.3749891,inactive,
1544,Ototo Sando,,,,to_review,TRUE,,,,inactive;needs_review;missing_place_id;invalid_coordinates;invalid_or_missing_arrondissement,
1545,Huîtrerie Poget & De Witte,,,,to_review,TRUE,,,,inactive;needs_review;missing_place_id;invalid_coordinates;invalid_or_missing_arrondissement,
1547,"Restaurant FOOD - Paris - Avis, réservez en ligne",,,,to_review,TRUE,,,,inactive;needs_review;missing_place_id;invalid_coordinates;invalid_or_missing_arrondissement,
1553,Atsushi Tanaka AT,,,,to_review,TRUE,,,,inactive;needs_review;missing_place_id;invalid_coordinates;invalid_or_missing_arrondissement,
1559,Bô Caribbean Bar,,,,to_review,TRUE,,,,inactive;needs_review;missing_place_id;invalid_coordinates;invalid_or_missing_arrondissement,
1561,Goa Beach,,,,to_review,TRUE,,,,inactive;needs_review;missing_place_id;invalid_coordinates;invalid_or_missing_arrondissement,
1565,kwon,14,Paris,75014,closed,FALSE,ChIJPcxxPrdx5kcRfl6u0bGK9Z4,48.832473,2.3296211,inactive,
1566,L'Arrière-Cuisine,14,Paris,75014,closed,FALSE,ChIJiWp67ztx5kcR1R3eHYYo95U,48.8335107,2.3239181,inactive,
1580,Hébé,,,,to_review,TRUE,,,,inactive;needs_review;missing_place_id;invalid_coordinates;invalid_or_missing_arrondissement,
1582,Ya Bayte,,,,to_review,TRUE,,,,inactive;needs_review;missing_place_id;invalid_coordinates;invalid_or_missing_arrondissement,
1583,Les Saveurs du Sichuan,14,Paris,75014,closed,FALSE,ChIJBanAuK1x5kcRirmClhRyCa8,48.8248825,2.3236935,inactive,
1584,Les Délices d’Aphrodite by Mavrommăτίs,,,,to_review,TRUE,,,,inactive;needs_review;missing_place_id;invalid_coordinates;invalid_or_missing_arrondissement,
1585,Abattoir Végétal (Vegan),,,,to_review,TRUE,,,,inactive;needs_review;missing_place_id;invalid_coordinates;invalid_or_missing_arrondissement,
1591,Pois Chic,14,Paris,75014,closed,FALSE,ChIJo82lGadx5kcR0LxoCLwT5CU,48.8355886,2.3181905,inactive,
1592,Blend - Odeon,,,,to_review,TRUE,,,,inactive;needs_review;missing_place_id;invalid_coordinates;invalid_or_missing_arrondissement,
1593,Solyles Alésia,14,Paris,75014,closed,FALSE,ChIJ46NMkJpx5kcRUKou9ta-gao,48.8295355,2.3215545,inactive,
1596,The Village Terrazza,14,Paris,75014,closed,FALSE,ChIJlxOkIo9x5kcRXB3CNGkArAc,48.8297916,2.3228933,inactive,
1598,Breizh Café - Odéon,,,,to_review,TRUE,,,,inactive;needs_review;missing_place_id;invalid_coordinates;invalid_or_missing_arrondissement,
1600,Codhouse,,,,to_review,TRUE,,,,inactive;needs_review;missing_place_id;invalid_coordinates;invalid_or_missing_arrondissement,
1608,Garcon !,,,,to_review,TRUE,,,,inactive;needs_review;missing_place_id;invalid_coordinates;invalid_or_missing_arrondissement,
1619,Grand beau,15,Paris,75015,closed,FALSE,ChIJ51wUsshx5kcR8770it104tA,48.8490055,2.2824534,inactive,
1623,Guy Savoy - Monnaie de Paris,,,,to_review,TRUE,,,,inactive;needs_review;missing_place_id;invalid_coordinates;invalid_or_missing_arrondissement,
1631,Judy -Gluten free,,,,to_review,TRUE,,,,inactive;needs_review;missing_place_id;invalid_coordinates;invalid_or_missing_arrondissement,
1633,Julieta La Casa,,,,to_review,TRUE,,,,inactive;needs_review;missing_place_id;invalid_coordinates;invalid_or_missing_arrondissement,
1636,Le Grand Venise,15,Paris,75015,closed,FALSE,ChIJ90NlwhRw5kcRozQudlWNoOs,48.8382566,2.2944793,inactive,
1644,Kodawari Yokocho,,,,to_review,TRUE,,,,inactive;needs_review;missing_place_id;invalid_coordinates;invalid_or_missing_arrondissement,
1646,L’estancot du Vieux Co,,,,to_review,TRUE,,,,inactive;needs_review;missing_place_id;invalid_coordinates;invalid_or_missing_arrondissement,
1649,Polichinelle,15,Paris,75015,closed,FALSE,ChIJZQO5a1lx5kcRDazpjvxkQGU,48.8508295,2.2844666,inactive,
1650,La Cremerie,,,,to_review,TRUE,,,,inactive;needs_review;missing_place_id;invalid_coordinates;invalid_or_missing_arrondissement,
1651,Le Camion Qui Fume - Odéon,,,,to_review,TRUE,,,,inactive;needs_review;missing_place_id;invalid_coordinates;invalid_or_missing_arrondissement,
1656,𝖮-𝖪𝗈𝗆𝖾́ 𝖮𝗇𝗂𝗀𝗂𝗋𝗂,,,,to_review,TRUE,,,,inactive;needs_review;missing_place_id;invalid_coordinates;invalid_or_missing_arrondissement,
1663,Orient Extrême,,,,to_review,TRUE,,,,inactive;needs_review;missing_place_id;invalid_coordinates;invalid_or_missing_arrondissement,
1667,Pierre Sang Express,,,,to_review,TRUE,,,,inactive;needs_review;missing_place_id;invalid_coordinates;invalid_or_missing_arrondissement,
1676,116 Pages,,Paris,75116,active,FALSE,ChIJP2mQP-lv5kcRboDw5NjFbwA,48.8709813,2.2963806,invalid_or_missing_arrondissement,
1677,Pimpan - Hôtel Dame de Arts,,,,to_review,TRUE,,,,inactive;needs_review;missing_place_id;invalid_coordinates;invalid_or_missing_arrondissement,
1681,Astrance,,Paris,75116,active,FALSE,ChIJ_QxhRv1v5kcRyxeqcySoeBQ,48.8650824,2.2898578,invalid_or_missing_arrondissement,
1684,BAEZ,,Paris,75116,closed,FALSE,ChIJB3_NE5Bv5kcR_QIXAa1gegQ,48.8702239,2.2848335,inactive;invalid_or_missing_arrondissement,
1685,Pub Saint-Germain,,,,to_review,TRUE,,,,inactive;needs_review;missing_place_id;invalid_coordinates;invalid_or_missing_arrondissement,
1688,Bistrot Paul Chêne,,Paris,75116,active,FALSE,ChIJSS9lWfpv5kcRlvHBDdMZmOg,48.8657333,2.2858583,invalid_or_missing_arrondissement,
1689,Bistrot Pergo,,Paris,75116,active,FALSE,ChIJyQKch_Rv5kcRhllWvUxGzmE,48.8751254,2.2836512,invalid_or_missing_arrondissement,
1690,Blanc,,Paris,75116,active,FALSE,ChIJ-We0YUpv5kcREptIC-71C_Y,48.8651283,2.2875706,invalid_or_missing_arrondissement,
1691,Specimen Burger,,,,to_review,TRUE,,,,inactive;needs_review;missing_place_id;invalid_coordinates;invalid_or_missing_arrondissement,
1695,Café Harcourt,,Paris,75116,active,FALSE,ChIJy9kbhldl5kcRw6saeXEhaNQ,48.8673967,2.2758632,invalid_or_missing_arrondissement,
1696,Carmona,,Paris,75116,closed,FALSE,ChIJfyIvayNv5kcRyVhVB22o-HU,48.8641263,2.2989862,inactive;invalid_or_missing_arrondissement,
1698,Cavalieri,,Paris,75116,closed,FALSE,ChIJoxqUycVv5kcRc3avnb-S5EQ,48.8595655,2.2787855,inactive;invalid_or_missing_arrondissement,
1699,Street Bangkok Odéon,,,,to_review,TRUE,,,,inactive;needs_review;missing_place_id;invalid_coordinates;invalid_or_missing_arrondissement,
1702,The Brasserie - Hotel des Grands Voyageurs,,,,to_review,TRUE,,,,inactive;needs_review;missing_place_id;invalid_coordinates;invalid_or_missing_arrondissement,
1703,DAROCO 16,16,Paris,75016,closed,FALSE,ChIJNWnagqBk5kcRaGzsLpzSCwA,48.8515461,2.2777272,inactive,
1705,Divina Empanada,,Paris,75116,active,FALSE,ChIJywCG5uhv5kcRD-fMbb1p_Os,48.8693212,2.2966743,invalid_or_missing_arrondissement,
1706,Tina Bar à Tapas,,,,to_review,TRUE,,,,inactive;needs_review;missing_place_id;invalid_coordinates;invalid_or_missing_arrondissement,
1707,Volver Bastille,,,,to_review,TRUE,,,,inactive;needs_review;missing_place_id;invalid_coordinates;invalid_or_missing_arrondissement,
1708,FEEL LING - Cantine,,Paris,75116,active,FALSE,ChIJH_mJdYJv5kcR9HhF1k9ZuyY,48.8712861,2.2919125,invalid_or_missing_arrondissement,
1710,Wajda,,,,to_review,TRUE,,,,inactive;needs_review;missing_place_id;invalid_coordinates;invalid_or_missing_arrondissement,
1711,Wani - Coffee Shop,,,,to_review,TRUE,,,,inactive;needs_review;missing_place_id;invalid_coordinates;invalid_or_missing_arrondissement,
1712,Izakaya Dassai by Yannick Alléno,,,,to_review,TRUE,,,,inactive;needs_review;missing_place_id;invalid_coordinates;invalid_or_missing_arrondissement,
1713,Il Cottage,,Paris,75116,active,FALSE,ChIJJSHUHVll5kcR8seJBpUwkeE,48.8705865,2.2752046,invalid_or_missing_arrondissement,
1714,L'Archeste,,Paris,75116,active,FALSE,ChIJKQ4LW_9v5kcRCw8nEuxkyOw,48.8617307,2.2780461,invalid_or_missing_arrondissement,
1723,LE FRANK,,Paris,75116,active,FALSE,ChIJDTo-QEJl5kcRnvQpWbJvDAg,48.8766587,2.2633535,invalid_or_missing_arrondissement,
1725,Casa Tua - J.K. Place,,,,to_review,TRUE,,,,inactive;needs_review;missing_place_id;invalid_coordinates;invalid_or_missing_arrondissement,
1726,Le Petit Rétro,,Paris,75116,active,FALSE,ChIJSa5av_Bv5kcRuxLkfzhPre0,48.8687918,2.2848688,invalid_or_missing_arrondissement,
1728,Les Jardins du Presbourg,,Paris,75116,active,FALSE,ChIJFYaILH5v5kcR5e2-iBo08us,48.8741556,2.2927199,invalid_or_missing_arrondissement,
1729,Gaya by Pierre Gagnaire,,,,to_review,TRUE,,,,inactive;needs_review;missing_place_id;invalid_coordinates;invalid_or_missing_arrondissement,
1730,Les Marches,,Paris,75116,active,FALSE,ChIJgWdK7eZv5kcRV7K408t5-Ec,48.8638964,2.2959123,invalid_or_missing_arrondissement,
1731,Les Petites Mains,,Paris,75116,active,FALSE,ChIJG95BUB1v5kcRJYAyMvPVlAU,48.8656072,2.2965343,invalid_or_missing_arrondissement,
1733,Little Bambou,,Paris,75116,active,FALSE,ChIJuRmunwtv5kcRiYY3G_vXTFA,48.8673047,2.2876879,invalid_or_missing_arrondissement,
1734,Lordy s Paris Club,,Paris,75116,active,FALSE,ChIJ-Q8-LHBv5kcRM3oOm-GlB4o,48.866381,2.289507,invalid_or_missing_arrondissement,
1735,Madison Caffe,,Paris,75116,active,FALSE,ChIJ7ztMLvll5kcRFQx_hrZfDOc,48.8583771,2.2732091,invalid_or_missing_arrondissement,
1736,Marzo 7ème,,,,to_review,TRUE,,,,inactive;needs_review;missing_place_id;invalid_coordinates;invalid_or_missing_arrondissement,
1737,Piero TT by Pierre Gagnaire,,,,to_review,TRUE,,,,inactive;needs_review;missing_place_id;invalid_coordinates;invalid_or_missing_arrondissement,
1740,Sonata Trattoria,,,,to_review,TRUE,,,,inactive;needs_review;missing_place_id;invalid_coordinates;invalid_or_missing_arrondissement,
1741,Masha,,Paris,75116,active,FALSE,ChIJd8owiw1v5kcRyMp7VBu3Sq0,48.8644408,2.288591,invalid_or_missing_arrondissement,
1742,NOMICOS,,Paris,75116,active,FALSE,ChIJxZgG1_Zv5kcR07nvyjrPAS4,48.8702882,2.2830139,invalid_or_missing_arrondissement,
1743,Unico Rive Droite,,,,to_review,TRUE,,,,inactive;needs_review;missing_place_id;invalid_coordinates;invalid_or_missing_arrondissement,
1745,Octave,,Paris,75116,closed,FALSE,ChIJ0ceOuhtv5kcRs4hvxXcuTWQ,48.866074,2.2870242,inactive;invalid_or_missing_arrondissement,
1747,Restaurant Pages,,Paris,75116,active,FALSE,ChIJQ6gX3jFv5kcRoGqtiEhHaWE,48.8709186,2.2961518,invalid_or_missing_arrondissement,
1748,Le Papa Ours,16,Paris,75016,closed,FALSE,ChIJ18vedm175kcRyuwPkfxH8Z0,48.840773,2.2646938,inactive,
1750,Piccolino Parigi,,Paris,75116,active,FALSE,ChIJcWyGjLpv5kcRm21noCFc0Rg,48.8691575,2.2900488,invalid_or_missing_arrondissement,
1752,Ponzu Paris 16,,Paris,75116,active,FALSE,ChIJNWeWmPpv5kcRX0_PxT4mzzI,48.8669459,2.2877794,invalid_or_missing_arrondissement,
1753,Alléno Paris by Yannick Alléno,,,,to_review,TRUE,,,,inactive;needs_review;missing_place_id;invalid_coordinates;invalid_or_missing_arrondissement,
1755,Giulio Rebellato,,Paris,75116,active,FALSE,ChIJ3cbxbfdv5kcRtPqqT09d6OQ,48.8685394,2.281715,invalid_or_missing_arrondissement,
1756,Brasserie Mollard,,,,to_review,TRUE,,,,inactive;needs_review;missing_place_id;invalid_coordinates;invalid_or_missing_arrondissement,
1758,Substance,,Paris,75116,active,FALSE,ChIJ1-NReNxv5kcR3yM08L3wXCA,48.8672869,2.2976604,invalid_or_missing_arrondissement,
1759,Cèna,,,,to_review,TRUE,,,,inactive;needs_review;missing_place_id;invalid_coordinates;invalid_or_missing_arrondissement,
1762,Waknine,,Paris,75116,active,FALSE,ChIJs1zYceZv5kcRrmSBZei6Inw,48.8655972,2.2953563,invalid_or_missing_arrondissement,
1763,Yoshi,,Paris,75116,active,FALSE,ChIJbTIB9uhv5kcRYI9RCKXkeTU,48.8687875,2.2976432,invalid_or_missing_arrondissement,
1765,Bistro Blandine,,Paris,75116,active,FALSE,ChIJIx3TzCRv5kcRo-HxuQ-26vM,48.868275,2.291364,invalid_or_missing_arrondissement,
1766,Margaux,,Paris,75116,active,FALSE,ChIJF8ajvYpv5kcR8UTZi99Tr7o,48.8641264,2.2989862,invalid_or_missing_arrondissement,
1767,Dos Almas - Melia Paris Villa Marquis,,,,to_review,TRUE,,,,inactive;needs_review;missing_place_id;invalid_coordinates;invalid_or_missing_arrondissement,
1773,Lulu's,,Paris,75116,active,FALSE,ChIJc8JR-upv5kcRJ9K6gdGu9Wc,48.8637658,2.2881517,invalid_or_missing_arrondissement,
1774,Forcciano,,Paris,75116,active,FALSE,ChIJU2Bh-_Fv5kcRy3lun8N1wrI,48.8647378,2.2911909,invalid_or_missing_arrondissement,
1775,Conti,,Paris,75116,active,FALSE,ChIJKeaUH_Bv5kcRzsRmxuIEAmM,48.8685348,2.2891247,invalid_or_missing_arrondissement,
1776,Etoile 1903,,,,to_review,TRUE,,,,inactive;needs_review;missing_place_id;invalid_coordinates;invalid_or_missing_arrondissement,
1780,Alamesa,17,Paris,75017,closed,FALSE,ChIJZ28ftyxv5kcRPdbseH-_j5o,48.8829889,2.3183288,inactive,
1783,Il Ristorante - Niko Romito - Bvlgari Hotel,,,,to_review,TRUE,,,,inactive;needs_review;missing_place_id;invalid_coordinates;invalid_or_missing_arrondissement,
1786,Bronx Pizzeria,17,Paris,75017,closed,FALSE,ChIJxbi0nGRv5kcRpDMajGkZJf0,48.8776976,2.2849089,inactive,
1788,CasAlegria,17,Paris,75017,closed,FALSE,ChIJ9zqg0Ztv5kcRUKDd1O2jtzE,48.8868939,2.3131822,inactive,
1791,Chez toto batignolles,17,Paris,75017,closed,FALSE,ChIJMSF7BZVv5kcR_VBLjeK6xpo,48.8857549,2.3198582,inactive,
1799,Faby,17,Paris,75017,closed,FALSE,ChIJJaQqC85v5kcRNTd4ALt1jns,48.8842495,2.2943869,inactive,
1804,Garni,17,Paris,75017,closed,FALSE,ChIJ2X2qsdBv5kcRzonq5h8LooU,48.8866066,2.3227251,inactive,
1806,KUKU,,,,to_review,TRUE,,,,inactive;needs_review;missing_place_id;invalid_coordinates;invalid_or_missing_arrondissement,
1816,La vague des batignolles,17,Paris,75017,closed,FALSE,ChIJFZcaz-1v5kcRbXe0oJN8rso,48.8844481,2.3192106,inactive,
1818,Le Bœuf Maillot,17,Paris,75017,closed,FALSE,ChIJgQf-Y4xv5kcRGITap3o8S4o,48.8804424,2.2857071,inactive,
1819,L'Abysse by Yannick Alléno,,,,to_review,TRUE,,,,inactive;needs_review;missing_place_id;invalid_coordinates;invalid_or_missing_arrondissement,
1820,Le Costaud des Batignolles,17,Paris,75017,closed,FALSE,ChIJx2y4Qa5v5kcRSJRPBhR98Dk,48.8884274,2.3175723,inactive,
1825,Les Françaises,17,Paris,75017,closed,FALSE,ChIJ-wSclK1v5kcRYSkRjZ2cmkQ,48.8878871,2.3204695,inactive,
1826,L'Envolée - La Demeure Montaigne,,,,to_review,TRUE,,,,inactive;needs_review;missing_place_id;invalid_coordinates;invalid_or_missing_arrondissement,
1830,La Brasserie Jaja,,,,to_review,TRUE,,,,inactive;needs_review;missing_place_id;invalid_coordinates;invalid_or_missing_arrondissement,
1834,La Chambre Bleue - Maison Delano,,,,to_review,TRUE,,,,inactive;needs_review;missing_place_id;invalid_coordinates;invalid_or_missing_arrondissement,
1842,La Scène by Stéphanie Le Quellec,,,,to_review,TRUE,,,,inactive;needs_review;missing_place_id;invalid_coordinates;invalid_or_missing_arrondissement,
1845,Restaurant Petit Gris,17,Paris,75017,closed,FALSE,ChIJualF1tBv5kcRTV1dJN2gvek,48.8842495,2.2943869,inactive,
1847,Laurier by mavrommăτίs,,,,to_review,TRUE,,,,inactive;needs_review;missing_place_id;invalid_coordinates;invalid_or_missing_arrondissement,
1857,Le Boccador,,,,to_review,TRUE,,,,inactive;needs_review;missing_place_id;invalid_coordinates;invalid_or_missing_arrondissement,
1861,Fricotin,17,Paris,75017,closed,FALSE,ChIJsZeDvpVv5kcRMa1QJslg5Es,48.8807521,2.2998853,inactive,
1862,Le George - Hotel Goerge V,,,,to_review,TRUE,,,,inactive;needs_review;missing_place_id;invalid_coordinates;invalid_or_missing_arrondissement,
1864,Les 3V,,,,to_review,TRUE,,,,inactive;needs_review;missing_place_id;invalid_coordinates;invalid_or_missing_arrondissement,
1872,Lily Wood - Hôtel Beauchamps,,,,to_review,TRUE,,,,inactive;needs_review;missing_place_id;invalid_coordinates;invalid_or_missing_arrondissement,
1874,Mamamia - Festive Restaurant,,,,to_review,TRUE,,,,inactive;needs_review;missing_place_id;invalid_coordinates;invalid_or_missing_arrondissement,
1875,LiTo Mexican Food,17,Paris,75017,closed,FALSE,ChIJVZ5hGbJv5kcRTnT_KcFdK2U,48.88611,2.319401,inactive,
1877,Miglia Del Papa,,,,to_review,TRUE,,,,inactive;needs_review;missing_place_id;invalid_coordinates;invalid_or_missing_arrondissement,
1878,Mimosa By Jean François Piège,,,,to_review,TRUE,,,,inactive;needs_review;missing_place_id;invalid_coordinates;invalid_or_missing_arrondissement,
1879,Népita - Hôtel Florida,,,,to_review,TRUE,,,,inactive;needs_review;missing_place_id;invalid_coordinates;invalid_or_missing_arrondissement,
1885,Nonos & Comestibles By Paul Pairet - Hôtel de Crillon,,,,to_review,TRUE,,,,inactive;needs_review;missing_place_id;invalid_coordinates;invalid_or_missing_arrondissement,
1888,Restaurant by Oma - Château des Fleurs,,,,to_review,TRUE,,,,inactive;needs_review;missing_place_id;invalid_coordinates;invalid_or_missing_arrondissement,
1891,Soon Grill Champs Elysées,,,,to_review,TRUE,,,,inactive;needs_review;missing_place_id;invalid_coordinates;invalid_or_missing_arrondissement,
1898,Bicoques,18,Paris,75018,closed,FALSE,ChIJCcbgU1Zv5kcR5J-niMIEA4g,48.8848051,2.3408118,inactive,
1902,SPHERE,,,,to_review,TRUE,,,,inactive;needs_review;missing_place_id;invalid_coordinates;invalid_or_missing_arrondissement,
1904,Superhuit,,,,to_review,TRUE,,,,inactive;needs_review;missing_place_id;invalid_coordinates;invalid_or_missing_arrondissement,
1907,Tio,,,,to_review,TRUE,,,,inactive;needs_review;missing_place_id;invalid_coordinates;invalid_or_missing_arrondissement,
1914,La Pagode de Cos - La Réserve,,,,to_review,TRUE,,,,inactive;needs_review;missing_place_id;invalid_coordinates;invalid_or_missing_arrondissement,
1918,Apu Sangucheria Peruana,,,,to_review,TRUE,,,,inactive;needs_review;missing_place_id;invalid_coordinates;invalid_or_missing_arrondissement,
1922,Chez Bob de Tunis,,,,to_review,TRUE,,,,inactive;needs_review;missing_place_id;invalid_coordinates;invalid_or_missing_arrondissement,
1923,Creime - Hotel Beige,,,,to_review,TRUE,,,,inactive;needs_review;missing_place_id;invalid_coordinates;invalid_or_missing_arrondissement,
1926,L'Arcane,18,Paris,75018,closed,FALSE,ChIJlWsmgVtu5kcRhBNCJZBoIoE,48.889402,2.342061,inactive,
1933,Faggio Rochechouart,,,,to_review,TRUE,,,,inactive;needs_review;missing_place_id;invalid_coordinates;invalid_or_missing_arrondissement,
1937,Le Bal Café par Le RECHO,18,Paris,75018,closed,FALSE,ChIJ74FwsjZv5kcRm2vLHlM5vtc,48.8852725,2.3273269,inactive,
1940,Golden Poppy by Dominique Crenn,,,,to_review,TRUE,,,,inactive;needs_review;missing_place_id;invalid_coordinates;invalid_or_missing_arrondissement,
1946,Isana Bourdaloue,,,,to_review,TRUE,,,,inactive;needs_review;missing_place_id;invalid_coordinates;invalid_or_missing_arrondissement,
1948,Les Inséparables,18,Paris,75018,closed,FALSE,ChIJWXYkPZZv5kcRPFpZOhxNMTc,48.890292,2.342152,inactive,
1949,Les Tantes Jeanne,18,Paris,75018,closed,FALSE,ChIJB-Udk09u5kcR_JJgqIhR2CM,48.8853132,2.3348346,inactive,
1959,L'Evadé,,,,to_review,TRUE,,,,inactive;needs_review;missing_place_id;invalid_coordinates;invalid_or_missing_arrondissement,
1960,Le Richer,,,,to_review,TRUE,,,,inactive;needs_review;missing_place_id;invalid_coordinates;invalid_or_missing_arrondissement,
1962,Madonna  Osteria,,,,to_review,TRUE,,,,inactive;needs_review;missing_place_id;invalid_coordinates;invalid_or_missing_arrondissement,
1963,Mesa - Hotel Hoy,,,,to_review,TRUE,,,,inactive;needs_review;missing_place_id;invalid_coordinates;invalid_or_missing_arrondissement,
1970,Mian Fan Grands Boulevards,,,,to_review,TRUE,,,,inactive;needs_review;missing_place_id;invalid_coordinates;invalid_or_missing_arrondissement,
1971,Vava,18,Paris,75018,closed,FALSE,ChIJ__-7kk9u5kcR_HD2zjGtukU,48.8853004,2.334793,inactive,
1972,L'Arpaon,18,Paris,75018,closed,FALSE,ChIJr35dgspv5kcR5gpfvpvZbZQ,48.8944189,2.3401699,inactive,
1975,Nana Smash Burgers,,,,to_review,TRUE,,,,inactive;needs_review;missing_place_id;invalid_coordinates;invalid_or_missing_arrondissement,
1983,bistrotto,18,Paris,75018,closed,FALSE,ChIJHYFZqlRv5kcRFIk1U83yDR0,48.890132,2.3390015,inactive,
1986,Oh My Dog !,,,,to_review,TRUE,,,,inactive;needs_review;missing_place_id;invalid_coordinates;invalid_or_missing_arrondissement,
1990,Papilles Coffeehouse & Restaurant,,,,to_review,TRUE,,,,inactive;needs_review;missing_place_id;invalid_coordinates;invalid_or_missing_arrondissement,
1992,Pepe Ronchon,,,,to_review,TRUE,,,,inactive;needs_review;missing_place_id;invalid_coordinates;invalid_or_missing_arrondissement,
1993,Père et Fish,,,,to_review,TRUE,,,,inactive;needs_review;missing_place_id;invalid_coordinates;invalid_or_missing_arrondissement,
2009,Tintamarre,19,Paris,75019,closed,FALSE,ChIJ32CzRQBt5kcRwDsu8gMgDnE,48.8847137,2.3782097,inactive,
2010,Pétrelle,,,,to_review,TRUE,,,,inactive;needs_review;missing_place_id;invalid_coordinates;invalid_or_missing_arrondissement,
2011,Season Martyrs,,,,to_review,TRUE,,,,inactive;needs_review;missing_place_id;invalid_coordinates;invalid_or_missing_arrondissement,
2026,Dong Fa,20,Paris,75020,closed,FALSE,ChIJyYUZJuZt5kcRM_esWinHrfA,48.8725666,2.3795194,inactive,
2027,Fripon Paris,20,Paris,75020,closed,FALSE,ChIJ5yfAn6tt5kcRx3t7NImiYSo,48.8694816,2.3934393,inactive,
2031,Sucrepice - Lafayette,,,,to_review,TRUE,,,,inactive;needs_review;missing_place_id;invalid_coordinates;invalid_or_missing_arrondissement,
2032,Yum Saké Bar,,,,to_review,TRUE,,,,inactive;needs_review;missing_place_id;invalid_coordinates;invalid_or_missing_arrondissement,
2033,À la Vierge de la Réunion,20,Paris,75020,closed,FALSE,ChIJ8af89odt5kcREhNbKbhimSw,48.8552109,2.401596,inactive,
2040,Mino,20,Paris,75020,closed,FALSE,ChIJERHAsYxt5kcRyGq2DHftySM,48.867948,2.3870277,inactive,
2041,Hono,,,,to_review,TRUE,,,,inactive;needs_review;missing_place_id;invalid_coordinates;invalid_or_missing_arrondissement,
2042,(V)ivre,,,,to_review,TRUE,,,,inactive;needs_review;missing_place_id;invalid_coordinates;invalid_or_missing_arrondissement,
2044,Petit Navire,20,Paris,75020,closed,FALSE,ChIJ2WLFNxFt5kcRydLCu-DrYRI,48.871799,2.382624,inactive,
2046,Restaurant Sadarnac,20,Paris,75020,closed,FALSE,ChIJz6_kpS5t5kcRNFr8uIUUcdo,48.8595268,2.4051714,inactive,
2047,Santa Silvia,20,Paris,75020,closed,FALSE,ChIJFfm5b7Bt5kcRDkdWNpYbiQI,48.8580725,2.3969941,inactive,
2049,Bouillon Chartier - Gare de l'Est,,,,to_review,TRUE,,,,inactive;needs_review;missing_place_id;invalid_coordinates;invalid_or_missing_arrondissement,
2052,YO' Mac And Cheese,20,Paris,75020,closed,FALSE,ChIJL6zNsatt5kcR1Fc2IzuwssY,48.8632231,2.3893007,inactive,
2055,Café Les Deux Gares - Hôtel Les Deux Gares,,,,to_review,TRUE,,,,inactive;needs_review;missing_place_id;invalid_coordinates;invalid_or_missing_arrondissement,
2056,Dumbo Petites Ecuries,,,,to_review,TRUE,,,,inactive;needs_review;missing_place_id;invalid_coordinates;invalid_or_missing_arrondissement,
2057,Faubourg Daimant (Vegeterian),,,,to_review,TRUE,,,,inactive;needs_review;missing_place_id;invalid_coordinates;invalid_or_missing_arrondissement,
2058,Gumbo Yaya Chicken And Waffles,,,,to_review,TRUE,,,,inactive;needs_review;missing_place_id;invalid_coordinates;invalid_or_missing_arrondissement,
2059,Le 52 Faubourg Saint Denis,,,,to_review,TRUE,,,,inactive;needs_review;missing_place_id;invalid_coordinates;invalid_or_missing_arrondissement,
2060,Maison Calibré,,,,to_review,TRUE,,,,inactive;needs_review;missing_place_id;invalid_coordinates;invalid_or_missing_arrondissement,
2061,Mulko Bikini Burger Joint,,,,to_review,TRUE,,,,inactive;needs_review;missing_place_id;invalid_coordinates;invalid_or_missing_arrondissement,
2062,Ozlem Doner,,,,to_review,TRUE,,,,inactive;needs_review;missing_place_id;invalid_coordinates;invalid_or_missing_arrondissement,
2063,Tasty Trip Paris 20,,,,to_review,TRUE,,,,inactive;needs_review;missing_place_id;invalid_coordinates;invalid_or_missing_arrondissement,
2064,Viande & Chef,,,,to_review,TRUE,,,,inactive;needs_review;missing_place_id;invalid_coordinates;invalid_or_missing_arrondissement,
2065,YAFO,,,,to_review,TRUE,,,,inactive;needs_review;missing_place_id;invalid_coordinates;invalid_or_missing_arrondissement,
2066,Iné,,,,to_review,TRUE,,,,inactive;needs_review;missing_place_id;invalid_coordinates;invalid_or_missing_arrondissement,
2067,Tonton Bánh Mì,,,,to_review,TRUE,,,,inactive;needs_review;missing_place_id;invalid_coordinates;invalid_or_missing_arrondissement,
2068,Our Kebab,,,,to_review,TRUE,,,,inactive;needs_review;missing_place_id;invalid_coordinates;invalid_or_missing_arrondissement,
2069,#ERROR!,,,,to_review,TRUE,,,,inactive;needs_review;missing_place_id;invalid_coordinates;invalid_or_missing_arrondissement,
2070,Amâlia,,,,to_review,TRUE,,,,inactive;needs_review;missing_place_id;invalid_coordinates;invalid_or_missing_arrondissement,
2071,Cavalier - Open Late By Night,,,,to_review,TRUE,,,,inactive;needs_review;missing_place_id;invalid_coordinates;invalid_or_missing_arrondissement,
2072,L'Ecailler du Bistrot – Coquillages et crustacés Cadoret à Paris,,,,to_review,TRUE,,,,inactive;needs_review;missing_place_id;invalid_coordinates;invalid_or_missing_arrondissement,
2073,La Mésita - Hôtel La Finca,,,,to_review,TRUE,,,,inactive;needs_review;missing_place_id;invalid_coordinates;invalid_or_missing_arrondissement,
2074,Le Camion Qui Fume Oberkampf,,,,to_review,TRUE,,,,inactive;needs_review;missing_place_id;invalid_coordinates;invalid_or_missing_arrondissement,
2075,Les Œillets,,,,to_review,TRUE,,,,inactive;needs_review;missing_place_id;invalid_coordinates;invalid_or_missing_arrondissement,
2076,Maison Sota Atsumi,,,,to_review,TRUE,,,,inactive;needs_review;missing_place_id;invalid_coordinates;invalid_or_missing_arrondissement,
2077,MELT (@melt.paris) • Photos et vidéos Instagram,,,,to_review,TRUE,,,,inactive;needs_review;missing_place_id;invalid_coordinates;invalid_or_missing_arrondissement,
2078,Mon Coco République,,,,to_review,TRUE,,,,inactive;needs_review;missing_place_id;invalid_coordinates;invalid_or_missing_arrondissement,
2079,Nonette Banh Mi,,,,to_review,TRUE,,,,inactive;needs_review;missing_place_id;invalid_coordinates;invalid_or_missing_arrondissement,
2080,Pássarito,,,,to_review,TRUE,,,,inactive;needs_review;missing_place_id;invalid_coordinates;invalid_or_missing_arrondissement,
2081,Rhezome,,,,to_review,TRUE,,,,inactive;needs_review;missing_place_id;invalid_coordinates;invalid_or_missing_arrondissement,
2082,Season Amelot,,,,to_review,TRUE,,,,inactive;needs_review;missing_place_id;invalid_coordinates;invalid_or_missing_arrondissement,
2083,YARD Mont-Louis,,,,to_review,TRUE,,,,inactive;needs_review;missing_place_id;invalid_coordinates;invalid_or_missing_arrondissement,
2084,Bomaye 2,,,,to_review,TRUE,,,,inactive;needs_review;missing_place_id;invalid_coordinates;invalid_or_missing_arrondissement,
2085,Boucherie les Provinces,,,,to_review,TRUE,,,,inactive;needs_review;missing_place_id;invalid_coordinates;invalid_or_missing_arrondissement,
2086,Le 164 - Tous un peu sauvage,,,,to_review,TRUE,,,,inactive;needs_review;missing_place_id;invalid_coordinates;invalid_or_missing_arrondissement,
2087,Restaurant Liberty's Burger Aligre (75012 Paris) - Newtable.com,,,,to_review,TRUE,,,,inactive;needs_review;missing_place_id;invalid_coordinates;invalid_or_missing_arrondissement,
2088,Mi Peru,,,,to_review,TRUE,,,,inactive;needs_review;missing_place_id;invalid_coordinates;invalid_or_missing_arrondissement,
2089,Nous 4,,,,to_review,TRUE,,,,inactive;needs_review;missing_place_id;invalid_coordinates;invalid_or_missing_arrondissement,
2090,Restaurant Tomette in Paris - Le Fooding®,,,,to_review,TRUE,,,,inactive;needs_review;missing_place_id;invalid_coordinates;invalid_or_missing_arrondissement,
2091,Shan Gout,,,,to_review,TRUE,,,,inactive;needs_review;missing_place_id;invalid_coordinates;invalid_or_missing_arrondissement,
2092,La Terrasse des Métiers · Brasserie parisienne,,,,to_review,TRUE,,,,inactive;needs_review;missing_place_id;invalid_coordinates;invalid_or_missing_arrondissement,
2093,Poisson Lune Ephemere,,,,to_review,TRUE,,,,inactive;needs_review;missing_place_id;invalid_coordinates;invalid_or_missing_arrondissement,
2094,Ariette - Pullman Paris Centre-Bercy,,,,to_review,TRUE,,,,inactive;needs_review;missing_place_id;invalid_coordinates;invalid_or_missing_arrondissement,
2095,Salvage,,,,to_review,TRUE,,,,inactive;needs_review;missing_place_id;invalid_coordinates;invalid_or_missing_arrondissement,
2096,Le 138 - Tous un peu sauvage,,,,to_review,TRUE,,,,inactive;needs_review;missing_place_id;invalid_coordinates;invalid_or_missing_arrondissement,
2097,Leonie Bakery Reuilly,,,,to_review,TRUE,,,,inactive;needs_review;missing_place_id;invalid_coordinates;invalid_or_missing_arrondissement,
2098,Banh Mi 88,,,,to_review,TRUE,,,,inactive;needs_review;missing_place_id;invalid_coordinates;invalid_or_missing_arrondissement,
2099,Iconik - Food Court,,,,to_review,TRUE,,,,inactive;needs_review;missing_place_id;invalid_coordinates;invalid_or_missing_arrondissement,
2100,Ngọc Xuyến Sài Gòn,,,,to_review,TRUE,,,,inactive;needs_review;missing_place_id;invalid_coordinates;invalid_or_missing_arrondissement,
2101,Pho 14 - Chinatown,,,,to_review,TRUE,,,,inactive;needs_review;missing_place_id;invalid_coordinates;invalid_or_missing_arrondissement,
2102,Pho Tai,,,,to_review,TRUE,,,,inactive;needs_review;missing_place_id;invalid_coordinates;invalid_or_missing_arrondissement,
2103,Ristorante Venezia,,,,to_review,TRUE,,,,inactive;needs_review;missing_place_id;invalid_coordinates;invalid_or_missing_arrondissement,
2104,Dokkebi,,,,to_review,TRUE,,,,inactive;needs_review;missing_place_id;invalid_coordinates;invalid_or_missing_arrondissement,
2105,Les Cantines du Troquet Pernety,,,,to_review,TRUE,,,,inactive;needs_review;missing_place_id;invalid_coordinates;invalid_or_missing_arrondissement,
2106,Les Petits Plats,,,,to_review,TRUE,,,,inactive;needs_review;missing_place_id;invalid_coordinates;invalid_or_missing_arrondissement,
2107,Mom's,,,,to_review,TRUE,,,,inactive;needs_review;missing_place_id;invalid_coordinates;invalid_or_missing_arrondissement,
2108,Restaurant la Verrière - Niepce Hotel,,,,to_review,TRUE,,,,inactive;needs_review;missing_place_id;invalid_coordinates;invalid_or_missing_arrondissement,
2109,Le Borromee,,,,to_review,TRUE,,,,inactive;needs_review;missing_place_id;invalid_coordinates;invalid_or_missing_arrondissement,
2110,Le Capitaine M,,,,to_review,TRUE,,,,inactive;needs_review;missing_place_id;invalid_coordinates;invalid_or_missing_arrondissement,
2111,Mille Grazie - Hôtel Madrigal,,,,to_review,TRUE,,,,inactive;needs_review;missing_place_id;invalid_coordinates;invalid_or_missing_arrondissement,
2112,Neige d'ete,,,,to_review,TRUE,,,,inactive;needs_review;missing_place_id;invalid_coordinates;invalid_or_missing_arrondissement,
2113,Rhodia @ Musée Bourdelle,,,,to_review,TRUE,,,,inactive;needs_review;missing_place_id;invalid_coordinates;invalid_or_missing_arrondissement,
2114,CC 142,,,,to_review,TRUE,,,,inactive;needs_review;missing_place_id;invalid_coordinates;invalid_or_missing_arrondissement,
2115,La Bonne Table - Kraft Hôtel,,,,to_review,TRUE,,,,inactive;needs_review;missing_place_id;invalid_coordinates;invalid_or_missing_arrondissement,
2116,Bellefeuille - Saint James,,,,to_review,TRUE,,,,inactive;needs_review;missing_place_id;invalid_coordinates;invalid_or_missing_arrondissement,
2117,Brasserie Paris Longchamp,,,,to_review,TRUE,,,,inactive;needs_review;missing_place_id;invalid_coordinates;invalid_or_missing_arrondissement,
2118,Chez Cézanne,,,,to_review,TRUE,,,,inactive;needs_review;missing_place_id;invalid_coordinates;invalid_or_missing_arrondissement,
2119,Crucial,,,,to_review,TRUE,,,,inactive;needs_review;missing_place_id;invalid_coordinates;invalid_or_missing_arrondissement,
2120,Don Juan II - Cruise by Frédéric Anton,,,,to_review,TRUE,,,,inactive;needs_review;missing_place_id;invalid_coordinates;invalid_or_missing_arrondissement,
2121,Huitres et Saumons de Passy,,,,to_review,TRUE,,,,inactive;needs_review;missing_place_id;invalid_coordinates;invalid_or_missing_arrondissement,
2122,Le Paris 16,,,,to_review,TRUE,,,,inactive;needs_review;missing_place_id;invalid_coordinates;invalid_or_missing_arrondissement,
2123,Les Jardins du Raphael - Hotel Raphael Paris - Seasonal,,,,to_review,TRUE,,,,inactive;needs_review;missing_place_id;invalid_coordinates;invalid_or_missing_arrondissement,
2124,Maison Russe,,,,to_review,TRUE,,,,inactive;needs_review;missing_place_id;invalid_coordinates;invalid_or_missing_arrondissement,
2125,Maku,,,,to_review,TRUE,,,,inactive;needs_review;missing_place_id;invalid_coordinates;invalid_or_missing_arrondissement,
2126,Marzo 16,,,,to_review,TRUE,,,,inactive;needs_review;missing_place_id;invalid_coordinates;invalid_or_missing_arrondissement,
2127,Rooftop Molitor,,,,to_review,TRUE,,,,inactive;needs_review;missing_place_id;invalid_coordinates;invalid_or_missing_arrondissement,
2128,Auberge Le Mouton blanc,,,,to_review,TRUE,,,,inactive;needs_review;missing_place_id;invalid_coordinates;invalid_or_missing_arrondissement,
2129,Bistrot des Dames - Hôtel L'Eldorado,,,,to_review,TRUE,,,,inactive;needs_review;missing_place_id;invalid_coordinates;invalid_or_missing_arrondissement,
2130,Hoba - Food Court,,,,to_review,TRUE,,,,inactive;needs_review;missing_place_id;invalid_coordinates;invalid_or_missing_arrondissement,
2131,Le Boeuf Volant,,,,to_review,TRUE,,,,inactive;needs_review;missing_place_id;invalid_coordinates;invalid_or_missing_arrondissement,
2132,Ménélik,,,,to_review,TRUE,,,,inactive;needs_review;missing_place_id;invalid_coordinates;invalid_or_missing_arrondissement,
2133,Ô Divin,,,,to_review,TRUE,,,,inactive;needs_review;missing_place_id;invalid_coordinates;invalid_or_missing_arrondissement,
2134,Québecium,,,,to_review,TRUE,,,,inactive;needs_review;missing_place_id;invalid_coordinates;invalid_or_missing_arrondissement,
2135,Vive - Maison Mer - Le Quellec,,,,to_review,TRUE,,,,inactive;needs_review;missing_place_id;invalid_coordinates;invalid_or_missing_arrondissement,
2136,Homard & Boeuf,,,,to_review,TRUE,,,,inactive;needs_review;missing_place_id;invalid_coordinates;invalid_or_missing_arrondissement,
2137,Pétrus,,,,to_review,TRUE,,,,inactive;needs_review;missing_place_id;invalid_coordinates;invalid_or_missing_arrondissement,
2138,La Fondation - Hotel La Fondation,,,,to_review,TRUE,,,,inactive;needs_review;missing_place_id;invalid_coordinates;invalid_or_missing_arrondissement,
2139,a.lea,,,,to_review,TRUE,,,,inactive;needs_review;missing_place_id;invalid_coordinates;invalid_or_missing_arrondissement,
2140,Boulom,,,,to_review,TRUE,,,,inactive;needs_review;missing_place_id;invalid_coordinates;invalid_or_missing_arrondissement,
2141,Buffet Local,,,,to_review,TRUE,,,,inactive;needs_review;missing_place_id;invalid_coordinates;invalid_or_missing_arrondissement,
2142,Café Les Fistons,,,,to_review,TRUE,,,,inactive;needs_review;missing_place_id;invalid_coordinates;invalid_or_missing_arrondissement,
2143,etsi,,,,to_review,TRUE,,,,inactive;needs_review;missing_place_id;invalid_coordinates;invalid_or_missing_arrondissement,
2144,Gloria Montmartre,,,,to_review,TRUE,,,,inactive;needs_review;missing_place_id;invalid_coordinates;invalid_or_missing_arrondissement,
2145,La Main Noire Lab & Coffee Shop,,,,to_review,TRUE,,,,inactive;needs_review;missing_place_id;invalid_coordinates;invalid_or_missing_arrondissement,
2146,Le Café Renoir,,,,to_review,TRUE,,,,inactive;needs_review;missing_place_id;invalid_coordinates;invalid_or_missing_arrondissement,
2147,Les cinq marches,,,,to_review,TRUE,,,,inactive;needs_review;missing_place_id;invalid_coordinates;invalid_or_missing_arrondissement,
2148,Séveste,,,,to_review,TRUE,,,,inactive;needs_review;missing_place_id;invalid_coordinates;invalid_or_missing_arrondissement,
2149,Signature Montmartre,,,,to_review,TRUE,,,,inactive;needs_review;missing_place_id;invalid_coordinates;invalid_or_missing_arrondissement,
2150,Trébon,,,,to_review,TRUE,,,,inactive;needs_review;missing_place_id;invalid_coordinates;invalid_or_missing_arrondissement,
2151,Hôtel Particulier Montmartre,,,,to_review,TRUE,,,,inactive;needs_review;missing_place_id;invalid_coordinates;invalid_or_missing_arrondissement,
2152,Capitale,,,,to_review,TRUE,,,,inactive;needs_review;missing_place_id;invalid_coordinates;invalid_or_missing_arrondissement,
2153,La Belle Pizze - Hotel La Belle Ville,,,,to_review,TRUE,,,,inactive;needs_review;missing_place_id;invalid_coordinates;invalid_or_missing_arrondissement,
2154,La Bicyclette Bistro,,,,to_review,TRUE,,,,inactive;needs_review;missing_place_id;invalid_coordinates;invalid_or_missing_arrondissement,
2155,Trattoria La Rotonde Stalingrad,,,,to_review,TRUE,,,,inactive;needs_review;missing_place_id;invalid_coordinates;invalid_or_missing_arrondissement,
2156,Ventrus avec Vue,,,,to_review,TRUE,,,,inactive;needs_review;missing_place_id;invalid_coordinates;invalid_or_missing_arrondissement,
2157,La Popotiere,,,,to_review,TRUE,,,,inactive;needs_review;missing_place_id;invalid_coordinates;invalid_or_missing_arrondissement,
2158,Mon Coeur Belleville,,,,to_review,TRUE,,,,inactive;needs_review;missing_place_id;invalid_coordinates;invalid_or_missing_arrondissement,
2159,Paloma Belleville,,,,to_review,TRUE,,,,inactive;needs_review;missing_place_id;invalid_coordinates;invalid_or_missing_arrondissement,
2160,Aki Café - Paris 2 - Japanese,,,,to_review,TRUE,,,,inactive;needs_review;missing_place_id;invalid_coordinates;invalid_or_missing_arrondissement,
2161,Banh Mi Descartes - Paris 5 - Vietnamese,,,,to_review,TRUE,,,,inactive;needs_review;missing_place_id;invalid_coordinates;invalid_or_missing_arrondissement,
2162,COT COT - Paris 9 & 15 - Fried Chicken & Burgers,,,,to_review,TRUE,,,,inactive;needs_review;missing_place_id;invalid_coordinates;invalid_or_missing_arrondissement,
2163,Ducasse chez Moi - Paris 1 - French,,,,to_review,TRUE,,,,inactive;needs_review;missing_place_id;invalid_coordinates;invalid_or_missing_arrondissement,
2164,Mon Beau Poulet - Paris 8 - Roast Chicken,,,,to_review,TRUE,,,,inactive;needs_review;missing_place_id;invalid_coordinates;invalid_or_missing_arrondissement,
2165,Piou Piou - Paris10 - French,,,,to_review,TRUE,,,,inactive;needs_review;missing_place_id;invalid_coordinates;invalid_or_missing_arrondissement,
2166,Puccia Food Truck - Italian,,,,to_review,TRUE,,,,inactive;needs_review;missing_place_id;invalid_coordinates;invalid_or_missing_arrondissement,
2167,4m2 - Paris 3,,,,to_review,TRUE,,,,inactive;needs_review;missing_place_id;invalid_coordinates;invalid_or_missing_arrondissement,
2168,Via Roma - Pizza al Taglio - Paris 17,,,,to_review,TRUE,,,,inactive;needs_review;missing_place_id;invalid_coordinates;invalid_or_missing_arrondissement,
2169,Baldoria - Pizza Al Taglio,,,,to_review,TRUE,,,,inactive;needs_review;missing_place_id;invalid_coordinates;invalid_or_missing_arrondissement,
2170,Pizza Del Popolo - Pizza - Paris 17,,,,to_review,TRUE,,,,inactive;needs_review;missing_place_id;invalid_coordinates;invalid_or_missing_arrondissement,
2171,Grilled Cheese Factory - Paris 15,,,,to_review,TRUE,,,,inactive;needs_review;missing_place_id;invalid_coordinates;invalid_or_missing_arrondissement,
2172,PIN-PAN - Argentinian - Paris 9,,,,to_review,TRUE,,,,inactive;needs_review;missing_place_id;invalid_coordinates;invalid_or_missing_arrondissement,
2173,Mezzencore - Lebanese - Paris 17,,,,to_review,TRUE,,,,inactive;needs_review;missing_place_id;invalid_coordinates;invalid_or_missing_arrondissement,
2174,Up To You - 78180 Montigny-le-Bretonneux,,,,to_review,TRUE,,,,inactive;needs_review;missing_place_id;invalid_coordinates;invalid_or_missing_arrondissement,
2175,Amalthée - 92100 Boulogne-Billancourt,,,,to_review,TRUE,,,,inactive;needs_review;missing_place_id;invalid_coordinates;invalid_or_missing_arrondissement,
2176,Aname District - 92200 Neuilly-Sur-Seine,,,,to_review,TRUE,,,,inactive;needs_review;missing_place_id;invalid_coordinates;invalid_or_missing_arrondissement,
2177,Aqua - 92150 Suresnes,,,,to_review,TRUE,,,,inactive;needs_review;missing_place_id;invalid_coordinates;invalid_or_missing_arrondissement,
2178,Arsène - 93100 Montreuil,,,,to_review,TRUE,,,,inactive;needs_review;missing_place_id;invalid_coordinates;invalid_or_missing_arrondissement,
2179,Ashiana - 92200 Neuilly-sur-Seine,,,,to_review,TRUE,,,,inactive;needs_review;missing_place_id;invalid_coordinates;invalid_or_missing_arrondissement,
2180,Au Cœur de la Forêt - 95160 Montmorency,,,,to_review,TRUE,,,,inactive;needs_review;missing_place_id;invalid_coordinates;invalid_or_missing_arrondissement,
2181,Au Père Lapin - 92150 Suresnes,,,,to_review,TRUE,,,,inactive;needs_review;missing_place_id;invalid_coordinates;invalid_or_missing_arrondissement,
2182,Auberge des 3 hameaux - Vallée de Chevreuse - 78460 Choisel,,,,to_review,TRUE,,,,inactive;needs_review;missing_place_id;invalid_coordinates;invalid_or_missing_arrondissement,
2183,Barbezingue - 92320 Chatillon,,,,to_review,TRUE,,,,inactive;needs_review;missing_place_id;invalid_coordinates;invalid_or_missing_arrondissement,
2184,BIRD - 91330 Yerres,,,,to_review,TRUE,,,,inactive;needs_review;missing_place_id;invalid_coordinates;invalid_or_missing_arrondissement,
2185,Bistrot Papapool - 92140 Clamart,,,,to_review,TRUE,,,,inactive;needs_review;missing_place_id;invalid_coordinates;invalid_or_missing_arrondissement,
2186,Quai Ouest - 92210 Saint-Cloud,,,,to_review,TRUE,,,,inactive;needs_review;missing_place_id;invalid_coordinates;invalid_or_missing_arrondissement,
2187,Bonne Aventure - 93400 Saint-Ouen,,,,to_review,TRUE,,,,inactive;needs_review;missing_place_id;invalid_coordinates;invalid_or_missing_arrondissement,
2188,Bonnotte - 92100 Boulogne-Billancourt,,,,to_review,TRUE,,,,inactive;needs_review;missing_place_id;invalid_coordinates;invalid_or_missing_arrondissement,
2189,Brasserie Charlie - 92200 Neuilly-sur-Seine,,,,to_review,TRUE,,,,inactive;needs_review;missing_place_id;invalid_coordinates;invalid_or_missing_arrondissement,
2190,Cabane - 92000 Nanterre,,,,to_review,TRUE,,,,inactive;needs_review;missing_place_id;invalid_coordinates;invalid_or_missing_arrondissement,
2191,Café César - 92110 Clichy,,,,to_review,TRUE,,,,inactive;needs_review;missing_place_id;invalid_coordinates;invalid_or_missing_arrondissement,
2192,Café Lola - 92600 Asnières-sur-Seine,,,,to_review,TRUE,,,,inactive;needs_review;missing_place_id;invalid_coordinates;invalid_or_missing_arrondissement,
2193,Chez Erwan - 78113 Bourdonné,,,,to_review,TRUE,,,,inactive;needs_review;missing_place_id;invalid_coordinates;invalid_or_missing_arrondissement,
2194,Chez Max et Nico - 92100 Boulogne Billancourt,,,,to_review,TRUE,,,,inactive;needs_review;missing_place_id;invalid_coordinates;invalid_or_missing_arrondissement,
2195,Communale - 93400 Saint-Ouen-sur-Seine,,,,to_review,TRUE,,,,inactive;needs_review;missing_place_id;invalid_coordinates;invalid_or_missing_arrondissement,
2196,Crêperie de l’Ancienne Poste - 92 340 Bourg-La-Reine,,,,to_review,TRUE,,,,inactive;needs_review;missing_place_id;invalid_coordinates;invalid_or_missing_arrondissement,
2197,Dar Djerba - 93400 Saint-Ouen,,,,to_review,TRUE,,,,inactive;needs_review;missing_place_id;invalid_coordinates;invalid_or_missing_arrondissement,
2198,Diwali - 92500 Rueil-Malmaison,,,,to_review,TRUE,,,,inactive;needs_review;missing_place_id;invalid_coordinates;invalid_or_missing_arrondissement,
2199,Eugène Eugène - 92800 Puteaux,,,,to_review,TRUE,,,,inactive;needs_review;missing_place_id;invalid_coordinates;invalid_or_missing_arrondissement,
2200,Fuumi - 77300 Fontainebleau,,,,to_review,TRUE,,,,inactive;needs_review;missing_place_id;invalid_coordinates;invalid_or_missing_arrondissement,
2201,Gordon Ramsay au Trianon - 78000 Versailles,,,,to_review,TRUE,,,,inactive;needs_review;missing_place_id;invalid_coordinates;invalid_or_missing_arrondissement,
2202,HaSalon - 93400 Saint-Ouen-sur-Seine,,,,to_review,TRUE,,,,inactive;needs_review;missing_place_id;invalid_coordinates;invalid_or_missing_arrondissement,
2203,IAMM’ IA - 92300 Levallois-Perret,,,,to_review,TRUE,,,,inactive;needs_review;missing_place_id;invalid_coordinates;invalid_or_missing_arrondissement,
2204,IMperfetto – 92800 Puteaux,,,,to_review,TRUE,,,,inactive;needs_review;missing_place_id;invalid_coordinates;invalid_or_missing_arrondissement,
2205,Taberna Londrina Saint-Maur-des-Fossés,,,94210,active,FALSE,ChIJNc53bPYN5kcRVw4thEzbmAE,48.797922,2.5011544,invalid_or_missing_arrondissement,
2206,Karlito - Mob Hotel -  93400 Saint Ouen,,,,to_review,TRUE,,,,inactive;needs_review;missing_place_id;invalid_coordinates;invalid_or_missing_arrondissement,
2207,King David - 92200 Neuilly-sur-Seine,,,,to_review,TRUE,,,,inactive;needs_review;missing_place_id;invalid_coordinates;invalid_or_missing_arrondissement,
2208,l'Axel 1 - 77300 Fontainebleau,,,,to_review,TRUE,,,,inactive;needs_review;missing_place_id;invalid_coordinates;invalid_or_missing_arrondissement,
2209,L'escargot 1903 - 92800 Puteaux,,,,to_review,TRUE,,,,inactive;needs_review;missing_place_id;invalid_coordinates;invalid_or_missing_arrondissement,
2210,L'île - 92130 Issy Les Moulineaux,,,,to_review,TRUE,,,,inactive;needs_review;missing_place_id;invalid_coordinates;invalid_or_missing_arrondissement,
2211,L'Imprévu - 94400 Vitry-sur-Seine,,,,to_review,TRUE,,,,inactive;needs_review;missing_place_id;invalid_coordinates;invalid_or_missing_arrondissement,
2212,L'Inattendu - 94440 Villecresnes,,,,to_review,TRUE,,,,inactive;needs_review;missing_place_id;invalid_coordinates;invalid_or_missing_arrondissement,
2213,La très très bonne pizza,,,,not_relevant,FALSE,,,,inactive;missing_place_id;invalid_coordinates;invalid_or_missing_arrondissement,
2214,L'or Q'idée - 95300 Pontoise,,,,to_review,TRUE,,,,inactive;needs_review;missing_place_id;invalid_coordinates;invalid_or_missing_arrondissement,
2215,Every Meal,,,55113,Active,FALSE,ChIJ2bnBRlMss1IRn9BRfz5t4y0,45.0235,-93.2073,invalid_or_missing_arrondissement,
2216,L'Ours - 94300 Vincennes,,,,to_review,TRUE,,,,inactive;needs_review;missing_place_id;invalid_coordinates;invalid_or_missing_arrondissement,
2217,L'Oxalis - 78117 Toussus-Le-Noble,,,,to_review,TRUE,,,,inactive;needs_review;missing_place_id;invalid_coordinates;invalid_or_missing_arrondissement,
2219,La Cave - 93100 Montreuil,,,,to_review,TRUE,,,,inactive;needs_review;missing_place_id;invalid_coordinates;invalid_or_missing_arrondissement,
2220,La Caverne des Brigands - 77630 Barbizon,,,,to_review,TRUE,,,,inactive;needs_review;missing_place_id;invalid_coordinates;invalid_or_missing_arrondissement,
2221,La Croix Blanche - 77520 Donnemarie-Dontilly,,,,to_review,TRUE,,,,inactive;needs_review;missing_place_id;invalid_coordinates;invalid_or_missing_arrondissement,
2222,La Croix d'Augas - 77300 Fontainebleau,,,,to_review,TRUE,,,,inactive;needs_review;missing_place_id;invalid_coordinates;invalid_or_missing_arrondissement,
2224,La Dame Jouanne - 77760 Larchant,,,,to_review,TRUE,,,,inactive;needs_review;missing_place_id;invalid_coordinates;invalid_or_missing_arrondissement,
2225,La Folie Barbizon - 77630 Barbizon,,,,to_review,TRUE,,,,inactive;needs_review;missing_place_id;invalid_coordinates;invalid_or_missing_arrondissement,
2226,La Machine à Coudes - 92100 Boulogne-Billancourt,,,,to_review,TRUE,,,,inactive;needs_review;missing_place_id;invalid_coordinates;invalid_or_missing_arrondissement,
2227,La Mer à Boire - 92600 Asnières-sur-Seine,,,,to_review,TRUE,,,,inactive;needs_review;missing_place_id;invalid_coordinates;invalid_or_missing_arrondissement,
2228,Tamara,8,Paris,75008,closed,FALSE,ChIJgUqu1Upu5kcRS075UvyRC0Y,48.879491,2.3242978,inactive,
2229,La Poudrière - 92130 Issy-Les-Moulineaux,,,,to_review,TRUE,,,,inactive;needs_review;missing_place_id;invalid_coordinates;invalid_or_missing_arrondissement,
2230,La Raffinerie - 91760 Iitteville,,,,to_review,TRUE,,,,inactive;needs_review;missing_place_id;invalid_coordinates;invalid_or_missing_arrondissement,
2231,Albufera - 92100 Boulogne-Billancourt,,,,to_review,TRUE,,,,inactive;needs_review;missing_place_id;invalid_coordinates;invalid_or_missing_arrondissement,
2232,La Table de Maïna - 92120 Montrouge,,,,to_review,TRUE,,,,inactive;needs_review;missing_place_id;invalid_coordinates;invalid_or_missing_arrondissement,
2233,La Table du 11 - 78000 Versailles,,,,to_review,TRUE,,,,inactive;needs_review;missing_place_id;invalid_coordinates;invalid_or_missing_arrondissement,
2234,La Terrasse de Sauvegrain - Vallée de Chevreuse - 78470 Saint Lambert Des Bois,,,,to_review,TRUE,,,,inactive;needs_review;missing_place_id;invalid_coordinates;invalid_or_missing_arrondissement,
2235,Lafayette - 78000 Versailles,,,,to_review,TRUE,,,,inactive;needs_review;missing_place_id;invalid_coordinates;invalid_or_missing_arrondissement,
2236,LaHaut - 92150 Suresnes,,,,to_review,TRUE,,,,inactive;needs_review;missing_place_id;invalid_coordinates;invalid_or_missing_arrondissement,
2237,Le Bistrot du 11 - 78000 Versailles,,,,to_review,TRUE,,,,inactive;needs_review;missing_place_id;invalid_coordinates;invalid_or_missing_arrondissement,
2238,Le Bouillon du Coq by Thierry Marx - 93400 Saint-Ouen,,,,to_review,TRUE,,,,inactive;needs_review;missing_place_id;invalid_coordinates;invalid_or_missing_arrondissement,
2239,Le Café des Arts - 78000 Versailles,,,,to_review,TRUE,,,,inactive;needs_review;missing_place_id;invalid_coordinates;invalid_or_missing_arrondissement,
2240,Le Coq De Bougival - 78380 BOUGIVAL,,,,to_review,TRUE,,,,inactive;needs_review;missing_place_id;invalid_coordinates;invalid_or_missing_arrondissement,
2241,Le Fer à Cheval - 92210 Saint-Cloud,,,,to_review,TRUE,,,,inactive;needs_review;missing_place_id;invalid_coordinates;invalid_or_missing_arrondissement,
2243,Le K Samois sur seine - 77920 Samois-sur-Seine,,,,to_review,TRUE,,,,inactive;needs_review;missing_place_id;invalid_coordinates;invalid_or_missing_arrondissement,
2244,Le Mak Boucané - 94220 Charenton-le-Pont,,,,to_review,TRUE,,,,inactive;needs_review;missing_place_id;invalid_coordinates;invalid_or_missing_arrondissement,
2246,Le Merelis - 91660 Merville,,,,to_review,TRUE,,,,inactive;needs_review;missing_place_id;invalid_coordinates;invalid_or_missing_arrondissement,
2247,Le Père Joseph - 92500 Rueil-Malmaison,,,,to_review,TRUE,,,,inactive;needs_review;missing_place_id;invalid_coordinates;invalid_or_missing_arrondissement,
2248,Le Quincangrogne - 77400 Dampmart,,,,to_review,TRUE,,,,inactive;needs_review;missing_place_id;invalid_coordinates;invalid_or_missing_arrondissement,
2249,Le Saint Joseph – 92250 La Garenne Colombes,,,,to_review,TRUE,,,,inactive;needs_review;missing_place_id;invalid_coordinates;invalid_or_missing_arrondissement,
2250,Le Seven Up Rooftop - 92100 Boulogne Billancourt,,,,to_review,TRUE,,,,inactive;needs_review;missing_place_id;invalid_coordinates;invalid_or_missing_arrondissement,
2251,Les Hamptons - 92500 Rueil-Malmaison,,,,to_review,TRUE,,,,inactive;needs_review;missing_place_id;invalid_coordinates;invalid_or_missing_arrondissement,
2252,Les Petits Princes - 92150 Suresnes,,,,to_review,TRUE,,,,inactive;needs_review;missing_place_id;invalid_coordinates;invalid_or_missing_arrondissement,
2253,Levain - 92100 Boulogne-Billancourt,,,,to_review,TRUE,,,,inactive;needs_review;missing_place_id;invalid_coordinates;invalid_or_missing_arrondissement,
2254,Maison Fournaise - 78400 Chatou,,,,to_review,TRUE,,,,inactive;needs_review;missing_place_id;invalid_coordinates;invalid_or_missing_arrondissement,
2256,Maison Jaune - 92100 Boulogne-Billancourt,,,,to_review,TRUE,,,,inactive;needs_review;missing_place_id;invalid_coordinates;invalid_or_missing_arrondissement,
2257,Mano - 92100 Boulogne-Billancourt,,,,to_review,TRUE,,,,inactive;needs_review;missing_place_id;invalid_coordinates;invalid_or_missing_arrondissement,
2258,Meïda - 93400 Saint-Ouen-sur-Seine,,,,to_review,TRUE,,,,inactive;needs_review;missing_place_id;invalid_coordinates;invalid_or_missing_arrondissement,
2259,Metà E Metà - 93100 Montreuil,,,,to_review,TRUE,,,,inactive;needs_review;missing_place_id;invalid_coordinates;invalid_or_missing_arrondissement,
2260,Micheline - 92310 Sèvres,,,,to_review,TRUE,,,,inactive;needs_review;missing_place_id;invalid_coordinates;invalid_or_missing_arrondissement,
2261,Morso - 92100 Boulogne-Billancourt,,,,to_review,TRUE,,,,inactive;needs_review;missing_place_id;invalid_coordinates;invalid_or_missing_arrondissement,
2262,Ochre - 92500 Rueil-Malmaison,,,,to_review,TRUE,,,,inactive;needs_review;missing_place_id;invalid_coordinates;invalid_or_missing_arrondissement,
2263,Octopus Paris - 92800 Puteaux,,,,to_review,TRUE,,,,inactive;needs_review;missing_place_id;invalid_coordinates;invalid_or_missing_arrondissement,
2264,Orient Extrême - 92200 Neuilly-sur-Seine,,,,to_review,TRUE,,,,inactive;needs_review;missing_place_id;invalid_coordinates;invalid_or_missing_arrondissement,
2265,Pincemin - 78000 Versailles,,,,to_review,TRUE,,,,inactive;needs_review;missing_place_id;invalid_coordinates;invalid_or_missing_arrondissement,
2266,Pinzutu - 92200 Neuilly sur Seine,,,,to_review,TRUE,,,,inactive;needs_review;missing_place_id;invalid_coordinates;invalid_or_missing_arrondissement,
2267,Plantxa - 92100 Boulogne-Billancourt,,,,to_review,TRUE,,,,inactive;needs_review;missing_place_id;invalid_coordinates;invalid_or_missing_arrondissement,
2268,Polpo - 92300 Levallois-Perret,,,,to_review,TRUE,,,,inactive;needs_review;missing_place_id;invalid_coordinates;invalid_or_missing_arrondissement,
2269,Rhapsody - 92600 Asnières Sur Seine,,,,to_review,TRUE,,,,inactive;needs_review;missing_place_id;invalid_coordinates;invalid_or_missing_arrondissement,
2270,Ribote - 92200 Neuilly-sur-Seine,,,,to_review,TRUE,,,,inactive;needs_review;missing_place_id;invalid_coordinates;invalid_or_missing_arrondissement,
2271,River Café - 92130 Issy-les-Moulineaux,,,,to_review,TRUE,,,,inactive;needs_review;missing_place_id;invalid_coordinates;invalid_or_missing_arrondissement,
2272,Rosa Bonheur à l'Ouest  - 92600 Asnières-sur-Seine,,,,to_review,TRUE,,,,inactive;needs_review;missing_place_id;invalid_coordinates;invalid_or_missing_arrondissement,
2273,Rosette - 92110 Clichy,,,,to_review,TRUE,,,,inactive;needs_review;missing_place_id;invalid_coordinates;invalid_or_missing_arrondissement,
2274,Sack's - 94120 Fontenay-Sous-Bois,,,,to_review,TRUE,,,,inactive;needs_review;missing_place_id;invalid_coordinates;invalid_or_missing_arrondissement,
2275,Saperlipopette - 92800 Puteaux,,,,to_review,TRUE,,,,inactive;needs_review;missing_place_id;invalid_coordinates;invalid_or_missing_arrondissement,
2276,Sapristi - 92500 Rueil-Malmaison,,,,to_review,TRUE,,,,inactive;needs_review;missing_place_id;invalid_coordinates;invalid_or_missing_arrondissement,
2277,Sébillon 92200 - Neuilly-sur-seine,,,,to_review,TRUE,,,,inactive;needs_review;missing_place_id;invalid_coordinates;invalid_or_missing_arrondissement,
2278,Sidi Bou Aubervilliers - 93300 Aubervilliers,,,,to_review,TRUE,,,,inactive;needs_review;missing_place_id;invalid_coordinates;invalid_or_missing_arrondissement,
2279,Sienne - 92210 Saint-Cloud,,,,to_review,TRUE,,,,inactive;needs_review;missing_place_id;invalid_coordinates;invalid_or_missing_arrondissement,
2280,Splash & Chez Monix - 92600 Asnières-Sur-Seine,,,,to_review,TRUE,,,,inactive;needs_review;missing_place_id;invalid_coordinates;invalid_or_missing_arrondissement,
2281,Tata Yoyo - 92250 la Garenne Colombes,,,,to_review,TRUE,,,,inactive;needs_review;missing_place_id;invalid_coordinates;invalid_or_missing_arrondissement,
2282,Vertus - 92100 Boulogne-Billancourt,,,,to_review,TRUE,,,,inactive;needs_review;missing_place_id;invalid_coordinates;invalid_or_missing_arrondissement,
2283,Villa9Trois - 93100 Montreuil,,,,to_review,TRUE,,,,inactive;needs_review;missing_place_id;invalid_coordinates;invalid_or_missing_arrondissement,
2284,Vincennes Sauvage - 94300 Vincennes,,,,to_review,TRUE,,,,inactive;needs_review;missing_place_id;invalid_coordinates;invalid_or_missing_arrondissement,
2285,Yaya - 93400 Saint-Ouen,,,,to_review,TRUE,,,,inactive;needs_review;missing_place_id;invalid_coordinates;invalid_or_missing_arrondissement,
2286,YAYA La Défense - 92800 Puteaux,,,,to_review,TRUE,,,,inactive;needs_review;missing_place_id;invalid_coordinates;invalid_or_missing_arrondissement,
2287,Yushin - 92200 Neuilly-sur-Seine,,,,to_review,TRUE,,,,inactive;needs_review;missing_place_id;invalid_coordinates;invalid_or_missing_arrondissement,
2288,Rio Dos Camaraos - 93100 Montreuil,,,,to_review,TRUE,,,,inactive;needs_review;missing_place_id;invalid_coordinates;invalid_or_missing_arrondissement,
2289,A la Source - 94150 Rungis,,,,to_review,TRUE,,,,inactive;needs_review;missing_place_id;invalid_coordinates;invalid_or_missing_arrondissement,
2290,Les Tontons de Neuilly - 92200 Neuilly sur Seine,,,,to_review,TRUE,,,,inactive;needs_review;missing_place_id;invalid_coordinates;invalid_or_missing_arrondissement,
2291,Chou de Chanorier - 78290 Croissy-sur-Seine,,,,to_review,TRUE,,,,inactive;needs_review;missing_place_id;invalid_coordinates;invalid_or_missing_arrondissement,
2292,Le Bon Bœuf Bourguignon,,,,to_review,TRUE,,,,inactive;needs_review;missing_place_id;invalid_coordinates;invalid_or_missing_arrondissement,
2293,Les Relais Routiers en ligne,,,,to_review,TRUE,,,,inactive;needs_review;missing_place_id;invalid_coordinates;invalid_or_missing_arrondissement,
2294,La Cantine Farmers,,,,to_review,TRUE,,,,inactive;needs_review;missing_place_id;invalid_coordinates;invalid_or_missing_arrondissement,
2295,"Do et Riz - Accueil - Paris - Menu, prix, avis sur le restaurant",,,,to_review,TRUE,,,,inactive;needs_review;missing_place_id;invalid_coordinates;invalid_or_missing_arrondissement,
2296,Gruppomino,,,,to_review,TRUE,,,,inactive;needs_review;missing_place_id;invalid_coordinates;invalid_or_missing_arrondissement,
2297,Le Petit Curieux,,,,to_review,TRUE,,,,inactive;needs_review;missing_place_id;invalid_coordinates;invalid_or_missing_arrondissement,
2298,Benoit,,,,to_review,TRUE,,,,inactive;needs_review;missing_place_id;invalid_coordinates;invalid_or_missing_arrondissement,
2299,Hélène Darroze,,,,to_review,TRUE,,,,inactive;needs_review;missing_place_id;invalid_coordinates;invalid_or_missing_arrondissement,
2301,Tasty Trip Paris 10,,,,to_review,TRUE,,,,inactive;needs_review;missing_place_id;invalid_coordinates;invalid_or_missing_arrondissement,
2302,Tomette,,,,to_review,TRUE,,,,inactive;needs_review;missing_place_id;invalid_coordinates;invalid_or_missing_arrondissement,
2303,Finka,,,,to_review,TRUE,,,,inactive;needs_review;missing_place_id;invalid_coordinates;invalid_or_missing_arrondissement,
2304,oysterclub.fr,,,,to_review,TRUE,,,,inactive;needs_review;missing_place_id;invalid_coordinates;invalid_or_missing_arrondissement,
2305,lecostaud,,,,to_review,TRUE,,,,inactive;needs_review;missing_place_id;invalid_coordinates;invalid_or_missing_arrondissement,
2306,La Pepite - Paris 9 - Chicken Nuggets,,,,to_review,TRUE,,,,inactive;needs_review;missing_place_id;invalid_coordinates;invalid_or_missing_arrondissement,
2307,Magna - Paris 9 - Pizza,,,,to_review,TRUE,,,,inactive;needs_review;missing_place_id;invalid_coordinates;invalid_or_missing_arrondissement,
2308,Cafe Lai'Tcha,,,,to_review,TRUE,,,,inactive;needs_review;missing_place_id;invalid_coordinates;invalid_or_missing_arrondissement,
2309,Madame Rêve Café,,,,to_review,TRUE,,,,inactive;needs_review;missing_place_id;invalid_coordinates;invalid_or_missing_arrondissement,
2310,Homer Lobster Marais,,,,to_review,TRUE,,,,inactive;needs_review;missing_place_id;invalid_coordinates;invalid_or_missing_arrondissement,
2311,"Miznon Paris - Accueil - Paris - Menu, prix, avis sur le restaurant",,,,to_review,TRUE,,,,inactive;needs_review;missing_place_id;invalid_coordinates;invalid_or_missing_arrondissement,
2312,5 baht - Accueil,,,,to_review,TRUE,,,,inactive;needs_review;missing_place_id;invalid_coordinates;invalid_or_missing_arrondissement,
2313,Atsushi Tanaka (AT),,,,to_review,TRUE,,,,inactive;needs_review;missing_place_id;invalid_coordinates;invalid_or_missing_arrondissement,
2314,Le Bel ordinaire,,,,to_review,TRUE,,,,inactive;needs_review;missing_place_id;invalid_coordinates;invalid_or_missing_arrondissement,
2315,Kitchen Galerie Bis,,,,to_review,TRUE,,,,inactive;needs_review;missing_place_id;invalid_coordinates;invalid_or_missing_arrondissement,
2316,Volver Dauphine,,,,to_review,TRUE,,,,inactive;needs_review;missing_place_id;invalid_coordinates;invalid_or_missing_arrondissement,
2317,Unico Rive Gauche,,,,to_review,TRUE,,,,inactive;needs_review;missing_place_id;invalid_coordinates;invalid_or_missing_arrondissement,
2318,Marais - LES PINCES - RESTAURANT DE HOMARD PARIS,,,,to_review,TRUE,,,,inactive;needs_review;missing_place_id;invalid_coordinates;invalid_or_missing_arrondissement,
2319,Restaurant 5 baht (75004 Paris) - Newtable.com,,,,to_review,TRUE,,,,inactive;needs_review;missing_place_id;invalid_coordinates;invalid_or_missing_arrondissement,
2320,Le Petit Beefbar,,,,to_review,TRUE,,,,inactive;needs_review;missing_place_id;invalid_coordinates;invalid_or_missing_arrondissement,
2321,Junglii Indian Street Food,,,,to_review,TRUE,,,,inactive;needs_review;missing_place_id;invalid_coordinates;invalid_or_missing_arrondissement,
2322,Ozlem Doner,,,,to_review,TRUE,,,,inactive;needs_review;missing_place_id;invalid_coordinates;invalid_or_missing_arrondissement,
2323,Bienvenue à The Place to...,,,,to_review,TRUE,,,,inactive;needs_review;missing_place_id;invalid_coordinates;invalid_or_missing_arrondissement,
2324,Eats Thyme - Paris 1 - Lebanese,,,,to_review,TRUE,,,,inactive;needs_review;missing_place_id;invalid_coordinates;invalid_or_missing_arrondissement,
2325,"IPPUDO - Paris 1, 6 & 10 - Japanese",,,,to_review,TRUE,,,,inactive;needs_review;missing_place_id;invalid_coordinates;invalid_or_missing_arrondissement,
2326,Hectar,,,,to_review,TRUE,,,,inactive;needs_review;missing_place_id;invalid_coordinates;invalid_or_missing_arrondissement,
2327,Quelque Part Les Abysses,,,,to_review,TRUE,,,,inactive;needs_review;missing_place_id;invalid_coordinates;invalid_or_missing_arrondissement,
2328,Le Rhino Rouge,,,,to_review,TRUE,,,,inactive;needs_review;missing_place_id;invalid_coordinates;invalid_or_missing_arrondissement,
2329,Accueil — Passerini,,,,to_review,TRUE,,,,inactive;needs_review;missing_place_id;invalid_coordinates;invalid_or_missing_arrondissement,
2330,Brutus Gaité,,,,to_review,TRUE,,,,inactive;needs_review;missing_place_id;invalid_coordinates;invalid_or_missing_arrondissement,
2331,"Auberge saint jean de luz ""chez Coco""",,,,to_review,TRUE,,,,inactive;needs_review;missing_place_id;invalid_coordinates;invalid_or_missing_arrondissement,
2332,La Suite Girafe,,,,to_review,TRUE,,,,inactive;needs_review;missing_place_id;invalid_coordinates;invalid_or_missing_arrondissement,
2333,Restaurant Le Faham – par Kelly Rangama,,,,to_review,TRUE,,,,inactive;needs_review;missing_place_id;invalid_coordinates;invalid_or_missing_arrondissement,
2334,Chez toto Batignolles – Cuisine de partage et de caractère,,,,to_review,TRUE,,,,inactive;needs_review;missing_place_id;invalid_coordinates;invalid_or_missing_arrondissement,
2335,Little Baobei - Paris 9 - Chinese,,,,to_review,TRUE,,,,inactive;needs_review;missing_place_id;invalid_coordinates;invalid_or_missing_arrondissement,
2336,Mazeh - Iranian - Paris 15,,,,to_review,TRUE,,,,inactive;needs_review;missing_place_id;invalid_coordinates;invalid_or_missing_arrondissement,
2338,Nour Comptoir - Paris 11 - Israeli,,,,to_review,TRUE,,,,inactive;needs_review;missing_place_id;invalid_coordinates;invalid_or_missing_arrondissement,
2339,Baosian,,,,to_review,TRUE,,,,inactive;needs_review;missing_place_id;invalid_coordinates;invalid_or_missing_arrondissement,
2340,Joysters,,,,to_review,TRUE,,,,inactive;needs_review;missing_place_id;invalid_coordinates;invalid_or_missing_arrondissement,
2341,L'innocence,,,,to_review,TRUE,,,,inactive;needs_review;missing_place_id;invalid_coordinates;invalid_or_missing_arrondissement,
2342,Ter,,,,to_review,TRUE,,,,inactive;needs_review;missing_place_id;invalid_coordinates;invalid_or_missing_arrondissement,
2343,La Démesure Sur Seine - Est,,,,to_review,TRUE,,,,inactive;needs_review;missing_place_id;invalid_coordinates;invalid_or_missing_arrondissement,
2344,A Mi-Chemin,,,,to_review,TRUE,,,,inactive;needs_review;missing_place_id;invalid_coordinates;invalid_or_missing_arrondissement,
2345,Antalya,,,,to_review,TRUE,,,,inactive;needs_review;missing_place_id;invalid_coordinates;invalid_or_missing_arrondissement,
2346,Riv'K,,,,to_review,TRUE,,,,inactive;needs_review;missing_place_id;invalid_coordinates;invalid_or_missing_arrondissement,
2347,Rehov Charlotte - Secret Dinner Paris for 6,,,,to_review,TRUE,,,,inactive;needs_review;missing_place_id;invalid_coordinates;invalid_or_missing_arrondissement,
2349,Dixner - Dinner with Strangers in Paris,,,,to_review,TRUE,,,,inactive;needs_review;missing_place_id;invalid_coordinates;invalid_or_missing_arrondissement,
2350,4<,,,,to_review,TRUE,,,,inactive;needs_review;missing_place_id;invalid_coordinates;invalid_or_missing_arrondissement,
2351,"GARE AU GORILLE I Site officiel, avis, prix et réservation en ligne",,,,to_review,TRUE,,,,inactive;needs_review;missing_place_id;invalid_coordinates;invalid_or_missing_arrondissement,
2353,Polpo Brasserie,,Levallois-Perret,92300,active,FALSE,ChIJzXaj139v5kcRc6dd8aEdUS4,48.9002427,2.2807299,invalid_or_missing_arrondissement,
